Repetition,ScalarGuarded_ns,Scalar_ns,AVX1_128_SIMDE_ns,AVX2_ns,AVX512_NoTern_ns,AVX512_Tern_ns,AVX512_Vpopcnt_ns,NEON_SIMDE_ns,Libpopcnt_ns
1,37551.00,44405.00,119119.00,57018.00,31421.00,13645.00,225174.00,852823.00,93546.00
2,36514.00,28507.00,101129.00,61842.00,58305.00,13253.00,218311.00,872498.00,59034.00
3,38794.00,29880.00,115485.00,55478.00,30354.00,13244.00,236015.00,850431.00,88995.00
4,35799.00,27656.00,98143.00,60299.00,58932.00,13555.00,248175.00,888327.00,57467.00
5,47129.00,29111.00,132827.00,72314.00,82906.00,13238.00,219178.00,834713.00,88798.00
6,35685.00,27681.00,97859.00,60379.00,54407.00,24599.00,237906.00,838150.00,54594.00
7,35834.00,27653.00,97884.00,65295.00,61499.00,12481.00,225430.00,853988.00,72298.00
8,35807.00,27655.00,102101.00,60243.00,54284.00,13985.00,228079.00,892590.00,68638.00
9,37315.00,29166.00,102115.00,55625.00,30317.00,13200.00,216379.00,880438.00,69620.00
10,53145.00,26981.00,123396.00,61382.00,67816.00,14311.00,244086.00,875429.00,60910.00
11,38628.00,30161.00,115015.00,83490.00,31193.00,13847.00,234207.00,859958.00,66614.00
12,35021.00,40905.00,114548.00,61172.00,54365.00,14028.00,229259.00,882886.00,63123.00
13,38503.00,30038.00,105259.00,58076.00,31733.00,13826.00,232977.00,896916.00,59648.00
14,38770.00,45395.00,142959.00,58133.00,31793.00,13680.00,240137.00,924939.00,59649.00
15,37329.00,29064.00,103010.00,63163.00,30375.00,13213.00,237600.00,855618.00,77220.00
16,31741.00,24560.00,86932.00,56952.00,79365.00,13233.00,226038.00,880162.00,59131.00
17,38710.00,30109.00,113441.00,55453.00,30496.00,13287.00,216564.00,885233.00,65216.00
18,31837.00,24432.00,107586.00,58802.00,63224.00,29304.00,221966.00,877803.00,79249.00
19,35669.00,27631.00,97967.00,60445.00,61234.00,13830.00,222639.00,860731.00,60478.00
20,35906.00,39069.00,98340.00,69274.00,56675.00,13274.00,240858.00,862577.00,72093.00
21,35674.00,27665.00,98454.00,70387.00,61712.00,13356.00,264840.00,899809.00,59685.00
22,38541.00,29935.00,105822.00,64856.00,31333.00,13532.00,226663.00,927454.00,59036.00
23,38637.00,29851.00,105985.00,65022.00,31344.00,23932.00,216225.00,884871.00,54983.00
24,76889.00,229737.00,101208.00,71085.00,30410.00,13270.00,224367.00,816458.00,57604.00
25,46932.00,29035.00,98400.00,52811.00,28924.00,12622.00,236144.00,881517.00,57746.00
26,37506.00,29087.00,134006.00,74313.00,64800.00,13557.00,230026.00,867556.00,57622.00
27,37743.00,29185.00,109211.00,52721.00,28911.00,12633.00,205440.00,869434.00,55290.00
28,35592.00,27611.00,98825.00,52860.00,28924.00,12570.00,227961.00,807743.00,64631.00
29,35021.00,24665.00,109052.00,58763.00,53175.00,13308.00,221728.00,821183.00,67192.00
30,35578.00,27729.00,98047.00,52728.00,45121.00,13308.00,231864.00,908660.00,81226.00
31,35725.00,27664.00,102483.00,60312.00,62711.00,13551.00,231651.00,908254.00,68277.00
32,35631.00,38483.00,97823.00,52773.00,28881.00,21653.00,205345.00,919760.00,59270.00
33,38754.00,29965.00,119607.00,55639.00,30427.00,13416.00,223002.00,816043.00,57569.00
34,37653.00,29268.00,103366.00,63654.00,45894.00,13161.00,215921.00,849852.00,54580.00
35,45317.00,27795.00,102523.00,67340.00,50589.00,12573.00,230038.00,804759.00,86108.00
36,34958.00,26873.00,95027.00,58746.00,70168.00,12500.00,205321.00,864116.00,57535.00
37,37745.00,29099.00,102292.00,55649.00,37015.00,13290.00,280437.00,881643.00,70122.00
38,51026.00,30805.00,97896.00,73841.00,63919.00,13207.00,225451.00,856856.00,57460.00
39,37598.00,29093.00,120829.00,75804.00,31188.00,13606.00,274049.00,820762.00,66293.00
40,31960.00,24758.00,110806.00,58817.00,54111.00,13235.00,222563.00,821811.00,67532.00
41,35571.00,27622.00,97732.00,52886.00,28916.00,12595.00,205405.00,903901.00,81352.00
42,35631.00,27538.00,98162.00,65634.00,60665.00,14027.00,234441.00,875989.00,73133.00
43,35682.00,27527.00,107161.00,58845.00,54408.00,13219.00,236968.00,941992.00,59455.00
44,38637.00,29864.00,106324.00,61816.00,31336.00,13685.00,236741.00,865119.00,70714.00
45,34737.00,27013.00,98828.00,53585.00,51354.00,12620.00,205275.00,862975.00,58944.00
46,45295.00,46978.00,115279.00,73908.00,70320.00,13946.00,264172.00,879996.00,81846.00
47,35772.00,27628.00,106649.00,58905.00,63726.00,12536.00,205252.00,836880.00,54616.00
48,44411.00,45534.00,127909.00,72984.00,58770.00,13498.00,229820.00,910124.00,59173.00
49,38764.00,29975.00,106353.00,66072.00,30460.00,13216.00,223592.00,861143.00,54832.00
50,43868.00,27698.00,102580.00,66216.00,51778.00,12519.00,210775.00,787260.00,67282.00
51,31557.00,24437.00,87158.00,53595.00,52061.00,12498.00,205281.00,822848.00,65671.00
52,35586.00,27696.00,97413.00,52896.00,28851.00,12609.00,205028.00,810786.00,68235.00
53,34887.00,26941.00,96073.00,58757.00,53404.00,13169.00,245044.00,899715.00,72960.00
54,35616.00,27611.00,98197.00,69950.00,63881.00,13246.00,216092.00,869668.00,57680.00
55,42220.00,39198.00,102200.00,66213.00,52103.00,12558.00,233974.00,908798.00,68167.00
56,37505.00,29169.00,102809.00,64646.00,28932.00,12638.00,205256.00,839999.00,59021.00
57,53555.00,40030.00,114347.00,55674.00,30396.00,13232.00,238594.00,843300.00,83004.00
58,34952.00,42673.00,95214.00,58828.00,52857.00,13272.00,218368.00,836987.00,54737.00
59,35661.00,27643.00,116273.00,56920.00,80239.00,13262.00,239700.00,833856.00,65804.00
60,31587.00,24523.00,114044.00,60215.00,53199.00,13509.00,229129.00,859615.00,77877.00
61,37539.00,44133.00,103280.00,55669.00,30565.00,13402.00,216985.00,888248.00,79978.00
62,34894.00,27072.00,114457.00,70505.00,52310.00,13310.00,245796.00,846697.00,57773.00
63,37603.00,29027.00,103594.00,64432.00,29044.00,12654.00,205287.00,864595.00,69426.00
64,34753.00,26966.00,95254.00,58901.00,61958.00,29100.00,280930.00,900649.00,60802.00
65,39910.00,30750.00,108927.00,66687.00,32451.00,14116.00,271536.00,913648.00,83229.00
66,43706.00,27591.00,119381.00,60510.00,53649.00,13611.00,246131.00,845868.00,73953.00
67,48437.00,29888.00,120965.00,57118.00,31282.00,13529.00,235079.00,908983.00,74580.00
68,31700.00,24666.00,90202.00,71758.00,52839.00,13169.00,216100.00,841217.00,57489.00
69,37723.00,28985.00,103659.00,55495.00,30453.00,13208.00,216271.00,899325.00,68489.00
70,34925.00,26973.00,112168.00,60196.00,53534.00,18076.00,222105.00,855238.00,76432.00
71,34681.00,37943.00,95351.00,58825.00,54128.00,13275.00,216787.00,882435.00,57460.00
72,47051.00,29112.00,128623.00,74290.00,64606.00,13633.00,259263.00,839760.00,71330.00
73,34831.00,26991.00,95447.00,69121.00,58663.00,12526.00,205253.00,793757.00,54553.00
74,35718.00,27705.00,99269.00,76428.00,50683.00,12532.00,208616.00,787228.00,64891.00
75,31860.00,24542.00,89907.00,53606.00,57948.00,12535.00,205268.00,850515.00,59154.00
76,38668.00,29921.00,116679.00,65726.00,28819.00,12483.00,246837.00,920527.00,57330.00
77,37611.00,29051.00,102473.00,55667.00,50850.00,13513.00,227271.00,943501.00,73997.00
78,35801.00,27761.00,107121.00,58690.00,61065.00,13285.00,277902.00,884863.00,71071.00
79,34886.00,27011.00,106190.00,58748.00,52612.00,13217.00,230458.00,837715.00,57413.00
80,37477.00,29310.00,110725.00,52724.00,28865.00,12745.00,205076.00,873108.00,57604.00
81,60940.00,29132.00,115245.00,75922.00,59176.00,13609.00,221932.00,853529.00,73500.00
82,35607.00,27779.00,107424.00,58846.00,52711.00,13171.00,218944.00,905653.00,59306.00
83,48886.00,29675.00,112240.00,87566.00,52275.00,13231.00,240579.00,884923.00,71740.00
84,35946.00,27748.00,108504.00,67840.00,51850.00,12492.00,226322.00,908480.00,57461.00
85,37459.00,29083.00,108672.00,52738.00,28811.00,12544.00,232713.00,802543.00,67187.00
86,31593.00,24550.00,106562.00,58753.00,60104.00,13270.00,216067.00,899252.00,57474.00
87,37657.00,29154.00,106698.00,78754.00,58812.00,13194.00,240198.00,893566.00,87668.00
88,35660.00,27712.00,97896.00,77345.00,68251.00,13592.00,221946.00,897371.00,57604.00
89,37610.00,29151.00,118885.00,57145.00,31225.00,13627.00,226352.00,931296.00,59269.00
90,38479.00,29998.00,105958.00,57028.00,45819.00,13642.00,244452.00,902250.00,57741.00
91,37501.00,29014.00,118563.00,55595.00,30488.00,13257.00,236590.00,874815.00,91409.00
92,34843.00,27113.00,113458.00,60235.00,70540.00,13123.00,216079.00,879374.00,66005.00
93,35841.00,27670.00,111929.00,66536.00,51595.00,12598.00,208881.00,787256.00,65221.00
94,31692.00,24705.00,90532.00,53661.00,50811.00,12564.00,205312.00,793658.00,54797.00
95,35715.00,27568.00,97978.00,52798.00,28909.00,12559.00,205347.00,793336.00,54744.00
96,35595.00,27625.00,127458.00,72853.00,66952.00,13253.00,237060.00,828555.00,69484.00
97,31860.00,24474.00,86941.00,53511.00,52494.00,12524.00,205288.00,794507.00,54499.00
98,35840.00,27716.00,98700.00,52690.00,28956.00,12577.00,205259.00,793883.00,54553.00
99,42668.00,27661.00,126338.00,83075.00,52566.00,13145.00,241305.00,956006.00,71187.00
100,35561.00,27700.00,97624.00,69244.00,60482.00,13166.00,236216.00,860118.00,68033.00
101,34719.00,27017.00,95745.00,58701.00,52852.00,16475.00,245919.00,918767.00,58909.00
102,38615.00,29957.00,106565.00,57032.00,41550.00,13271.00,216218.00,891243.00,54843.00
103,35517.00,27614.00,100210.00,76177.00,57385.00,12495.00,239648.00,866923.00,62249.00
104,37482.00,29369.00,102398.00,55621.00,30540.00,13257.00,216543.00,875713.00,57579.00
105,37662.00,29075.00,121041.00,73549.00,70769.00,12528.00,233337.00,909046.00,59054.00
106,38596.00,30002.00,105825.00,66772.00,30533.00,13218.00,215917.00,917073.00,59293.00
107,64646.00,30050.00,141083.00,75132.00,52284.00,13266.00,255541.00,841905.00,70107.00
108,34843.00,26926.00,95877.00,58903.00,70401.00,12563.00,205438.00,832433.00,54671.00
109,35631.00,27515.00,111084.00,74210.00,50403.00,12533.00,225895.00,807911.00,65123.00
110,35114.00,24492.00,110814.00,58883.00,53800.00,13172.00,219402.00,882026.00,59242.00
111,38719.00,30022.00,105955.00,73645.00,31205.00,13594.00,222274.00,857354.00,65279.00
112,31755.00,24564.00,87130.00,74618.00,52950.00,13183.00,220353.00,914237.00,59312.00
113,38618.00,29928.00,105868.00,57102.00,31241.00,13622.00,257188.00,879826.00,54409.00
114,35610.00,27616.00,112184.00,89158.00,63197.00,13256.00,225371.00,793805.00,54798.00
115,35693.00,27572.00,98635.00,52714.00,28828.00,12524.00,205318.00,793620.00,54636.00
116,35681.00,27645.00,110450.00,67192.00,59884.00,12621.00,225748.00,813008.00,64672.00
117,31818.00,24481.00,89412.00,53502.00,50561.00,12549.00,205285.00,793860.00,54514.00
118,35813.00,27602.00,98737.00,52841.00,28834.00,12623.00,221098.00,874224.00,54535.00
119,43794.00,27619.00,102450.00,71625.00,50444.00,12574.00,233552.00,808992.00,71964.00
120,31653.00,24539.00,87271.00,53529.00,58534.00,12520.00,205261.00,793702.00,54469.00
121,35708.00,27662.00,99079.00,52604.00,28898.00,12573.00,205256.00,793751.00,73865.00
122,31795.00,24571.00,87644.00,53602.00,55466.00,15549.00,205257.00,875602.00,83470.00
123,45838.00,27764.00,113742.00,60217.00,54144.00,13607.00,230066.00,897798.00,54701.00
124,31747.00,36050.00,86833.00,53494.00,50261.00,12590.00,231836.00,885551.00,59340.00
125,38513.00,29836.00,105740.00,57043.00,31238.00,13539.00,234780.00,793892.00,54552.00
126,35614.00,27617.00,98078.00,65032.00,51737.00,12639.00,205255.00,793606.00,65384.00
127,31893.00,24523.00,87649.00,56445.00,51449.00,12547.00,205267.00,789965.00,65352.00
128,31737.00,24644.00,86864.00,53561.00,51858.00,12559.00,205297.00,840321.00,54783.00
129,35862.00,27732.00,97958.00,93924.00,50525.00,12560.00,208086.00,839449.00,57551.00
130,41850.00,29079.00,121045.00,57050.00,31210.00,13535.00,231165.00,832729.00,66130.00
131,35538.00,27643.00,98559.00,52715.00,28862.00,12583.00,205072.00,793988.00,55885.00
132,31613.00,35827.00,86775.00,53594.00,59941.00,12542.00,208711.00,787277.00,67190.00
133,31746.00,24561.00,87020.00,53543.00,51753.00,12499.00,205278.00,811139.00,57369.00
134,37594.00,29137.00,102373.00,55596.00,30378.00,13254.00,241762.00,886972.00,71729.00
135,35445.00,27760.00,98374.00,63216.00,73549.00,13235.00,222814.00,853602.00,59028.00
136,38542.00,29921.00,114874.00,55526.00,30519.00,23735.00,205268.00,838015.00,54695.00
137,41562.00,27595.00,102296.00,66262.00,51357.00,12448.00,208582.00,787203.00,68172.00
138,31820.00,24626.00,86697.00,53466.00,52094.00,12409.00,205269.00,793349.00,54631.00
139,35822.00,27512.00,98762.00,52738.00,28906.00,12546.00,205268.00,837317.00,65247.00
140,31541.00,24509.00,86726.00,53596.00,50407.00,12571.00,208762.00,787552.00,84266.00
141,34902.00,27119.00,96244.00,58852.00,54060.00,13244.00,219066.00,893853.00,54666.00
142,35999.00,27672.00,97747.00,65150.00,52370.00,12518.00,207660.00,787476.00,73080.00
143,31579.00,24587.00,89952.00,53527.00,56672.00,12543.00,205252.00,790107.00,64439.00
144,31805.00,24686.00,87244.00,53505.00,55050.00,12514.00,205271.00,793742.00,54586.00
145,35731.00,27571.00,100977.00,76209.00,50851.00,12527.00,208527.00,787072.00,65424.00
146,31669.00,24527.00,89897.00,53510.00,50878.00,12538.00,205269.00,874301.00,59140.00
147,38467.00,29944.00,106190.00,57061.00,31236.00,13633.00,222023.00,904769.00,79653.00
148,31796.00,24835.00,87818.00,53571.00,61082.00,28987.00,215880.00,803674.00,66864.00
149,31522.00,24538.00,87069.00,53606.00,51039.00,12559.00,205284.00,793846.00,54582.00
150,35771.00,27692.00,98274.00,53689.00,62540.00,12536.00,205292.00,797129.00,65471.00
151,31735.00,24702.00,87258.00,56230.00,51366.00,12574.00,205258.00,790110.00,65651.00
152,31827.00,24632.00,86580.00,53481.00,51675.00,12514.00,205277.00,793699.00,54395.00
153,35898.00,27627.00,97585.00,71867.00,97989.00,13606.00,225573.00,840905.00,66429.00
154,31827.00,24503.00,112351.00,58734.00,54090.00,13165.00,224277.00,793309.00,54524.00
155,35587.00,27730.00,98886.00,52804.00,28889.00,12530.00,205264.00,792550.00,54497.00
156,35756.00,27761.00,113083.00,67329.00,50393.00,12567.00,208454.00,787955.00,64731.00
157,34593.00,24625.00,87086.00,53653.00,51073.00,12532.00,205611.00,894003.00,59146.00
158,37681.00,40469.00,109989.00,52808.00,28915.00,12677.00,205463.00,911138.00,100981.00
159,35730.00,27621.00,103187.00,60215.00,68339.00,13952.00,237420.00,877496.00,68991.00
160,47289.00,28933.00,97775.00,52861.00,28910.00,12571.00,205452.00,794365.00,63752.00
161,31807.00,24599.00,87277.00,53522.00,50979.00,12531.00,208589.00,787254.00,67277.00
162,31890.00,24566.00,87145.00,53599.00,50522.00,12545.00,205296.00,793622.00,54492.00
163,35692.00,27726.00,98627.00,52595.00,28859.00,12465.00,231026.00,913477.00,65224.00
164,31856.00,24585.00,87486.00,56752.00,66856.00,13228.00,216053.00,804021.00,66705.00
165,31592.00,24618.00,87095.00,53646.00,51266.00,12533.00,205259.00,837078.00,54786.00
166,35944.00,27652.00,113180.00,67675.00,50621.00,12593.00,227508.00,804480.00,65615.00
167,34649.00,24616.00,86855.00,53506.00,50762.00,12566.00,205243.00,793584.00,54458.00
168,35688.00,27659.00,98455.00,52824.00,28809.00,12560.00,205243.00,793598.00,54551.00
169,52325.00,27668.00,123352.00,72050.00,65592.00,13534.00,251798.00,828768.00,83531.00
170,34750.00,26954.00,96097.00,76160.00,70421.00,13187.00,243622.00,878247.00,57503.00
171,38558.00,45899.00,124568.00,97783.00,54268.00,13545.00,226627.00,817972.00,73106.00
172,32005.00,24604.00,86540.00,53465.00,58710.00,12520.00,205261.00,793350.00,54408.00
173,35750.00,27772.00,97549.00,52704.00,28918.00,12480.00,205312.00,793520.00,73827.00
174,31625.00,24616.00,88031.00,53619.00,50673.00,15653.00,205342.00,847339.00,77250.00
175,35732.00,27615.00,97518.00,60258.00,68201.00,13499.00,233037.00,837271.00,54353.00
176,35468.00,27612.00,113155.00,68446.00,56249.00,12534.00,208033.00,787257.00,75051.00
177,34576.00,24661.00,86342.00,53543.00,51543.00,12528.00,205272.00,793742.00,54543.00
178,35545.00,27604.00,98523.00,52759.00,28897.00,12591.00,205247.00,837861.00,54691.00
179,53333.00,27676.00,122652.00,71726.00,52802.00,13179.00,220795.00,787395.00,67399.00
180,31694.00,24521.00,87106.00,53590.00,50899.00,12589.00,205277.00,908959.00,57558.00
181,48125.00,29034.00,98082.00,53849.00,61153.00,12561.00,205278.00,832811.00,65064.00
182,31918.00,24705.00,90877.00,53555.00,64380.00,12567.00,228694.00,865530.00,59013.00
183,38738.00,29846.00,105996.00,57110.00,31235.00,13628.00,221665.00,874632.00,82139.00
184,34866.00,27001.00,95669.00,65964.00,86876.00,13271.00,216058.00,802173.00,66323.00
185,31804.00,24601.00,86777.00,53553.00,52963.00,12472.00,205269.00,793395.00,54521.00
186,35496.00,27617.00,114213.00,69305.00,80888.00,13169.00,266672.00,868265.00,90406.00
187,35896.00,27783.00,98001.00,70525.00,70318.00,12600.00,205474.00,852614.00,57642.00
188,37399.00,28941.00,103118.00,67769.00,53406.00,23276.00,208734.00,787269.00,65045.00
189,31664.00,24630.00,86927.00,56219.00,51044.00,12640.00,205264.00,791270.00,71158.00
190,31796.00,24558.00,86968.00,53553.00,52320.00,12531.00,205432.00,837631.00,54731.00
191,35690.00,27782.00,111936.00,67949.00,52413.00,12549.00,209354.00,833105.00,109852.00
192,51028.00,37629.00,97751.00,60303.00,54514.00,13581.00,237785.00,833599.00,54793.00
193,35719.00,27643.00,97722.00,52839.00,28970.00,12613.00,205376.00,800940.00,65777.00
194,31613.00,24456.00,86890.00,73547.00,64783.00,13262.00,245563.00,869754.00,100134.00
195,35971.00,27461.00,98351.00,60222.00,92225.00,30076.00,217883.00,792856.00,64105.00
196,31756.00,24521.00,86607.00,53550.00,60622.00,12578.00,208668.00,787455.00,70160.00
197,31860.00,24578.00,86888.00,53541.00,55495.00,12550.00,205262.00,899533.00,67923.00
198,37593.00,29103.00,110897.00,64986.00,57703.00,12668.00,205320.00,831857.00,64457.00
199,31842.00,24437.00,90680.00,53621.00,52199.00,12591.00,205253.00,793707.00,54500.00
200,35877.00,27668.00,98416.00,52733.00,28985.00,12510.00,205244.00,793307.00,54652.00
201,35649.00,27551.00,111290.00,69084.00,51447.00,12585.00,208529.00,787651.00,64841.00
202,31836.00,24613.00,89550.00,53520.00,50803.00,12602.00,222494.00,840976.00,57709.00
203,37565.00,29111.00,112181.00,52795.00,28922.00,12547.00,230942.00,873504.00,64703.00
204,31850.00,24625.00,87017.00,53514.00,50629.00,12565.00,232229.00,807278.00,66987.00
205,31735.00,24446.00,87171.00,53530.00,57357.00,12561.00,205273.00,821557.00,54724.00
206,53474.00,27542.00,103723.00,55614.00,30463.00,13306.00,225586.00,903343.00,96006.00
207,55005.00,26904.00,98694.00,60293.00,53487.00,13578.00,229633.00,836608.00,67823.00
208,35780.00,27652.00,98574.00,52717.00,28862.00,12614.00,205276.00,858090.00,77783.00
209,50826.00,26806.00,97384.00,74056.00,73135.00,13537.00,221900.00,852428.00,57648.00
210,37594.00,29017.00,109819.00,52745.00,28926.00,12532.00,205501.00,836371.00,57746.00
211,37716.00,29036.00,122810.00,71786.00,53281.00,13219.00,250134.00,865004.00,85557.00
212,35399.00,27676.00,97699.00,70506.00,54228.00,13169.00,237714.00,893876.00,57473.00
213,37779.00,29032.00,121412.00,82714.00,52341.00,23505.00,233701.00,910804.00,59082.00
214,38720.00,29881.00,114357.00,63474.00,28921.00,12573.00,232282.00,839049.00,54663.00
215,35732.00,27697.00,113719.00,66388.00,51242.00,12525.00,209103.00,787272.00,67445.00
216,31815.00,27584.00,87112.00,53520.00,53833.00,12629.00,205599.00,793667.00,54822.00
217,35683.00,27761.00,97955.00,52666.00,28838.00,12607.00,205630.00,817705.00,57432.00
218,46977.00,29178.00,122579.00,80388.00,51311.00,12526.00,232567.00,924023.00,83315.00
219,45664.00,27646.00,103209.00,53557.00,51213.00,12508.00,205319.00,832932.00,54656.00
220,35745.00,27826.00,114006.00,67263.00,50447.00,12646.00,208508.00,787039.00,65237.00
221,34472.00,24391.00,86986.00,53580.00,51188.00,12572.00,205422.00,793414.00,54800.00
222,35712.00,27592.00,98077.00,52848.00,28990.00,12514.00,205273.00,838042.00,54505.00
223,42896.00,27532.00,102366.00,66367.00,50958.00,12499.00,208410.00,787044.00,68197.00
224,31753.00,24619.00,87095.00,53506.00,52732.00,12560.00,205260.00,793478.00,54482.00
225,35770.00,27747.00,98066.00,52719.00,28807.00,12521.00,205267.00,793380.00,54630.00
226,43070.00,27702.00,102750.00,73574.00,51178.00,12495.00,208405.00,823248.00,87364.00
227,34775.00,26979.00,95313.00,58682.00,52930.00,13193.00,215851.00,808618.00,54670.00
228,35782.00,27605.00,97020.00,52873.00,28895.00,12587.00,205101.00,803256.00,65201.00
229,31694.00,24540.00,86870.00,53542.00,54217.00,12508.00,205577.00,791512.00,65757.00
230,31794.00,24705.00,111498.00,58861.00,62052.00,13193.00,233636.00,856921.00,54524.00
231,35926.00,27675.00,132114.00,72144.00,54074.00,13264.00,229498.00,786995.00,85709.00
232,54236.00,26832.00,97433.00,60090.00,83018.00,13522.00,230908.00,810199.00,54769.00
233,35726.00,27531.00,97970.00,52806.00,28988.00,12629.00,205447.00,793946.00,64104.00
234,31743.00,24677.00,87309.00,53515.00,62220.00,12535.00,232097.00,837690.00,54778.00
235,35639.00,27707.00,98482.00,52779.00,28902.00,12584.00,205297.00,793887.00,54728.00
236,35697.00,27605.00,97524.00,52831.00,28875.00,12649.00,205342.00,793317.00,73314.00
237,31767.00,24531.00,87531.00,53512.00,54229.00,12548.00,205623.00,789784.00,65171.00
238,31891.00,24566.00,87099.00,53594.00,55293.00,12592.00,205279.00,793839.00,54488.00
239,35750.00,27761.00,98605.00,52787.00,28870.00,12485.00,205280.00,839848.00,75240.00
240,31637.00,24441.00,87409.00,53506.00,71219.00,13170.00,219722.00,790339.00,73732.00
241,31594.00,24454.00,86829.00,53535.00,54453.00,12544.00,205324.00,793699.00,54511.00
242,52047.00,27667.00,103256.00,68107.00,57720.00,13191.00,221257.00,852801.00,74103.00
243,40926.00,30382.00,353432.00,202014.00,110769.00,43011.00,785250.00,1450081.00,120064.00
244,40006.00,32919.00,145039.00,86372.00,41602.00,19324.00,237061.00,857942.00,54790.00
245,35630.00,27699.00,114802.00,70949.00,52441.00,12589.00,373278.00,1529246.00,73811.00
246,31801.00,24513.00,90734.00,53635.00,51230.00,12660.00,205152.00,792417.00,65433.00
247,31672.00,24535.00,87151.00,53536.00,52594.00,12506.00,205255.00,836983.00,54539.00
248,35712.00,27620.00,111546.00,74759.00,50690.00,12675.00,208223.00,789274.00,72775.00
249,31709.00,24647.00,112901.00,69493.00,52784.00,12526.00,234547.00,824293.00,57527.00
250,35761.00,39418.00,97909.00,52751.00,28915.00,12549.00,205480.00,831508.00,64420.00
251,31739.00,24658.00,87294.00,53478.00,50355.00,12602.00,208097.00,787326.00,65344.00
252,31820.00,24529.00,86997.00,53530.00,51372.00,12497.00,205256.00,811136.00,57529.00
253,37395.00,29200.00,103142.00,65732.00,28908.00,12592.00,258826.00,868767.00,64483.00
254,31822.00,24639.00,87166.00,57269.00,62378.00,12563.00,205271.00,790274.00,65832.00
255,31871.00,24510.00,87125.00,53506.00,50434.00,12664.00,205277.00,794289.00,54555.00
256,35766.00,27574.00,100214.00,77430.00,54892.00,12587.00,208537.00,786946.00,65933.00
257,31716.00,24461.00,89698.00,53620.00,50726.00,12564.00,205312.00,793287.00,54563.00
258,35645.00,27563.00,98270.00,52729.00,28859.00,12528.00,205245.00,793658.00,54543.00
259,35658.00,27604.00,98957.00,77870.00,62615.00,12537.00,208658.00,787463.00,65701.00
260,31773.00,24557.00,90143.00,53592.00,50628.00,12585.00,205261.00,793476.00,54592.00
261,35833.00,27603.00,98510.00,52663.00,28936.00,12561.00,205290.00,795382.00,54546.00
262,35854.00,27758.00,99898.00,74687.00,52038.00,12544.00,208445.00,787297.00,66148.00
263,31882.00,24509.00,89589.00,73329.00,62002.00,13262.00,216050.00,804529.00,54659.00
264,35711.00,27622.00,97726.00,52764.00,28816.00,12672.00,205293.00,793411.00,54594.00
265,35791.00,27637.00,112001.00,66460.00,50651.00,12522.00,255900.00,850181.00,68043.00
266,31862.00,24679.00,87104.00,53527.00,50861.00,12606.00,205174.00,794976.00,54492.00
267,35773.00,27479.00,97969.00,52763.00,28954.00,12581.00,205147.00,793797.00,54521.00
268,31840.00,36435.00,102120.00,66205.00,50759.00,12635.00,208846.00,787384.00,77884.00
269,31770.00,24527.00,86881.00,53609.00,51187.00,12611.00,205282.00,793558.00,54489.00
270,35707.00,27519.00,98694.00,52793.00,28975.00,12490.00,205266.00,793531.00,54506.00
271,31681.00,36848.00,102697.00,66095.00,51479.00,12593.00,208156.00,787316.00,68134.00
272,31807.00,24559.00,86776.00,53597.00,50425.00,12608.00,205250.00,798242.00,54672.00
273,35809.00,27742.00,97599.00,52893.00,28968.00,12570.00,205456.00,793591.00,54636.00
274,41958.00,27617.00,102261.00,68396.00,51242.00,12500.00,208500.00,787058.00,68165.00
275,31773.00,24490.00,86703.00,53535.00,57661.00,12582.00,205427.00,822489.00,57398.00
276,47288.00,29082.00,97989.00,52847.00,28913.00,12570.00,205045.00,793107.00,56801.00
277,31764.00,34567.00,87464.00,53604.00,51366.00,12572.00,208710.00,820659.00,81947.00
278,34853.00,41201.00,130173.00,70501.00,54042.00,13192.00,220941.00,794375.00,54670.00
279,35806.00,27764.00,98250.00,65167.00,60496.00,12516.00,205294.00,791240.00,66320.00
280,31793.00,24721.00,87210.00,56301.00,60134.00,12576.00,205221.00,789995.00,64492.00
281,31679.00,24438.00,86732.00,53629.00,51924.00,12449.00,205271.00,793593.00,54565.00
282,35707.00,27608.00,98664.00,79626.00,50341.00,12568.00,208576.00,822122.00,91733.00
283,31680.00,24668.00,89626.00,53481.00,56042.00,12502.00,205288.00,793259.00,54590.00
284,35723.00,27708.00,98434.00,52748.00,28874.00,12511.00,205264.00,793501.00,54523.00
285,35802.00,27775.00,113005.00,67769.00,58233.00,12543.00,208401.00,787225.00,65223.00
286,31612.00,24637.00,90249.00,53526.00,50446.00,12577.00,205082.00,793695.00,54622.00
287,35786.00,27654.00,97740.00,52850.00,28862.00,12631.00,205028.00,793565.00,54614.00
288,35856.00,27712.00,112907.00,68359.00,61155.00,12603.00,227687.00,809942.00,64540.00
289,31777.00,27062.00,87303.00,53573.00,51984.00,12484.00,205268.00,810113.00,91134.00
290,53966.00,29106.00,120762.00,57020.00,31201.00,13638.00,231721.00,805723.00,64491.00
291,31805.00,24301.00,87492.00,53573.00,55011.00,12566.00,205284.00,790171.00,64526.00
292,31685.00,24538.00,87214.00,53617.00,52456.00,12589.00,205265.00,793471.00,54570.00
293,35583.00,27710.00,98329.00,52853.00,28872.00,12553.00,205268.00,792817.00,63906.00
294,31773.00,24673.00,87498.00,53529.00,50770.00,12590.00,208424.00,787945.00,67207.00
295,31838.00,24566.00,87159.00,53576.00,50446.00,12599.00,205235.00,793758.00,54554.00
296,35548.00,27783.00,97681.00,52860.00,28898.00,12513.00,205268.00,793530.00,54981.00
297,31739.00,35666.00,86696.00,53567.00,52875.00,12593.00,208551.00,787291.00,67042.00
298,31630.00,24492.00,87217.00,53523.00,51020.00,12534.00,205255.00,793480.00,54523.00
299,35751.00,27671.00,98676.00,52719.00,28924.00,12593.00,205271.00,793421.00,54424.00
300,43711.00,27566.00,102533.00,66978.00,50580.00,12550.00,208406.00,787211.00,64763.00
301,49803.00,27843.00,95505.00,58787.00,53580.00,13213.00,221453.00,792942.00,54737.00
302,35730.00,27776.00,98472.00,52911.00,28971.00,12619.00,205339.00,902032.00,57487.00
303,47509.00,29145.00,98212.00,56740.00,28886.00,12573.00,205406.00,791375.00,64389.00
304,31508.00,24626.00,87030.00,53517.00,52219.00,12545.00,222251.00,824063.00,54637.00
305,35829.00,27644.00,98425.00,65289.00,50365.00,12640.00,229924.00,813347.00,73552.00
306,31581.00,24422.00,89470.00,53566.00,50573.00,12554.00,205276.00,793582.00,54526.00
307,35694.00,27529.00,99227.00,52786.00,28863.00,12572.00,205272.00,793921.00,54564.00
308,35668.00,27758.00,110892.00,66170.00,50950.00,12552.00,208742.00,787594.00,64309.00
309,31858.00,24588.00,90168.00,53571.00,50497.00,12573.00,205310.00,793688.00,54502.00
310,35719.00,27622.00,98586.00,52761.00,28845.00,12579.00,205257.00,793410.00,54572.00
311,35636.00,27715.00,100562.00,78829.00,50702.00,12530.00,208468.00,787164.00,74289.00
312,31830.00,24577.00,90064.00,53504.00,51748.00,12523.00,205288.00,793332.00,54407.00
313,35751.00,27674.00,98220.00,52842.00,28917.00,12482.00,205235.00,837116.00,54534.00
314,35691.00,27650.00,113379.00,66213.00,50919.00,12550.00,208067.00,847981.00,59160.00
315,38627.00,34491.00,109346.00,52749.00,28852.00,12603.00,205238.00,793557.00,54785.00
316,35662.00,27562.00,98374.00,52841.00,28924.00,12569.00,205341.00,793587.00,54790.00
317,45128.00,27579.00,102589.00,66262.00,50585.00,12590.00,208769.00,787065.00,66005.00
318,31832.00,27302.00,87155.00,53550.00,51775.00,12517.00,205273.00,793929.00,54573.00
319,35599.00,27533.00,98362.00,52769.00,28849.00,12549.00,205272.00,793861.00,54648.00
320,35760.00,27613.00,113947.00,67383.00,50344.00,12456.00,208560.00,787341.00,71325.00
321,31549.00,26973.00,87201.00,53550.00,51307.00,12558.00,205230.00,793607.00,54531.00
322,35511.00,27826.00,97915.00,52768.00,28872.00,12442.00,205254.00,793407.00,54475.00
323,35717.00,27584.00,112342.00,70463.00,52068.00,12622.00,217117.00,787546.00,65813.00
324,31717.00,27794.00,86423.00,53512.00,50329.00,12659.00,205439.00,793541.00,54801.00
325,35665.00,27808.00,97845.00,52821.00,28965.00,12587.00,205590.00,793878.00,54849.00
326,35752.00,27660.00,112542.00,67102.00,51621.00,12570.00,230391.00,807216.00,101302.00
327,34717.00,26943.00,95306.00,58787.00,54316.00,23077.00,247774.00,894234.00,59370.00
328,63959.00,29894.00,124176.00,84479.00,52555.00,13726.00,250563.00,842722.00,74867.00
329,31773.00,24658.00,87324.00,53566.00,58175.00,12492.00,205506.00,793563.00,54525.00
330,35777.00,27690.00,98175.00,52916.00,28855.00,12480.00,205250.00,850777.00,69031.00
331,31579.00,24632.00,87389.00,56504.00,55213.00,12469.00,205261.00,789724.00,71151.00
332,31703.00,24500.00,87004.00,53560.00,51055.00,12612.00,221847.00,860147.00,54644.00
333,35722.00,27705.00,131129.00,85975.00,51855.00,13163.00,293524.00,841322.00,80114.00
334,34797.00,27059.00,95656.00,58860.00,79276.00,12507.00,205275.00,793642.00,54667.00
335,35701.00,27738.00,98693.00,55074.00,59083.00,12469.00,205240.00,796707.00,65266.00
336,31559.00,24659.00,87295.00,56293.00,51385.00,12507.00,205249.00,791321.00,66657.00
337,31781.00,24409.00,87552.00,53544.00,51552.00,12589.00,205227.00,793366.00,54708.00
338,35636.00,27610.00,98558.00,54776.00,58405.00,12543.00,205283.00,888735.00,79808.00
339,35734.00,27695.00,111313.00,64760.00,60134.00,13550.00,230147.00,980928.00,68113.00
340,35730.00,27602.00,98028.00,65217.00,53040.00,12488.00,208123.00,787383.00,64491.00
341,31692.00,24685.00,90046.00,53592.00,55593.00,12597.00,205498.00,813897.00,71341.00
342,34794.00,26881.00,96299.00,65513.00,52165.00,12625.00,205365.00,793195.00,54434.00
343,35602.00,27549.00,113205.00,69443.00,52867.00,12554.00,207870.00,787157.00,65147.00
344,31801.00,24584.00,89796.00,53559.00,51048.00,12576.00,205273.00,799982.00,54503.00
345,35689.00,27654.00,98759.00,52797.00,28870.00,12523.00,205258.00,793461.00,54503.00
346,35804.00,27741.00,114175.00,67064.00,56470.00,12587.00,208425.00,870080.00,75741.00
347,45764.00,27818.00,96007.00,58892.00,78904.00,24299.00,232201.00,932760.00,84459.00
348,37482.00,29122.00,121468.00,115474.00,52793.00,13547.00,234343.00,805633.00,73371.00
349,49429.00,24679.00,96163.00,59361.00,53139.00,13332.00,216754.00,844345.00,56071.00
350,35722.00,27675.00,122292.00,79058.00,60953.00,13307.00,240022.00,891120.00,88748.00
351,35856.00,27610.00,138779.00,77751.00,69846.00,29188.00,260877.00,935036.00,82894.00
352,36766.00,31807.00,143856.00,105434.00,40467.00,18440.00,273234.00,1360939.00,196709.00
353,118477.00,110239.00,402692.00,201438.00,112437.00,41991.00,730067.00,1528234.00,75169.00
354,38718.00,32172.00,105639.00,57098.00,31376.00,13844.00,229589.00,888067.00,56403.00
355,33345.00,35791.00,91463.00,56070.00,52788.00,12494.00,238995.00,840543.00,69756.00
356,34793.00,26981.00,95246.00,67604.00,51662.00,12486.00,205332.00,884435.00,57907.00
357,37382.00,29145.00,131120.00,69382.00,50768.00,12491.00,229408.00,812277.00,86192.00
358,34866.00,26998.00,95642.00,58838.00,52425.00,13183.00,218332.00,793403.00,54691.00
359,35860.00,27674.00,98579.00,52825.00,28844.00,12545.00,205270.00,873462.00,85327.00
360,35642.00,27684.00,97981.00,63427.00,52782.00,13510.00,226649.00,875115.00,72915.00
361,35655.00,27749.00,106832.00,58786.00,67230.00,12597.00,231542.00,849544.00,76093.00
362,33209.00,25768.00,91096.00,55946.00,54282.00,28975.00,215924.00,828523.00,71593.00
363,34870.00,26986.00,95690.00,68530.00,51234.00,12619.00,205658.00,837184.00,54900.00
364,35602.00,27667.00,113963.00,69335.00,50262.00,12531.00,227243.00,815635.00,67925.00
365,52518.00,25678.00,96177.00,58855.00,52227.00,13363.00,221074.00,823491.00,57722.00
366,37680.00,29295.00,102301.00,55586.00,30691.00,13405.00,216448.00,900424.00,79151.00
367,51165.00,27015.00,100633.00,60236.00,53142.00,13740.00,222945.00,881968.00,60845.00
368,38927.00,29637.00,105775.00,57285.00,31518.00,13803.00,222969.00,877496.00,79352.00
369,34878.00,27086.00,95438.00,58896.00,58147.00,13319.00,216795.00,850839.00,71653.00
370,35661.00,27884.00,107565.00,58918.00,52152.00,13246.00,237179.00,898007.00,58238.00
371,34727.00,37975.00,112804.00,71857.00,52997.00,17159.00,263420.00,872541.00,97247.00
372,35715.00,27555.00,98308.00,60393.00,60887.00,13975.00,232211.00,869013.00,67373.00
373,33389.00,35723.00,91211.00,56385.00,51092.00,12573.00,233883.00,838291.00,73860.00
374,34746.00,26971.00,113593.00,60354.00,70877.00,13341.00,216210.00,852096.00,71420.00
375,37309.00,29119.00,122181.00,71615.00,52397.00,13172.00,247865.00,851853.00,99496.00
376,35616.00,27465.00,98425.00,60427.00,70862.00,13293.00,216195.00,908097.00,68670.00
377,38693.00,44957.00,135610.00,71561.00,95359.00,13342.00,238111.00,890604.00,73853.00
378,35675.00,27940.00,98168.00,60272.00,65349.00,13300.00,217991.00,874539.00,57977.00
379,34735.00,37544.00,96349.00,58810.00,52205.00,13268.00,524088.00,2681542.00,208151.00
380,51627.00,92195.00,87831.00,53694.00,52117.00,12587.00,205478.00,873859.00,69560.00
381,34956.00,27045.00,115823.00,60342.00,53131.00,13568.00,255680.00,870645.00,59834.00
382,67543.00,29948.00,113940.00,72275.00,31364.00,13550.00,227684.00,883963.00,65012.00
383,31795.00,24605.00,106609.00,59147.00,53170.00,13202.00,223849.00,821048.00,73753.00
384,53739.00,39495.00,131480.00,57051.00,31314.00,13622.00,230779.00,804157.00,78567.00
385,31585.00,24589.00,87212.00,53558.00,50681.00,12548.00,208591.00,787894.00,77676.00
386,31808.00,24594.00,87387.00,53549.00,50261.00,12570.00,205248.00,793653.00,54642.00
387,35767.00,27808.00,98943.00,52794.00,28973.00,12513.00,205255.00,794080.00,64873.00
388,31574.00,24664.00,87489.00,53586.00,50918.00,12596.00,208697.00,787518.00,68435.00
389,31748.00,24669.00,87047.00,53640.00,52116.00,12534.00,205263.00,799337.00,55079.00
390,35816.00,27590.00,97908.00,52858.00,28940.00,12554.00,205302.00,794316.00,54782.00
391,31683.00,36915.00,102335.00,67815.00,56221.00,12523.00,208507.00,787509.00,68423.00
392,31475.00,24448.00,87422.00,53609.00,52311.00,12587.00,205250.00,842137.00,59149.00
393,37514.00,39730.00,103233.00,55469.00,30346.00,13231.00,215978.00,961791.00,59418.00
394,48590.00,29977.00,125420.00,57148.00,31224.00,13532.00,229408.00,859055.00,65549.00
395,35642.00,27750.00,117376.00,55628.00,30391.00,13280.00,242453.00,845302.00,100706.00
396,34772.00,26964.00,98692.00,74755.00,59439.00,13652.00,221678.00,844867.00,57819.00
397,47233.00,29115.00,98709.00,52813.00,28927.00,12475.00,230737.00,864064.00,65631.00
398,31802.00,24602.00,86951.00,53498.00,50030.00,12501.00,251468.00,843324.00,71541.00
399,35660.00,27700.00,98147.00,67445.00,53871.00,12608.00,205117.00,850609.00,54562.00
400,35547.00,27674.00,111060.00,68747.00,50999.00,12560.00,227657.00,815025.00,64215.00
401,34843.00,24622.00,113166.00,60206.00,53439.00,13558.00,222939.00,843469.00,66392.00
402,35807.00,27383.00,98153.00,52775.00,28875.00,12580.00,205038.00,841350.00,74009.00
403,31678.00,24444.00,87274.00,53538.00,83977.00,13633.00,221698.00,828180.00,75062.00
404,35673.00,27556.00,108300.00,53495.00,53194.00,12556.00,205331.00,904217.00,59664.00
405,47568.00,29835.00,115115.00,95339.00,53338.00,16163.00,238053.00,909872.00,59530.00
406,38516.00,29919.00,117210.00,55616.00,30413.00,13174.00,220890.00,895751.00,54709.00
407,42693.00,27627.00,123908.00,83411.00,52065.00,17515.00,237921.00,866665.00,76046.00
408,35796.00,27575.00,107553.00,67551.00,51001.00,12498.00,230098.00,870608.00,55837.00
409,43249.00,27819.00,102565.00,66880.00,50333.00,12613.00,273246.00,838224.00,71058.00
410,34794.00,27128.00,96097.00,58832.00,76053.00,12566.00,205319.00,793734.00,54444.00
411,35835.00,27682.00,98138.00,78855.00,58225.00,12591.00,208634.00,787467.00,66827.00
412,32099.00,26730.00,105745.00,58758.00,56425.00,23412.00,205278.00,793724.00,54527.00
413,35546.00,27492.00,97431.00,52743.00,28809.00,12477.00,205247.00,793867.00,54505.00
414,35681.00,27669.00,111674.00,65938.00,50917.00,12523.00,208638.00,787343.00,65500.00
415,31881.00,24562.00,89900.00,53433.00,58534.00,12627.00,205056.00,793462.00,54526.00
416,35802.00,27740.00,97732.00,69073.00,30381.00,13144.00,216096.00,876591.00,57414.00
417,56608.00,29225.00,144541.00,87465.00,56264.00,14024.00,246715.00,868575.00,85852.00
418,35762.00,27628.00,107417.00,58846.00,53231.00,13212.00,225350.00,884753.00,56531.00
419,31630.00,35081.00,87323.00,53539.00,51174.00,12504.00,233857.00,803660.00,72855.00
420,31671.00,24538.00,87505.00,59389.00,51686.00,12565.00,205251.00,793666.00,54944.00
421,35893.00,27710.00,97868.00,52737.00,28971.00,12632.00,205338.00,796394.00,74011.00
422,31833.00,24578.00,105099.00,58764.00,58174.00,13266.00,216111.00,804160.00,70081.00
423,31740.00,24585.00,87495.00,53525.00,51722.00,12488.00,205253.00,793758.00,54453.00
424,35833.00,27578.00,98082.00,52885.00,28852.00,12564.00,205240.00,803530.00,69770.00
425,31805.00,24549.00,86768.00,53534.00,53577.00,12539.00,205303.00,789964.00,65639.00
426,31865.00,24676.00,87095.00,53508.00,52454.00,12578.00,205576.00,793562.00,54728.00
427,35471.00,27688.00,97634.00,52841.00,28887.00,12523.00,205591.00,793461.00,72499.00
428,31900.00,24524.00,87647.00,53549.00,55520.00,15619.00,226224.00,862650.00,71972.00
429,35697.00,27690.00,97212.00,70463.00,71460.00,13593.00,221804.00,894582.00,57548.00
430,37660.00,29108.00,103291.00,67828.00,52829.00,13148.00,220784.00,804670.00,121663.00
431,34797.00,26955.00,95931.00,58749.00,69927.00,12543.00,229139.00,903828.00,54594.00
432,35807.00,27692.00,113946.00,66660.00,50686.00,12548.00,207974.00,786776.00,67256.00
433,34748.00,24521.00,86904.00,53600.00,50366.00,12485.00,205256.00,793736.00,54398.00
434,35853.00,27765.00,97495.00,52877.00,28847.00,12523.00,205271.00,842354.00,55815.00
435,59114.00,27616.00,112232.00,72443.00,51889.00,13122.00,219296.00,804825.00,83224.00
436,34869.00,27032.00,95600.00,58752.00,86633.00,13174.00,216357.00,855855.00,55045.00
437,35629.00,27559.00,110837.00,66222.00,50522.00,12536.00,243717.00,859547.00,73873.00
438,35660.00,43094.00,98032.00,60133.00,71446.00,13221.00,216128.00,921158.00,59115.00
439,38539.00,30058.00,118695.00,74202.00,70294.00,13242.00,237204.00,901876.00,92968.00
440,35652.00,27676.00,98224.00,60358.00,72250.00,13603.00,221963.00,915992.00,57966.00
441,37453.00,29141.00,102943.00,55679.00,30836.00,13612.00,240694.00,839194.00,84321.00
442,35768.00,27678.00,98369.00,60188.00,81787.00,12612.00,205317.00,871643.00,57655.00
443,53789.00,28836.00,129975.00,73754.00,57665.00,13570.00,268479.00,830862.00,91018.00
444,35933.00,27670.00,97508.00,60434.00,81143.00,13164.00,222995.00,852700.00,57489.00
445,37746.00,28981.00,103228.00,70240.00,52524.00,13256.00,220004.00,842525.00,71684.00
446,31697.00,24641.00,112374.00,60286.00,58943.00,13493.00,233677.00,828435.00,77656.00
447,35630.00,27707.00,98403.00,52600.00,28945.00,12599.00,205443.00,851508.00,72611.00
448,31827.00,24507.00,87013.00,53665.00,53908.00,29238.00,221957.00,837030.00,71935.00
449,35578.00,27689.00,107448.00,53505.00,51614.00,12562.00,205277.00,854054.00,54742.00
450,35925.00,27619.00,113508.00,67515.00,54530.00,12496.00,230921.00,821454.00,67871.00
451,49620.00,24479.00,97686.00,60328.00,53898.00,13662.00,251103.00,876156.00,57543.00
452,37540.00,29132.00,121823.00,72308.00,53108.00,13574.00,241331.00,880610.00,60901.00
453,38501.00,45359.00,106177.00,57109.00,31309.00,13667.00,218970.00,840560.00,66676.00
454,35585.00,27696.00,98164.00,52823.00,28927.00,12696.00,205540.00,896188.00,74403.00
455,34784.00,26887.00,101465.00,89417.00,53015.00,13557.00,239430.00,824748.00,70037.00
456,46136.00,29228.00,98559.00,52907.00,28951.00,12582.00,205465.00,851607.00,55336.00
457,31760.00,35049.00,87452.00,53604.00,58428.00,12435.00,237863.00,833120.00,84692.00
458,35804.00,27610.00,97809.00,77884.00,52123.00,12649.00,205549.00,834598.00,54852.00
459,35790.00,27816.00,100060.00,73028.00,64909.00,12524.00,226379.00,798904.00,64471.00
460,31681.00,24550.00,90112.00,53484.00,50830.00,12549.00,214017.00,794144.00,54555.00
461,35733.00,27580.00,97544.00,52884.00,28929.00,12583.00,205488.00,793865.00,54640.00
462,35662.00,27664.00,113295.00,67325.00,59904.00,12571.00,208637.00,787236.00,66145.00
463,34641.00,24667.00,87113.00,70022.00,52669.00,13101.00,216113.00,861329.00,59213.00
464,40319.00,61558.00,119942.00,74641.00,32204.00,13962.00,234023.00,894765.00,69651.00
465,34877.00,27090.00,116510.00,60209.00,53415.00,13560.00,240031.00,894395.00,68032.00
466,35818.00,27761.00,116193.00,55674.00,30330.00,13135.00,232596.00,870068.00,71147.00
467,34801.00,26898.00,98889.00,75425.00,53358.00,13578.00,221830.00,879573.00,69001.00
468,47123.00,29168.00,97852.00,52879.00,28856.00,12641.00,205599.00,852271.00,67904.00
469,34653.00,26902.00,95833.00,58776.00,57734.00,29108.00,229822.00,802942.00,64444.00
470,31753.00,24600.00,87109.00,53492.00,51311.00,12527.00,205261.00,832999.00,54609.00
471,35680.00,27700.00,97955.00,65200.00,52544.00,12514.00,205248.00,828983.00,65537.00
472,31849.00,24593.00,108649.00,58725.00,52139.00,13302.00,224386.00,818325.00,57442.00
473,47209.00,29153.00,124851.00,52722.00,28880.00,12591.00,205556.00,834461.00,54617.00
474,41972.00,27582.00,102225.00,79695.00,50524.00,12480.00,232337.00,851736.00,77936.00
475,35831.00,27671.00,98396.00,60218.00,61396.00,13619.00,222029.00,887530.00,68914.00
476,38661.00,48857.00,122027.00,57210.00,31305.00,13633.00,249700.00,819922.00,96865.00
477,35063.00,27117.00,96000.00,58768.00,80169.00,12663.00,205260.00,816603.00,57616.00
478,37564.00,28998.00,103025.00,86388.00,52747.00,13520.00,226177.00,817474.00,64374.00
479,31725.00,24454.00,108936.00,58732.00,57725.00,13154.00,216200.00,866635.00,54830.00
480,35657.00,27570.00,97768.00,52850.00,28776.00,12551.00,205117.00,793251.00,54618.00
481,31747.00,37107.00,102161.00,67452.00,54687.00,12521.00,208334.00,786845.00,72864.00
482,31803.00,24438.00,87180.00,53504.00,51376.00,12604.00,205264.00,793480.00,54532.00
483,35673.00,27578.00,98585.00,52751.00,28887.00,12530.00,205258.00,794183.00,54625.00
484,31836.00,37233.00,102577.00,68066.00,57500.00,12600.00,208451.00,787272.00,67156.00
485,31761.00,24506.00,86533.00,53584.00,51918.00,12523.00,205281.00,793563.00,54580.00
486,35794.00,27647.00,98454.00,52812.00,28897.00,12462.00,205261.00,814559.00,57860.00
487,34871.00,37801.00,95588.00,87716.00,82157.00,13641.00,222146.00,913349.00,70711.00
488,38813.00,30108.00,114315.00,55633.00,30397.00,13302.00,216165.00,859616.00,54728.00
489,43613.00,27717.00,102433.00,66000.00,50612.00,12580.00,230004.00,861676.00,74311.00
490,35725.00,27715.00,98337.00,60192.00,54712.00,14274.00,233938.00,885544.00,57455.00
491,47783.00,29107.00,113181.00,80531.00,49791.00,12551.00,229603.00,823726.00,68419.00
492,31711.00,24660.00,87451.00,53530.00,50402.00,12533.00,205268.00,794001.00,54583.00
493,35578.00,27690.00,99065.00,52709.00,28938.00,12477.00,205275.00,793235.00,54789.00
494,31700.00,36116.00,86960.00,53575.00,50469.00,12623.00,208496.00,787386.00,73475.00
495,31803.00,24686.00,86411.00,53591.00,55294.00,12656.00,205273.00,793461.00,54777.00
496,35755.00,27684.00,97837.00,52669.00,28986.00,12582.00,205281.00,793672.00,54764.00
497,44160.00,27599.00,102149.00,73144.00,50672.00,12616.00,208393.00,786965.00,74080.00
498,31853.00,24781.00,87330.00,53585.00,50664.00,12485.00,205285.00,814247.00,57550.00
499,37581.00,29200.00,102969.00,72791.00,31239.00,13527.00,221917.00,887684.00,72010.00
500,35728.00,27688.00,100988.00,67934.00,57813.00,18448.00,272838.00,1664237.00,198234.00
501,119025.00,92834.00,231885.00,58852.00,59396.00,13460.00,253668.00,863670.00,79593.00
502,35958.00,27721.00,97969.00,60359.00,69444.00,13301.00,219207.00,896059.00,57779.00
503,37758.00,29150.00,115693.00,86462.00,52198.00,13178.00,265168.00,850594.00,73814.00
504,50633.00,27001.00,105990.00,60252.00,60933.00,13633.00,229916.00,870205.00,56476.00
505,35582.00,27714.00,97513.00,52844.00,28930.00,12570.00,205054.00,792816.00,69652.00
506,31663.00,24584.00,86971.00,56555.00,50306.00,12559.00,205164.00,789974.00,66801.00
507,31606.00,24689.00,86996.00,53542.00,51480.00,12551.00,205278.00,793395.00,54683.00
508,35755.00,27785.00,96981.00,65148.00,50386.00,12541.00,205644.00,793294.00,66298.00
509,31841.00,24534.00,87818.00,56421.00,51270.00,12638.00,205246.00,835135.00,85798.00
510,42566.00,27692.00,130432.00,67235.00,53577.00,13695.00,229640.00,945814.00,60909.00
511,38692.00,40788.00,106368.00,61689.00,48074.00,14100.00,237567.00,871326.00,59768.00
512,38784.00,29997.00,141043.00,57353.00,31523.00,23985.00,216469.00,937237.00,59598.00
513,38710.00,30106.00,106254.00,61874.00,31397.00,13547.00,232765.00,825408.00,72015.00
514,35753.00,27708.00,118230.00,53655.00,51050.00,12659.00,205032.00,883414.00,54529.00
515,42713.00,27582.00,124110.00,74761.00,53155.00,13284.00,241219.00,835763.00,74818.00
516,35723.00,27412.00,97822.00,70126.00,51025.00,12676.00,205352.00,843617.00,54404.00
517,35582.00,27570.00,111361.00,67199.00,51725.00,12521.00,227133.00,823709.00,64677.00
518,34530.00,24447.00,109315.00,60340.00,53394.00,13579.00,234006.00,831702.00,65770.00
519,35662.00,27682.00,98370.00,52717.00,28874.00,12577.00,205455.00,860731.00,67293.00
520,31819.00,24522.00,86894.00,53571.00,77398.00,13573.00,221935.00,829252.00,71509.00
521,35641.00,27851.00,117213.00,53480.00,51087.00,12463.00,239323.00,915648.00,57507.00
522,52420.00,29112.00,115383.00,80207.00,60388.00,13701.00,221960.00,893703.00,80502.00
523,44401.00,27111.00,87163.00,53560.00,50889.00,12485.00,205685.00,802168.00,54923.00
524,35850.00,27605.00,97583.00,65128.00,72462.00,12506.00,228555.00,885196.00,69710.00
525,31711.00,24534.00,87078.00,53668.00,59391.00,12510.00,205511.00,793587.00,54661.00
526,35875.00,27685.00,97756.00,52872.00,28884.00,12539.00,205433.00,844392.00,66038.00
527,31776.00,24510.00,87181.00,53522.00,69104.00,13270.00,224402.00,789863.00,64857.00
528,31822.00,24619.00,86967.00,53615.00,51148.00,12602.00,205143.00,793611.00,54684.00
529,35779.00,27685.00,98204.00,54624.00,60156.00,12569.00,205184.00,795314.00,66800.00
530,31770.00,24670.00,86699.00,56467.00,51661.00,12665.00,205210.00,830312.00,64590.00
531,31726.00,24664.00,87686.00,53535.00,51085.00,12553.00,205427.00,793361.00,54475.00
532,35691.00,27644.00,98354.00,66732.00,51937.00,12535.00,205283.00,790958.00,64679.00
533,31756.00,24619.00,87571.00,56204.00,55824.00,12581.00,233131.00,909677.00,59131.00
534,38757.00,29887.00,105654.00,57130.00,31175.00,13678.00,284342.00,897909.00,54507.00
535,35744.00,27535.00,97356.00,72804.00,30304.00,13266.00,224120.00,812382.00,54751.00
536,35598.00,27772.00,97940.00,52817.00,28869.00,12550.00,205339.00,922609.00,54560.00
537,35524.00,27791.00,97331.00,64812.00,60090.00,12521.00,208590.00,786825.00,65206.00
538,31728.00,27529.00,87451.00,53558.00,50022.00,12577.00,205399.00,793632.00,54701.00
539,35648.00,27515.00,97869.00,52812.00,28918.00,12644.00,205600.00,836847.00,54764.00
540,41445.00,27592.00,102952.00,75080.00,53573.00,12603.00,207947.00,787198.00,68158.00
541,31690.00,24521.00,87211.00,53556.00,50974.00,12526.00,205457.00,793950.00,54430.00
542,35636.00,27443.00,97180.00,52875.00,28857.00,12640.00,205435.00,795239.00,55168.00
543,31665.00,35464.00,86842.00,53478.00,50607.00,12589.00,208385.00,787131.00,71515.00
544,31732.00,24616.00,86796.00,53546.00,50659.00,12610.00,205266.00,793534.00,54526.00
545,35609.00,27631.00,98131.00,52824.00,28842.00,12540.00,205240.00,919207.00,69425.00
546,37371.00,29166.00,102631.00,55560.00,34013.00,29286.00,221886.00,902366.00,59269.00
547,48097.00,29900.00,103985.00,65550.00,28881.00,12597.00,205325.00,830070.00,54734.00
548,35642.00,27525.00,98093.00,52835.00,28907.00,12632.00,208555.00,900346.00,61214.00
549,37834.00,29046.00,109343.00,52758.00,28980.00,12584.00,205045.00,793358.00,54649.00
550,35885.00,27641.00,98179.00,52806.00,28902.00,12533.00,205051.00,821032.00,64118.00
551,31618.00,24647.00,87353.00,53562.00,51353.00,12737.00,208519.00,787286.00,84714.00
552,34666.00,26961.00,96370.00,58778.00,52908.00,13227.00,219319.00,792913.00,54576.00
553,35860.00,27535.00,98180.00,52850.00,28816.00,12602.00,205642.00,826299.00,65878.00
554,31762.00,24550.00,86959.00,53522.00,60783.00,12605.00,205319.00,790204.00,64615.00
555,31813.00,24606.00,86861.00,53564.00,51153.00,12537.00,205272.00,793616.00,54616.00
556,35620.00,27719.00,97736.00,52769.00,28831.00,12432.00,205284.00,793647.00,76073.00
557,31894.00,24641.00,87613.00,53679.00,51643.00,15571.00,205623.00,896804.00,66370.00
558,38508.00,29899.00,106177.00,65972.00,30432.00,13266.00,234354.00,941788.00,57449.00
559,37635.00,29102.00,102535.00,55628.00,30504.00,13233.00,243954.00,813488.00,68579.00
560,31833.00,24604.00,87753.00,53615.00,57574.00,12604.00,205527.00,881489.00,59363.00
561,38628.00,29832.00,106213.00,66064.00,39540.00,12541.00,205436.00,789496.00,65954.00
562,31895.00,24624.00,86906.00,56977.00,50621.00,12553.00,205207.00,789798.00,65182.00
563,31701.00,24407.00,87597.00,53559.00,50463.00,12530.00,205025.00,836590.00,54855.00
564,35658.00,27676.00,110696.00,67011.00,50326.00,12626.00,224956.00,811724.00,75957.00
565,34882.00,24546.00,87094.00,53596.00,55271.00,12516.00,205522.00,793322.00,54718.00
566,35579.00,27669.00,98539.00,52843.00,28818.00,12545.00,205540.00,793400.00,54839.00
567,35768.00,27516.00,113787.00,67603.00,55509.00,12595.00,208450.00,787345.00,64746.00
568,34329.00,24616.00,86968.00,53574.00,50444.00,12638.00,205273.00,793937.00,54518.00
569,35811.00,27651.00,98064.00,52845.00,28797.00,12559.00,205267.00,830980.00,57407.00
570,60747.00,36053.00,112931.00,57311.00,31374.00,13543.00,250611.00,878112.00,58985.00
571,38542.00,30023.00,105894.00,56980.00,31201.00,13600.00,227699.00,885662.00,54971.00
572,43887.00,27733.00,97603.00,52759.00,28916.00,12576.00,208634.00,830327.00,57445.00
573,55387.00,28956.00,121326.00,57075.00,31264.00,13509.00,238733.00,842769.00,68399.00
574,35724.00,38699.00,98107.00,52808.00,28956.00,12578.00,205597.00,793719.00,76846.00
575,31904.00,24689.00,87248.00,53563.00,50734.00,12538.00,208483.00,786995.00,66273.00
576,31785.00,24585.00,86361.00,53499.00,51334.00,12534.00,205269.00,825231.00,67287.00
577,35854.00,27577.00,98479.00,52797.00,28888.00,12510.00,205248.00,793496.00,73493.00
578,31603.00,24626.00,87269.00,53492.00,50432.00,15464.00,205290.00,789733.00,65594.00
579,31879.00,24637.00,87758.00,53513.00,64874.00,12574.00,205093.00,794015.00,54560.00
580,35805.00,27695.00,97887.00,52756.00,28927.00,12554.00,205016.00,793831.00,77489.00
581,31930.00,24570.00,87026.00,53611.00,50881.00,12597.00,208530.00,810689.00,88112.00
582,34964.00,27017.00,96125.00,92224.00,78023.00,13604.00,236636.00,903312.00,59308.00
583,38696.00,43331.00,112965.00,55496.00,30308.00,13276.00,218974.00,803290.00,67430.00
584,31781.00,24570.00,86949.00,61272.00,50251.00,12679.00,205246.00,816535.00,54654.00
585,35461.00,27666.00,115656.00,55462.00,30409.00,27250.00,235650.00,837986.00,76417.00
586,31622.00,24508.00,87396.00,56488.00,51393.00,12563.00,205245.00,790560.00,70658.00
587,31838.00,24590.00,86432.00,53520.00,55727.00,12606.00,205253.00,813166.00,57531.00
588,37669.00,29217.00,102771.00,68682.00,52018.00,23203.00,208947.00,813772.00,70448.00
589,34863.00,26895.00,99437.00,58815.00,59241.00,13204.00,215906.00,805206.00,54720.00
590,35786.00,27554.00,98048.00,52839.00,28884.00,12567.00,205291.00,793757.00,54500.00
591,35770.00,27740.00,113351.00,67026.00,50419.00,12633.00,208415.00,787525.00,68071.00
592,31630.00,24555.00,89986.00,53579.00,54935.00,12620.00,205271.00,810346.00,67708.00
593,35712.00,27706.00,97957.00,52764.00,28917.00,12650.00,205395.00,836158.00,71524.00
594,51837.00,29150.00,112842.00,84083.00,53367.00,23313.00,251607.00,873902.00,73136.00
595,35762.00,27688.00,110897.00,60324.00,53511.00,13660.00,221818.00,845692.00,54759.00
596,43479.00,27565.00,102315.00,66927.00,50292.00,12577.00,232011.00,840750.00,73254.00
597,37495.00,29121.00,103085.00,55553.00,44197.00,13163.00,236861.00,822215.00,54752.00
598,35687.00,27490.00,97352.00,64913.00,59636.00,12568.00,205309.00,790911.00,71625.00
599,31641.00,24698.00,87076.00,56435.00,50297.00,12547.00,205294.00,789397.00,69025.00
600,31717.00,24715.00,88009.00,53555.00,50850.00,12517.00,205266.00,793008.00,54513.00
601,35462.00,27586.00,98052.00,65020.00,50798.00,12659.00,205260.00,835320.00,65585.00
602,31747.00,24718.00,106243.00,58814.00,52309.00,23003.00,234447.00,793858.00,54540.00
603,35844.00,27635.00,98206.00,52732.00,28921.00,12573.00,205248.00,837020.00,54766.00
604,35727.00,27833.00,112063.00,66481.00,50695.00,12579.00,208565.00,787672.00,64382.00
605,31680.00,27707.00,87142.00,53510.00,51988.00,12551.00,205262.00,793493.00,70299.00
606,44529.00,29064.00,103100.00,55597.00,30404.00,13209.00,283403.00,933142.00,82722.00
607,35681.00,27667.00,115718.00,60210.00,52870.00,13521.00,228523.00,864354.00,59233.00
608,37596.00,39803.00,103058.00,55734.00,30593.00,13306.00,225902.00,892130.00,57587.00
609,37602.00,29195.00,102938.00,59645.00,30436.00,13245.00,216176.00,863604.00,57698.00
610,37641.00,29150.00,109303.00,52791.00,53698.00,13317.00,237305.00,889502.00,56091.00
611,31762.00,34121.00,93886.00,73645.00,52922.00,13259.00,228836.00,851542.00,68672.00
612,37782.00,29029.00,119966.00,57019.00,31199.00,13586.00,235483.00,887355.00,57236.00
613,37580.00,29147.00,102431.00,63655.00,28831.00,12478.00,231304.00,874479.00,82390.00
614,35041.00,27007.00,103037.00,85823.00,68278.00,13286.00,224356.00,846873.00,54757.00
615,35825.00,27918.00,97866.00,64911.00,51937.00,12519.00,238058.00,841995.00,69957.00
616,34852.00,29879.00,95096.00,58812.00,52185.00,13159.00,216307.00,856313.00,61510.00
617,37524.00,44616.00,103614.00,55516.00,30416.00,13276.00,218837.00,849970.00,82124.00
618,42055.00,26933.00,95845.00,79000.00,59078.00,13552.00,221937.00,891355.00,57460.00
619,35756.00,38057.00,97825.00,52933.00,28914.00,12647.00,205265.00,801137.00,54735.00
620,41927.00,27757.00,110538.00,67811.00,58221.00,12588.00,232684.00,880096.00,65239.00
621,37761.00,28929.00,103089.00,55683.00,30439.00,13366.00,218740.00,873751.00,57542.00
622,46096.00,29313.00,112084.00,84175.00,68587.00,13278.00,237945.00,841864.00,126151.00
623,35669.00,27674.00,98405.00,60332.00,72512.00,13261.00,215830.00,843540.00,57649.00
624,37398.00,29423.00,109896.00,52816.00,28869.00,12595.00,223687.00,837723.00,64851.00
625,34684.00,24586.00,117027.00,58664.00,52577.00,13335.00,216225.00,876441.00,57378.00
626,48010.00,29134.00,97844.00,52727.00,28892.00,12663.00,234883.00,856867.00,57613.00
627,37878.00,29090.00,110600.00,73001.00,30420.00,13291.00,216067.00,852927.00,54572.00
628,58501.00,27749.00,102227.00,55593.00,30558.00,13207.00,221295.00,848242.00,54876.00
629,35761.00,27701.00,110982.00,67644.00,56180.00,19327.00,235110.00,869776.00,105462.00
630,35701.00,27741.00,98753.00,60411.00,89757.00,13309.00,220670.00,843383.00,54462.00
631,44982.00,27736.00,108703.00,83615.00,52119.00,13294.00,220087.00,879541.00,57706.00
632,37439.00,29217.00,103002.00,55636.00,40585.00,12575.00,232579.00,841850.00,57571.00
633,37605.00,29031.00,113184.00,52799.00,28927.00,12686.00,207599.00,840524.00,63997.00
634,37849.00,24656.00,114212.00,58804.00,57374.00,13146.00,223470.00,820797.00,57634.00
635,37660.00,29180.00,111508.00,71464.00,31304.00,13608.00,230471.00,848994.00,73563.00
636,38547.00,24485.00,108957.00,58761.00,59920.00,13259.00,216299.00,878972.00,57425.00
637,54451.00,29021.00,138573.00,57047.00,31232.00,13637.00,232165.00,885758.00,54568.00
638,35696.00,27470.00,110950.00,73366.00,88016.00,13199.00,216113.00,847088.00,57572.00
639,37544.00,28978.00,112100.00,52822.00,29046.00,12571.00,212217.00,853222.00,54529.00
640,35590.00,27559.00,113282.00,67704.00,58104.00,12465.00,254636.00,871401.00,57432.00
641,37421.00,29188.00,102764.00,55578.00,39993.00,12564.00,230499.00,881209.00,54679.00
642,35597.00,27770.00,100759.00,75503.00,50830.00,12684.00,225544.00,885372.00,72472.00
643,34830.00,27160.00,96275.00,58818.00,52620.00,13212.00,243349.00,857797.00,54698.00
644,35715.00,27607.00,97996.00,52766.00,28933.00,12601.00,229898.00,928777.00,65842.00
645,35644.00,27616.00,121064.00,62717.00,30473.00,13293.00,215898.00,836302.00,57652.00
646,35495.00,39386.00,104733.00,70320.00,30391.00,13232.00,233330.00,933389.00,57523.00
647,37714.00,29094.00,106201.00,55693.00,30456.00,13240.00,216156.00,885666.00,57745.00
648,37503.00,29040.00,103147.00,63276.00,28901.00,12551.00,231518.00,841778.00,57654.00
649,37623.00,29150.00,102978.00,68745.00,53181.00,13281.00,240119.00,884764.00,57385.00
650,37773.00,29196.00,103357.00,70379.00,45316.00,13234.00,216272.00,851117.00,77456.00
651,37454.00,29117.00,102781.00,55503.00,30322.00,13332.00,249526.00,855391.00,85375.00
652,37509.00,29042.00,127029.00,57084.00,40775.00,13227.00,224281.00,938842.00,59296.00
653,38505.00,29891.00,115774.00,63079.00,30477.00,13388.00,220533.00,808841.00,64848.00
654,31860.00,26966.00,116287.00,58704.00,52689.00,13270.00,223961.00,842167.00,77786.00
655,37602.00,29215.00,102952.00,55824.00,30380.00,13229.00,239755.00,884041.00,57317.00
656,46282.00,29091.00,122037.00,55861.00,37605.00,13276.00,246199.00,892031.00,58941.00
657,37552.00,40284.00,103369.00,55684.00,30338.00,13235.00,234131.00,908303.00,57657.00
658,37641.00,29199.00,132208.00,57155.00,31236.00,13572.00,247229.00,874491.00,68677.00
659,37472.00,37229.00,104018.00,55650.00,30537.00,28936.00,229604.00,908791.00,59008.00
660,38587.00,29767.00,118114.00,57128.00,31317.00,13586.00,251841.00,894651.00,68692.00
661,37507.00,29101.00,103333.00,55567.00,30442.00,13372.00,223396.00,870701.00,57710.00
662,37667.00,29078.00,103171.00,74497.00,45991.00,13268.00,216103.00,879808.00,64937.00
663,38551.00,45045.00,113959.00,55569.00,30460.00,13197.00,245634.00,869235.00,57710.00
664,37514.00,29130.00,118040.00,70784.00,30401.00,17332.00,236184.00,889667.00,57411.00
665,37596.00,29221.00,112843.00,52809.00,28882.00,12580.00,235732.00,907286.00,57581.00
666,47438.00,29037.00,120849.00,55601.00,30374.00,13222.00,219341.00,904342.00,57696.00
667,37482.00,29033.00,102817.00,55534.00,30446.00,13290.00,216289.00,851360.00,57793.00
668,37511.00,29127.00,102543.00,63978.00,35769.00,28814.00,237121.00,943915.00,57448.00
669,38480.00,45292.00,105360.00,57153.00,41099.00,13179.00,216730.00,880652.00,65302.00
670,45280.00,29143.00,110513.00,63246.00,30504.00,13199.00,221723.00,887373.00,63914.00
671,38545.00,36916.00,118995.00,57116.00,31313.00,13782.00,221976.00,896274.00,89770.00
672,37639.00,29000.00,102851.00,55559.00,43979.00,13200.00,239756.00,827521.00,66613.00
673,31677.00,24708.00,112585.00,58874.00,52318.00,13187.00,220181.00,821412.00,66903.00
674,35746.00,27621.00,97919.00,52811.00,28979.00,12619.00,205374.00,833343.00,82906.00
675,34903.00,27040.00,96095.00,58812.00,53153.00,13225.00,240498.00,911184.00,80126.00
676,34891.00,26971.00,95750.00,75114.00,63423.00,13512.00,228318.00,843685.00,54587.00
677,41394.00,27548.00,102643.00,66130.00,51044.00,12597.00,232352.00,904565.00,59186.00
678,38530.00,29921.00,104809.00,66375.00,30317.00,22859.00,205034.00,839086.00,54710.00
679,35797.00,27629.00,111822.00,66335.00,56890.00,12426.00,208696.00,788075.00,90508.00
680,38259.00,26992.00,95983.00,58790.00,62893.00,12619.00,205306.00,793595.00,54772.00
681,35645.00,27593.00,97203.00,52789.00,28809.00,12705.00,205250.00,793614.00,54688.00
682,35585.00,27603.00,112302.00,76739.00,51848.00,12493.00,208409.00,892302.00,57371.00
683,37627.00,29324.00,102658.00,55515.00,30344.00,13209.00,221213.00,899498.00,54582.00
684,35697.00,27517.00,98102.00,52851.00,28908.00,12534.00,204973.00,832991.00,66096.00
685,31670.00,24595.00,107759.00,58825.00,55483.00,13230.00,217556.00,793648.00,54633.00
686,35563.00,27728.00,97966.00,52766.00,28768.00,12608.00,205481.00,824574.00,57557.00
687,37742.00,29332.00,122529.00,71825.00,52743.00,13309.00,241907.00,907937.00,80683.00
688,31648.00,24707.00,87431.00,53650.00,50094.00,12591.00,205224.00,794515.00,54564.00
689,35609.00,27743.00,99507.00,64769.00,51492.00,12489.00,205281.00,855152.00,74533.00
690,38663.00,29945.00,110246.00,92002.00,30437.00,13200.00,215909.00,800873.00,54656.00
691,35772.00,27664.00,97227.00,52779.00,28833.00,12611.00,205111.00,793921.00,54467.00
692,35880.00,27598.00,114508.00,68899.00,50386.00,12639.00,208521.00,787197.00,64481.00
693,34654.00,24483.00,109236.00,58679.00,51881.00,13273.00,224161.00,822146.00,66274.00
694,35776.00,27568.00,97213.00,52710.00,28875.00,12594.00,205515.00,930376.00,57562.00
695,37511.00,29047.00,102683.00,84579.00,30507.00,13178.00,216366.00,875489.00,54663.00
696,35765.00,27692.00,97483.00,52773.00,28948.00,12608.00,205440.00,793942.00,54451.00
697,35845.00,27740.00,113401.00,71762.00,50510.00,12601.00,227699.00,808261.00,66765.00
698,31755.00,27046.00,86828.00,53521.00,50776.00,12588.00,205058.00,822846.00,57462.00
699,37486.00,29167.00,103527.00,55504.00,30449.00,13194.00,233659.00,874854.00,107522.00
700,35719.00,27590.00,98579.00,89354.00,53964.00,23670.00,220876.00,794013.00,55010.00
701,35794.00,27638.00,96965.00,52817.00,28864.00,12663.00,205607.00,879316.00,58956.00
702,48834.00,29962.00,112853.00,52707.00,28931.00,12591.00,208632.00,797798.00,63667.00
703,34704.00,24643.00,87486.00,53521.00,52403.00,12537.00,205440.00,793620.00,54399.00
704,35662.00,27569.00,97662.00,52763.00,28817.00,12660.00,205462.00,793078.00,54607.00
705,35565.00,27576.00,114538.00,66230.00,50666.00,12520.00,208674.00,786960.00,64979.00
706,34364.00,24594.00,87331.00,53463.00,50411.00,12473.00,205282.00,864994.00,57599.00
707,37384.00,29103.00,102582.00,55674.00,30449.00,13204.00,215830.00,888603.00,54528.00
708,35683.00,27599.00,98528.00,52809.00,31667.00,12636.00,205056.00,789281.00,65552.00
709,31876.00,24583.00,87086.00,53452.00,52072.00,12494.00,205039.00,835151.00,54697.00
710,35792.00,27461.00,97985.00,52821.00,28889.00,12583.00,205339.00,861742.00,70707.00
711,34951.00,26941.00,99263.00,74688.00,54089.00,13453.00,221918.00,893425.00,67683.00
712,35702.00,27599.00,98713.00,52816.00,28875.00,12578.00,205478.00,820009.00,54704.00
713,31671.00,36410.00,102194.00,74367.00,50296.00,12510.00,208525.00,867821.00,59050.00
714,38702.00,29771.00,106363.00,57138.00,31244.00,13697.00,231933.00,840136.00,54827.00
715,35692.00,27799.00,99700.00,78706.00,58960.00,12520.00,207808.00,787609.00,83401.00
716,31629.00,24388.00,89077.00,53496.00,51615.00,12635.00,205279.00,793818.00,54691.00
717,35781.00,27521.00,97773.00,52661.00,28893.00,12574.00,205282.00,793445.00,54591.00
718,35677.00,27836.00,113198.00,66716.00,50711.00,12583.00,208677.00,859845.00,57656.00
719,37663.00,32959.00,102988.00,55533.00,30424.00,13232.00,216322.00,886908.00,54590.00
720,35739.00,27748.00,98419.00,52818.00,28834.00,12497.00,205435.00,793602.00,63767.00
721,31706.00,24568.00,87382.00,53546.00,50846.00,12569.00,208770.00,787100.00,84781.00
722,34917.00,26867.00,95633.00,58833.00,53113.00,13309.00,217576.00,811799.00,57522.00
723,37628.00,29123.00,103011.00,55534.00,30474.00,13244.00,216113.00,899721.00,84848.00
724,34777.00,26862.00,113949.00,60285.00,53443.00,13597.00,230811.00,806188.00,54564.00
725,35767.00,27579.00,98278.00,52820.00,28910.00,12661.00,205074.00,817867.00,54706.00
726,53097.00,41384.00,103551.00,55542.00,46714.00,13692.00,235847.00,812461.00,58194.00
727,35832.00,27585.00,97815.00,52916.00,28915.00,12589.00,205641.00,875478.00,66578.00
728,35800.00,27727.00,98738.00,52888.00,28892.00,12528.00,205300.00,839442.00,82300.00
729,31765.00,24757.00,87265.00,56386.00,57858.00,12594.00,205299.00,836217.00,65062.00
730,31764.00,24672.00,87235.00,53642.00,79266.00,13589.00,221786.00,891342.00,57637.00
731,37544.00,29339.00,103132.00,55651.00,30508.00,13254.00,218851.00,874667.00,57757.00
732,37468.00,29109.00,102719.00,64468.00,28847.00,12487.00,205291.00,828125.00,73380.00
733,38573.00,29900.00,105699.00,70217.00,76943.00,12613.00,208626.00,833633.00,54807.00
734,35732.00,27687.00,120220.00,55573.00,30390.00,13241.00,225637.00,873393.00,57565.00
735,37488.00,29332.00,103438.00,55663.00,30427.00,13181.00,233185.00,901911.00,73214.00
736,31958.00,24655.00,87016.00,73465.00,53252.00,13269.00,225861.00,790558.00,65573.00
737,31750.00,24648.00,87278.00,53525.00,51907.00,12623.00,205239.00,871859.00,74545.00
738,38519.00,29869.00,117623.00,55612.00,30384.00,13195.00,221077.00,797638.00,54450.00
739,44167.00,27551.00,102961.00,77066.00,51189.00,12554.00,205267.00,793150.00,54475.00
740,35899.00,27777.00,98303.00,52784.00,28884.00,12542.00,205264.00,793092.00,54638.00
741,41959.00,27618.00,102261.00,67212.00,50314.00,12583.00,208367.00,787046.00,67832.00
742,31676.00,24559.00,86963.00,53526.00,50910.00,12564.00,205293.00,865489.00,57664.00
743,37601.00,29054.00,102895.00,55532.00,30412.00,13217.00,223169.00,864387.00,54831.00
744,35698.00,27701.00,97376.00,71647.00,37923.00,18743.00,251322.00,811820.00,54723.00
745,35650.00,27545.00,97222.00,52789.00,28896.00,12616.00,205372.00,793495.00,54615.00
746,35689.00,27628.00,110938.00,66436.00,50269.00,12562.00,234889.00,867162.00,73674.00
747,34939.00,27067.00,95198.00,58679.00,53537.00,13164.00,232302.00,908648.00,59096.00
748,48791.00,29952.00,102707.00,78523.00,57997.00,12657.00,207572.00,848105.00,69832.00
749,38474.00,26950.00,95469.00,68641.00,50130.00,12553.00,205271.00,888083.00,59121.00
750,48702.00,29939.00,113584.00,52833.00,28931.00,12556.00,205547.00,847468.00,69281.00
751,31715.00,24608.00,87221.00,75268.00,52326.00,13207.00,216102.00,803376.00,65322.00
752,31862.00,24537.00,87739.00,53534.00,51299.00,12466.00,205267.00,794127.00,54617.00
753,35440.00,27685.00,98500.00,66129.00,51597.00,12642.00,205427.00,792205.00,66634.00
754,31742.00,24564.00,87080.00,56303.00,50739.00,12597.00,205259.00,873537.00,57661.00
755,37843.00,29192.00,103299.00,55562.00,30447.00,13362.00,237778.00,919411.00,59544.00
756,38359.00,30008.00,106127.00,57118.00,46347.00,13258.00,237506.00,861201.00,69771.00
757,34675.00,26980.00,104319.00,53517.00,52554.00,12546.00,205328.00,821235.00,54893.00
758,35657.00,27703.00,112502.00,67263.00,50475.00,12519.00,226826.00,858127.00,76818.00
759,35596.00,27657.00,98615.00,60159.00,54502.00,13639.00,222283.00,887940.00,59143.00
760,37483.00,40182.00,111371.00,77382.00,51570.00,12596.00,225296.00,812364.00,65837.00
761,31555.00,24509.00,109430.00,58871.00,87700.00,13264.00,216133.00,882274.00,77775.00
762,35943.00,27746.00,98008.00,52786.00,28827.00,12568.00,236535.00,827182.00,66425.00
763,32020.00,24707.00,86956.00,57025.00,68906.00,13160.00,216102.00,828877.00,80104.00
764,34729.00,27067.00,95251.00,65008.00,50780.00,12641.00,205291.00,838719.00,54637.00
765,35562.00,27747.00,138833.00,73782.00,57254.00,13244.00,239280.00,871313.00,83495.00
766,35900.00,27669.00,106278.00,60281.00,63869.00,13211.00,229812.00,878262.00,57628.00
767,37835.00,29164.00,131128.00,72642.00,53452.00,13233.00,263802.00,838288.00,79149.00
768,34837.00,26909.00,95320.00,65493.00,51932.00,12559.00,205316.00,836604.00,54433.00
769,35483.00,27730.00,97521.00,78985.00,78044.00,13294.00,237392.00,909642.00,74746.00
770,35928.00,27625.00,97940.00,60246.00,78190.00,13485.00,221959.00,944948.00,62098.00
771,39422.00,30622.00,109314.00,58792.00,32244.00,14125.00,240564.00,873438.00,71103.00
772,35849.00,27572.00,98285.00,60236.00,70834.00,13527.00,248054.00,944416.00,59187.00
773,38576.00,30072.00,105802.00,57090.00,31282.00,13555.00,226666.00,898812.00,57693.00
774,37513.00,29187.00,102941.00,55608.00,30397.00,13109.00,216132.00,836015.00,57672.00
775,37483.00,28967.00,103945.00,69193.00,52238.00,13252.00,216426.00,833718.00,71483.00
776,34792.00,27184.00,115537.00,60219.00,54980.00,13611.00,230370.00,836366.00,57404.00
777,37562.00,28980.00,103202.00,55539.00,30379.00,13213.00,216098.00,900924.00,57404.00
778,37477.00,29016.00,104227.00,59460.00,46709.00,13468.00,221976.00,915901.00,59377.00
779,38468.00,29795.00,114062.00,55469.00,30469.00,13247.00,216126.00,851483.00,54574.00
780,31750.00,36963.00,102407.00,66437.00,50738.00,12498.00,232472.00,808237.00,83566.00
781,34727.00,27007.00,96520.00,58693.00,75669.00,12654.00,223922.00,886999.00,86650.00
782,39871.00,30739.00,126349.00,73367.00,55132.00,13922.00,233072.00,874628.00,72141.00
783,34905.00,27053.00,95951.00,58792.00,62761.00,12597.00,230012.00,906717.00,57600.00
784,37465.00,29151.00,103386.00,55683.00,30408.00,13194.00,274311.00,873062.00,59269.00
785,38648.00,29900.00,114573.00,55553.00,30415.00,13232.00,224721.00,872233.00,54622.00
786,35698.00,27832.00,97839.00,65302.00,51208.00,12455.00,209131.00,827568.00,64788.00
787,31595.00,24603.00,125843.00,60194.00,52863.00,13644.00,236878.00,876292.00,58914.00
788,38509.00,29874.00,106272.00,57093.00,31229.00,13508.00,221712.00,891394.00,91469.00
789,45759.00,29932.00,117369.00,57071.00,31328.00,13657.00,221923.00,907899.00,84003.00
790,37673.00,29230.00,103691.00,55590.00,30517.00,13158.00,216199.00,845211.00,65145.00
791,31653.00,24443.00,87427.00,53553.00,78236.00,13244.00,215832.00,828213.00,71287.00
792,35700.00,27554.00,97964.00,69283.00,52823.00,13193.00,225183.00,851265.00,59112.00
793,38709.00,30169.00,127374.00,73519.00,53822.00,13514.00,226811.00,854359.00,75688.00
794,35663.00,27729.00,97961.00,60249.00,61187.00,13500.00,247986.00,863845.00,57836.00
795,37744.00,29130.00,120620.00,72686.00,54047.00,13218.00,238583.00,933744.00,59153.00
796,38629.00,29958.00,105994.00,57164.00,31352.00,13633.00,226809.00,879275.00,57376.00
797,37443.00,29115.00,120258.00,72396.00,52584.00,13270.00,238620.00,850694.00,83854.00
798,35701.00,27716.00,97723.00,60311.00,76414.00,13481.00,221948.00,918861.00,59115.00
799,38772.00,29821.00,124398.00,74439.00,57714.00,13575.00,226927.00,851291.00,95333.00
800,35678.00,27566.00,98071.00,60209.00,60968.00,34689.00,236707.00,896210.00,57488.00
801,37820.00,29074.00,117137.00,55642.00,30602.00,13197.00,238234.00,852924.00,90174.00
802,35808.00,27860.00,98232.00,60185.00,65652.00,13486.00,245995.00,890259.00,57469.00
803,54487.00,29131.00,123983.00,73858.00,54054.00,13560.00,226133.00,845518.00,100328.00
804,35774.00,27600.00,99073.00,60238.00,83124.00,13240.00,216146.00,897426.00,59181.00
805,38706.00,30041.00,123490.00,74004.00,64731.00,13626.00,240259.00,853225.00,85323.00
806,35568.00,27783.00,97780.00,60250.00,54446.00,23929.00,216057.00,913068.00,59241.00
807,38359.00,29916.00,105803.00,57177.00,31310.00,13558.00,259298.00,847060.00,91984.00
808,35669.00,27558.00,98195.00,60353.00,71207.00,29050.00,226846.00,922357.00,60767.00
809,50066.00,30650.00,123691.00,58703.00,32063.00,13990.00,240908.00,873495.00,90970.00
810,35462.00,27620.00,97891.00,60258.00,75036.00,13520.00,221937.00,885193.00,57775.00
811,37550.00,29121.00,149714.00,73201.00,69335.00,13140.00,251300.00,895451.00,59079.00
812,38538.00,29806.00,106341.00,67117.00,30321.00,13213.00,224081.00,910544.00,57393.00
813,46792.00,28963.00,112612.00,72755.00,62078.00,13173.00,241045.00,875067.00,74261.00
814,35729.00,27701.00,97407.00,69772.00,53241.00,13169.00,216108.00,899842.00,58888.00
815,46457.00,29918.00,115187.00,83379.00,55162.00,13957.00,232720.00,883644.00,80249.00
816,35816.00,27740.00,97870.00,60325.00,61928.00,13519.00,221939.00,862150.00,57414.00
817,37631.00,29097.00,122406.00,73894.00,52469.00,13163.00,240413.00,923412.00,59180.00
818,38445.00,29958.00,105855.00,57106.00,31310.00,13672.00,221973.00,890071.00,57519.00
819,37720.00,29152.00,103271.00,55594.00,30448.00,13184.00,237617.00,908789.00,74799.00
820,38558.00,29829.00,106449.00,67594.00,30425.00,13174.00,216157.00,888160.00,59183.00
821,38728.00,29911.00,121170.00,78583.00,59451.00,13568.00,226702.00,844448.00,105463.00
822,35747.00,27610.00,97664.00,60263.00,73024.00,13344.00,232991.00,917758.00,58999.00
823,38567.00,29976.00,105553.00,66166.00,30430.00,13262.00,241998.00,878697.00,74722.00
824,38625.00,29884.00,106796.00,57021.00,41219.00,13273.00,216073.00,895893.00,57593.00
825,37470.00,29252.00,105586.00,102487.00,53285.00,13572.00,225714.00,850511.00,75476.00
826,35742.00,27548.00,97706.00,60306.00,53784.00,13551.00,221998.00,859692.00,58995.00
827,38380.00,29843.00,106797.00,69698.00,54266.00,13587.00,221982.00,916231.00,70886.00
828,38612.00,36736.00,105793.00,57059.00,31460.00,13709.00,221935.00,913309.00,58947.00
829,38728.00,29875.00,105295.00,57114.00,31183.00,13597.00,239257.00,890036.00,79209.00
830,39909.00,27742.00,98059.00,60176.00,53121.00,13605.00,222054.00,868974.00,57546.00
831,37736.00,29135.00,103098.00,55516.00,30358.00,13257.00,216162.00,920996.00,59419.00
832,38847.00,29886.00,136408.00,57166.00,31271.00,13693.00,237276.00,846065.00,58975.00
833,38491.00,29888.00,114387.00,55549.00,30394.00,13247.00,216208.00,923570.00,64837.00
834,37703.00,29127.00,103498.00,59765.00,46794.00,13529.00,221964.00,890590.00,59316.00
835,38463.00,29969.00,121970.00,52948.00,28837.00,12689.00,205455.00,855240.00,54735.00
836,44211.00,27596.00,102907.00,68016.00,54513.00,12517.00,233273.00,802709.00,93676.00
837,34810.00,26935.00,95752.00,58801.00,53439.00,13242.00,216478.00,853840.00,54808.00
838,35699.00,27622.00,96810.00,65468.00,50222.00,12625.00,229733.00,924116.00,75250.00
839,35759.00,27765.00,97710.00,60309.00,53658.00,13514.00,228503.00,874925.00,57650.00
840,35819.00,39291.00,97929.00,64889.00,51610.00,12495.00,241851.00,906364.00,68066.00
841,54321.00,33254.00,115157.00,55514.00,30404.00,13189.00,217840.00,830403.00,65722.00
842,35680.00,27566.00,97629.00,52768.00,28843.00,12569.00,205555.00,841976.00,64440.00
843,31628.00,24577.00,87575.00,53564.00,63672.00,28497.00,215920.00,821255.00,70585.00
844,34782.00,27089.00,96210.00,68003.00,58535.00,12631.00,205290.00,835478.00,54861.00
845,35756.00,27554.00,112504.00,69652.00,51158.00,12559.00,260353.00,871459.00,74304.00
846,38613.00,29883.00,105210.00,57108.00,31239.00,13561.00,229391.00,907068.00,54643.00
847,35862.00,27536.00,111124.00,67418.00,55287.00,12472.00,227637.00,808327.00,65605.00
848,34908.00,24641.00,110891.00,58870.00,52957.00,13197.00,219042.00,826226.00,57611.00
849,35440.00,38237.00,97166.00,52908.00,28915.00,12599.00,205478.00,890229.00,69913.00
850,34712.00,26915.00,95538.00,80047.00,72449.00,13572.00,222142.00,856398.00,72566.00
851,35901.00,27655.00,107866.00,58845.00,51905.00,13278.00,216150.00,836071.00,57981.00
852,34862.00,69392.00,95773.00,58809.00,52557.00,13095.00,281803.00,872265.00,76937.00
853,34899.00,26992.00,95226.00,58805.00,53374.00,13190.00,220015.00,836140.00,65562.00
854,35812.00,27639.00,112647.00,66529.00,55317.00,12588.00,231020.00,806157.00,87166.00
855,34750.00,26961.00,95434.00,58844.00,53724.00,13251.00,217047.00,837022.00,54805.00
856,35714.00,27715.00,97926.00,52774.00,28929.00,12516.00,205366.00,854282.00,57782.00
857,37717.00,29146.00,114859.00,87413.00,31150.00,13571.00,232308.00,864630.00,59335.00
858,76511.00,39710.00,102810.00,55738.00,30410.00,13226.00,221830.00,836961.00,91366.00
859,31609.00,24467.00,87549.00,53508.00,86811.00,13236.00,216076.00,837680.00,73767.00
860,34851.00,26890.00,95808.00,58768.00,53689.00,13258.00,235017.00,886760.00,57548.00
861,46309.00,29143.00,112267.00,72252.00,57337.00,13213.00,241191.00,913161.00,77945.00
862,34742.00,27031.00,96131.00,58773.00,66567.00,12555.00,205257.00,836898.00,54785.00
863,35702.00,27488.00,114047.00,85128.00,57397.00,13262.00,220620.00,935226.00,59283.00
864,38631.00,30014.00,105638.00,57062.00,31242.00,13550.00,222065.00,903214.00,54599.00
865,35665.00,27670.00,136477.00,74075.00,77208.00,13528.00,252626.00,900555.00,74002.00
866,35640.00,27536.00,107221.00,83140.00,52663.00,13272.00,216098.00,851897.00,54653.00
867,43195.00,27495.00,102071.00,68456.00,50830.00,12436.00,231273.00,803132.00,93803.00
868,35081.00,26831.00,112384.00,60254.00,73893.00,13233.00,223632.00,908012.00,57540.00
869,45370.00,29211.00,102660.00,55623.00,30474.00,13164.00,253888.00,806548.00,64963.00
870,31599.00,27096.00,87537.00,53491.00,50542.00,12587.00,205291.00,829976.00,57356.00
871,37401.00,29193.00,110169.00,52890.00,28904.00,12541.00,205281.00,834232.00,64196.00
872,31726.00,24575.00,87192.00,53473.00,50200.00,12543.00,231778.00,858030.00,73311.00
873,35646.00,27715.00,97952.00,60200.00,81804.00,29581.00,271401.00,854817.00,54669.00
874,31893.00,36477.00,102032.00,77317.00,50346.00,12554.00,208778.00,787106.00,68170.00
875,74192.00,24586.00,95429.00,58781.00,53541.00,13169.00,243591.00,881383.00,54782.00
876,35803.00,27758.00,105063.00,52845.00,28920.00,12582.00,209329.00,823604.00,70236.00
877,31600.00,24520.00,90047.00,53543.00,57046.00,12570.00,205622.00,793728.00,54691.00
878,35698.00,27505.00,97535.00,52833.00,28900.00,12579.00,205577.00,793236.00,54856.00
879,35738.00,27654.00,132782.00,72166.00,52621.00,13145.00,219906.00,895023.00,83864.00
880,35676.00,27711.00,106768.00,65400.00,71990.00,13281.00,223690.00,843060.00,57779.00
881,35664.00,38378.00,112077.00,52793.00,28913.00,12614.00,209177.00,825001.00,66185.00
882,31756.00,24559.00,109258.00,58858.00,53192.00,13190.00,220483.00,793710.00,54551.00
883,35752.00,27807.00,98247.00,52865.00,28878.00,12484.00,205256.00,793227.00,54500.00
884,35648.00,27658.00,113533.00,66241.00,50729.00,12485.00,228119.00,882106.00,75465.00
885,35951.00,27817.00,97866.00,60251.00,66288.00,13648.00,221973.00,883257.00,59080.00
886,38680.00,29971.00,138693.00,67274.00,59185.00,12625.00,228696.00,886983.00,78719.00
887,38729.00,29935.00,123492.00,57145.00,31303.00,13625.00,222056.00,901506.00,54636.00
888,35568.00,27607.00,110712.00,67665.00,57123.00,12512.00,226098.00,857989.00,74839.00
889,34846.00,26880.00,95477.00,58809.00,53429.00,13171.00,215975.00,869934.00,57493.00
890,37574.00,29197.00,103693.00,55605.00,30397.00,13227.00,216187.00,874590.00,66084.00
891,31660.00,24660.00,90240.00,73764.00,53313.00,13228.00,216069.00,864974.00,57286.00
892,37690.00,29179.00,104029.00,55655.00,30451.00,13148.00,216136.00,884158.00,57552.00
893,37529.00,28937.00,110267.00,52823.00,28897.00,12591.00,240076.00,841097.00,70474.00
894,34554.00,27047.00,95451.00,58789.00,70526.00,12492.00,205268.00,833860.00,57759.00
895,37679.00,28965.00,133956.00,84069.00,53605.00,13555.00,226407.00,868560.00,83929.00
896,35743.00,27495.00,98033.00,60303.00,54616.00,13603.00,247749.00,867085.00,57728.00
897,37415.00,29047.00,118633.00,72975.00,61242.00,13175.00,220272.00,865038.00,90159.00
898,35586.00,27802.00,107719.00,58793.00,52870.00,13224.00,345803.00,1144191.00,71416.00
899,42768.00,27041.00,117894.00,60485.00,53018.00,13909.00,231190.00,869180.00,60493.00
900,38887.00,30092.00,106329.00,57287.00,31847.00,24268.00,216628.00,879890.00,98647.00
901,35727.00,27490.00,103096.00,60533.00,70063.00,29404.00,230980.00,835445.00,58157.00
902,37557.00,29183.00,108699.00,52776.00,28894.00,12623.00,205613.00,848615.00,64193.00
903,44113.00,29239.00,110464.00,55705.00,30397.00,13563.00,220001.00,844929.00,57940.00
904,37536.00,42228.00,103191.00,55696.00,39668.00,12619.00,205251.00,834536.00,54831.00
905,35782.00,27705.00,113593.00,69215.00,60467.00,13265.00,239086.00,850770.00,84255.00
906,35573.00,31408.00,97925.00,60207.00,54139.00,23732.00,215739.00,834739.00,54651.00
907,35722.00,27628.00,98164.00,52834.00,28925.00,12515.00,205502.00,899438.00,71404.00
908,35837.00,43364.00,101617.00,60350.00,53607.00,13589.00,228839.00,852752.00,57606.00
909,37696.00,29187.00,120124.00,56998.00,31356.00,13607.00,222006.00,927262.00,59121.00
910,38515.00,29932.00,106053.00,61768.00,31305.00,13560.00,230753.00,844416.00,57601.00
911,37494.00,29196.00,104015.00,55645.00,30421.00,13164.00,216155.00,859064.00,54749.00
912,35936.00,27562.00,113598.00,66269.00,50775.00,12475.00,229132.00,807801.00,67686.00
913,34827.00,41045.00,95489.00,58771.00,53295.00,13149.00,219309.00,825374.00,66743.00
914,35645.00,27879.00,97959.00,52836.00,28872.00,12511.00,223600.00,864307.00,57667.00
915,37676.00,29267.00,103235.00,76380.00,31115.00,13578.00,253861.00,882741.00,57543.00
916,37402.00,29147.00,108186.00,52804.00,28953.00,12632.00,205428.00,837004.00,54745.00
917,41709.00,27564.00,102873.00,72461.00,51355.00,12486.00,233546.00,849846.00,69934.00
918,34992.00,26956.00,95697.00,75706.00,53407.00,13551.00,221766.00,885986.00,57420.00
919,37887.00,29091.00,122171.00,71647.00,52772.00,13209.00,239260.00,845365.00,90709.00
920,34846.00,26804.00,95763.00,58753.00,53168.00,23079.00,205468.00,905390.00,57536.00
921,46228.00,29047.00,155729.00,71684.00,52531.00,13272.00,239147.00,873281.00,71168.00
922,35787.00,27581.00,98297.00,67850.00,56905.00,13619.00,221995.00,904398.00,58962.00
923,38795.00,29930.00,124920.00,102024.00,54012.00,13186.00,248118.00,808298.00,81027.00
924,35000.00,26786.00,95401.00,58680.00,60389.00,12599.00,205254.00,834823.00,54836.00
925,35606.00,27646.00,97875.00,65026.00,53843.00,12497.00,205522.00,868974.00,75290.00
926,34888.00,26962.00,131865.00,66975.00,61012.00,13523.00,228990.00,894878.00,57741.00
927,76373.00,29087.00,103167.00,64457.00,28893.00,12565.00,205040.00,834544.00,84476.00
928,31989.00,24359.00,106192.00,58723.00,52747.00,13142.00,223942.00,816993.00,57473.00
929,47692.00,29200.00,97366.00,52835.00,28932.00,12580.00,205291.00,879212.00,57528.00
930,45930.00,29119.00,139027.00,73174.00,87059.00,13549.00,221889.00,913579.00,71829.00
931,34757.00,37538.00,95715.00,58762.00,62788.00,12594.00,205533.00,836280.00,54687.00
932,31903.00,37109.00,102541.00,66791.00,50146.00,12503.00,231983.00,924058.00,59239.00
933,38552.00,29862.00,105708.00,57122.00,31331.00,23900.00,220123.00,862392.00,57500.00
934,54246.00,29146.00,126100.00,73810.00,53543.00,13451.00,226013.00,869680.00,78834.00
935,34658.00,27009.00,95140.00,58767.00,73047.00,13245.00,232331.00,855814.00,54731.00
936,35727.00,27625.00,113052.00,67756.00,59361.00,12522.00,228857.00,808097.00,68467.00
937,34919.00,41292.00,95302.00,58856.00,74708.00,13568.00,235312.00,856556.00,57540.00
938,37600.00,29090.00,103427.00,55631.00,30407.00,13217.00,224090.00,951928.00,89694.00
939,34828.00,53357.00,95564.00,58813.00,65334.00,13157.00,217186.00,827942.00,57466.00
940,37692.00,29031.00,102912.00,55542.00,30465.00,13180.00,222383.00,855200.00,69597.00
941,34934.00,26970.00,99253.00,75859.00,53525.00,13549.00,245343.00,884374.00,76729.00
942,37597.00,44007.00,119703.00,57138.00,31186.00,13628.00,221959.00,869790.00,64421.00
943,31867.00,24512.00,87176.00,72766.00,60802.00,13172.00,216074.00,897883.00,75052.00
944,46267.00,27577.00,96436.00,75231.00,52856.00,13566.00,221735.00,895085.00,64844.00
945,38433.00,45459.00,105683.00,61347.00,31299.00,13695.00,232553.00,875733.00,57703.00
946,37657.00,29053.00,110181.00,52976.00,28878.00,12566.00,205484.00,856641.00,58902.00
947,46647.00,29928.00,123561.00,71884.00,83364.00,12699.00,231283.00,865891.00,72087.00
948,35813.00,27686.00,98471.00,60248.00,61029.00,23997.00,220793.00,903041.00,69230.00
949,37637.00,29140.00,103054.00,55575.00,30429.00,13161.00,241370.00,905054.00,59041.00
950,38471.00,29908.00,128806.00,63667.00,28866.00,12517.00,234760.00,843400.00,54607.00
951,35713.00,27648.00,113490.00,68205.00,60273.00,12502.00,229315.00,805348.00,69931.00
952,31712.00,24637.00,87173.00,53567.00,54373.00,12590.00,205263.00,793463.00,54423.00
953,35677.00,27764.00,116102.00,55577.00,30474.00,13212.00,237118.00,921401.00,73963.00
954,34804.00,26974.00,99237.00,58780.00,52143.00,13216.00,216140.00,922889.00,57381.00
955,48013.00,29108.00,97466.00,52825.00,28889.00,12536.00,234466.00,864735.00,57532.00
956,37581.00,29081.00,112130.00,54059.00,77653.00,13249.00,216175.00,828157.00,71503.00
957,34613.00,27037.00,96498.00,58795.00,52659.00,13213.00,225350.00,858217.00,59309.00
958,38420.00,29820.00,124844.00,84046.00,52990.00,13147.00,241283.00,835776.00,71941.00
959,34670.00,26892.00,94863.00,58851.00,52873.00,23846.00,205324.00,829858.00,57564.00
960,37668.00,29109.00,102567.00,77164.00,62181.00,13232.00,252892.00,884163.00,91903.00
961,35802.00,27573.00,106197.00,60255.00,76248.00,13163.00,255029.00,873934.00,54596.00
962,35871.00,27713.00,111295.00,68250.00,55288.00,12531.00,227745.00,811481.00,65633.00
963,51827.00,24689.00,95050.00,58812.00,53158.00,13226.00,220871.00,822491.00,65451.00
964,35822.00,27611.00,98524.00,52803.00,28773.00,12470.00,222166.00,908292.00,95096.00
965,35623.00,43741.00,102270.00,60256.00,66288.00,13512.00,231646.00,809363.00,54736.00
966,35665.00,27679.00,97545.00,52724.00,28908.00,12617.00,205445.00,875674.00,57429.00
967,37547.00,29162.00,103258.00,55584.00,30449.00,13213.00,248034.00,860355.00,72730.00
968,35603.00,27674.00,97692.00,60256.00,53354.00,13503.00,247901.00,864582.00,57449.00
969,37807.00,29196.00,125926.00,66468.00,71424.00,13196.00,239790.00,901313.00,73128.00
970,35666.00,27590.00,97759.00,60214.00,72018.00,13249.00,215962.00,875938.00,54835.00
971,35639.00,27814.00,114408.00,66571.00,50859.00,12493.00,256947.00,833632.00,107996.00
972,35988.00,27734.00,98474.00,60288.00,55004.00,13490.00,226302.00,857863.00,57611.00
973,37569.00,29021.00,115468.00,72792.00,60776.00,13154.00,251453.00,901516.00,57477.00
974,37580.00,29232.00,103067.00,55559.00,30406.00,13223.00,215827.00,883560.00,54817.00
975,35615.00,27593.00,97954.00,52782.00,28965.00,12538.00,205450.00,850519.00,74641.00
976,50888.00,27229.00,101567.00,60252.00,65040.00,13606.00,247922.00,894894.00,65395.00
977,35851.00,27478.00,98016.00,52811.00,28913.00,12551.00,205292.00,842338.00,65770.00
978,31765.00,24578.00,87155.00,53616.00,79698.00,13229.00,270405.00,843947.00,70726.00
979,34911.00,27012.00,95738.00,64505.00,51116.00,12429.00,205263.00,837161.00,57676.00
980,46057.00,28899.00,112443.00,74818.00,54856.00,13273.00,220482.00,804368.00,95713.00
981,51219.00,26882.00,97623.00,60169.00,53821.00,13494.00,226942.00,870159.00,57524.00
982,35690.00,38434.00,111637.00,67146.00,51625.00,12544.00,227658.00,809923.00,65999.00
983,52221.00,24499.00,95142.00,58791.00,53514.00,13260.00,220926.00,830748.00,78591.00
984,35918.00,27687.00,98494.00,52747.00,28899.00,12584.00,205298.00,837445.00,71426.00
985,31742.00,24425.00,87035.00,53481.00,54249.00,29148.00,215896.00,825560.00,71059.00
986,35015.00,26900.00,95956.00,69075.00,53792.00,12498.00,205262.00,852052.00,54660.00
987,35669.00,27448.00,112284.00,68035.00,59042.00,12580.00,228455.00,851874.00,85489.00
988,50771.00,26956.00,97527.00,60308.00,75000.00,13612.00,221974.00,888683.00,54619.00
989,35690.00,27692.00,99882.00,131311.00,54017.00,13600.00,225531.00,868417.00,83711.00
990,35497.00,27632.00,97786.00,70148.00,52977.00,13264.00,216142.00,886690.00,57567.00
991,37673.00,28939.00,110258.00,55600.00,30453.00,13187.00,227973.00,859776.00,67653.00
992,50207.00,24629.00,95426.00,58716.00,52246.00,13131.00,218873.00,871354.00,57738.00
993,37450.00,29132.00,103451.00,55547.00,30325.00,13210.00,216387.00,880116.00,64574.00
994,31780.00,24639.00,86795.00,72282.00,53816.00,13162.00,216120.00,876691.00,57552.00
995,37505.00,29277.00,109277.00,59925.00,28934.00,12550.00,234828.00,884774.00,57755.00
996,37366.00,29183.00,102601.00,55600.00,30411.00,13297.00,220454.00,896811.00,57427.00
997,37388.00,28989.00,110861.00,52754.00,28778.00,12627.00,205565.00,794072.00,54788.00
998,35846.00,27774.00,98118.00,65301.00,50592.00,12580.00,205245.00,791167.00,64705.00
999,31662.00,24475.00,112131.00,75499.00,63564.00,13694.00,222159.00,883090.00,57775.00
1000,35569.00,38406.00,115976.00,72178.00,31146.00,13533.00,228815.00,808904.00,70363.00
1001,37721.00,30396.00,143813.00,84104.00,37982.00,19342.00,721074.00,1098240.00,65843.00
1002,31846.00,29514.00,87560.00,53723.00,51195.00,12640.00,205480.00,821890.00,57564.00
1003,47487.00,29133.00,98031.00,52776.00,28941.00,12544.00,205175.00,793651.00,54675.00
1004,31600.00,35987.00,86753.00,53507.00,61730.00,12625.00,209527.00,787044.00,67886.00
1005,34690.00,40551.00,95872.00,58775.00,53221.00,13197.00,219818.00,794037.00,54649.00
1006,35593.00,27561.00,97135.00,52761.00,29004.00,12531.00,205047.00,793751.00,56101.00
1007,31796.00,35506.00,87166.00,53587.00,50758.00,12617.00,208302.00,787489.00,67289.00
1008,31680.00,24553.00,86629.00,53567.00,51736.00,12597.00,205033.00,793580.00,54692.00
1009,35858.00,27870.00,98247.00,52788.00,28893.00,12517.00,205064.00,818895.00,57422.00
1010,34600.00,37996.00,112358.00,85881.00,53785.00,16264.00,221404.00,876211.00,69200.00
1011,31694.00,24666.00,87033.00,53690.00,60696.00,12582.00,270459.00,839058.00,54578.00
1012,35814.00,27583.00,114120.00,66324.00,50516.00,12635.00,208470.00,787251.00,64565.00
1013,31831.00,27424.00,86617.00,53491.00,50945.00,12590.00,205255.00,793473.00,54658.00
1014,35820.00,27506.00,98019.00,52841.00,28880.00,12546.00,205252.00,793774.00,54520.00
1015,35738.00,27583.00,113277.00,67888.00,57088.00,12606.00,208502.00,787369.00,64593.00
1016,31631.00,27268.00,87636.00,53610.00,50899.00,12529.00,205263.00,836741.00,54633.00
1017,35803.00,27707.00,97642.00,52666.00,28887.00,12540.00,205092.00,838449.00,56006.00
1018,31801.00,36385.00,87004.00,53413.00,50693.00,12623.00,207930.00,788565.00,67512.00
1019,31525.00,24619.00,87108.00,53533.00,51216.00,12604.00,205259.00,793718.00,54514.00
1020,35690.00,27636.00,98462.00,52715.00,28850.00,12611.00,205255.00,794275.00,54575.00
1021,31763.00,36877.00,102655.00,67526.00,59091.00,12537.00,208487.00,787201.00,68993.00
1022,31686.00,24491.00,87168.00,53584.00,51880.00,12449.00,205246.00,793480.00,54330.00
1023,35759.00,27619.00,98300.00,52832.00,28823.00,12546.00,205267.00,844605.00,54578.00
1024,35603.00,27660.00,118569.00,72831.00,31173.00,17929.00,227973.00,806643.00,65755.00
1025,31896.00,24630.00,86924.00,53619.00,67243.00,12535.00,205286.00,877913.00,54934.00
1026,35889.00,27512.00,110766.00,66291.00,50442.00,12591.00,208959.00,787330.00,64658.00
1027,31673.00,24595.00,90080.00,53517.00,51050.00,12524.00,228423.00,820394.00,54510.00
1028,35746.00,27679.00,97696.00,68912.00,30400.00,13285.00,216067.00,816139.00,54594.00
1029,45023.00,27663.00,102841.00,67573.00,59200.00,12492.00,208485.00,803904.00,73877.00
1030,35048.00,27031.00,95273.00,58691.00,57651.00,13212.00,224923.00,824950.00,54687.00
1031,35787.00,27708.00,98455.00,52816.00,28923.00,12639.00,204975.00,794906.00,75877.00
1032,31893.00,24530.00,87836.00,53496.00,53128.00,15767.00,205276.00,789622.00,65290.00
1033,31639.00,24537.00,86864.00,53591.00,52245.00,12574.00,205273.00,793604.00,54429.00
1034,35667.00,27580.00,98896.00,52864.00,28883.00,12601.00,205265.00,793791.00,64572.00
1035,31605.00,24654.00,86885.00,53555.00,51800.00,12526.00,208655.00,848079.00,72818.00
1036,35712.00,27765.00,98312.00,60302.00,70781.00,13290.00,217384.00,793626.00,54398.00
1037,35778.00,27500.00,97943.00,65043.00,50873.00,12614.00,205069.00,882139.00,73102.00
1038,45952.00,27702.00,98936.00,58726.00,52752.00,13274.00,224347.00,793949.00,54613.00
1039,35754.00,27750.00,97908.00,52708.00,28926.00,12572.00,205051.00,793479.00,54560.00
1040,35731.00,27517.00,113542.00,68128.00,52018.00,12601.00,208602.00,788067.00,66887.00
1041,34860.00,24571.00,111637.00,58861.00,54158.00,13223.00,216060.00,947225.00,59134.00
1042,48552.00,29903.00,110802.00,84475.00,52752.00,13245.00,238855.00,852629.00,71498.00
1043,34819.00,29808.00,95728.00,58899.00,52028.00,13180.00,218619.00,874722.00,57738.00
1044,37699.00,29084.00,103232.00,55544.00,30551.00,13430.00,215830.00,848551.00,65775.00
1045,31758.00,24769.00,87085.00,73163.00,61981.00,13261.00,216083.00,802204.00,65161.00
1046,31648.00,24423.00,87076.00,53598.00,50388.00,12508.00,205398.00,837975.00,55504.00
1047,35782.00,27642.00,114420.00,66853.00,50533.00,12673.00,209806.00,847334.00,55533.00
1048,37531.00,47934.00,120091.00,56998.00,31272.00,13581.00,228854.00,811573.00,54696.00
1049,35605.00,27747.00,97976.00,52871.00,28966.00,12563.00,205506.00,875167.00,72498.00
1050,42738.00,27792.00,86881.00,56127.00,68756.00,13284.00,216120.00,840550.00,71117.00
1051,34803.00,26879.00,105874.00,53682.00,51517.00,12645.00,205254.00,793925.00,55787.00
1052,35641.00,27731.00,112888.00,68135.00,50409.00,12469.00,227828.00,811710.00,67816.00
1053,48870.00,28047.00,95029.00,58807.00,54393.00,13357.00,223239.00,823399.00,66304.00
1054,35715.00,27668.00,98331.00,52894.00,29005.00,12488.00,205437.00,838572.00,77233.00
1055,34752.00,26940.00,95994.00,58944.00,60405.00,13329.00,216288.00,830656.00,94894.00
1056,34803.00,27192.00,95324.00,58780.00,52946.00,13441.00,216751.00,863113.00,69325.00
1057,46876.00,29011.00,112975.00,72585.00,52807.00,13266.00,220841.00,861033.00,75916.00
1058,35643.00,27718.00,98402.00,70122.00,59534.00,13174.00,216357.00,871412.00,60628.00
1059,37612.00,29305.00,120322.00,72153.00,52217.00,13442.00,248436.00,863443.00,74225.00
1060,37619.00,29250.00,104208.00,55543.00,30402.00,23386.00,205370.00,875929.00,55127.00
1061,35637.00,27722.00,116141.00,68971.00,54761.00,13316.00,240963.00,825628.00,65741.00
1062,34311.00,24645.00,112253.00,60285.00,53683.00,13696.00,232290.00,846139.00,69220.00
1063,35789.00,38472.00,98116.00,53294.00,29011.00,12619.00,206075.00,888801.00,65657.00
1064,31761.00,24720.00,87324.00,57142.00,78498.00,13684.00,221946.00,838158.00,57975.00
1065,37318.00,29192.00,109826.00,53163.00,28954.00,12734.00,206013.00,838090.00,55202.00
1066,35795.00,27787.00,114185.00,68153.00,50458.00,12591.00,230152.00,861944.00,89834.00
1067,35658.00,27813.00,98948.00,70809.00,60305.00,13251.00,224872.00,877666.00,55008.00
1068,35818.00,27655.00,111511.00,67665.00,50987.00,12517.00,227766.00,841936.00,68505.00
1069,34925.00,41495.00,96008.00,58730.00,53643.00,13159.00,220053.00,825169.00,66288.00
1070,35924.00,27678.00,98128.00,52753.00,29117.00,12626.00,205310.00,841102.00,65211.00
1071,31613.00,24757.00,110004.00,70085.00,92519.00,17241.00,231349.00,900275.00,57857.00
1072,37468.00,29031.00,102805.00,55467.00,30496.00,13275.00,223640.00,836606.00,65794.00
1073,31749.00,24502.00,87024.00,53535.00,54924.00,12666.00,233128.00,807118.00,84648.00
1074,34904.00,27004.00,95578.00,58898.00,70388.00,12553.00,205273.00,838322.00,54809.00
1075,35752.00,27461.00,97154.00,66261.00,52237.00,12537.00,205259.00,830389.00,69235.00
1076,31849.00,24538.00,112240.00,58698.00,52347.00,13285.00,216073.00,848006.00,67980.00
1077,35676.00,27685.00,97516.00,52730.00,28881.00,12632.00,205299.00,841776.00,55769.00
1078,31733.00,35504.00,86691.00,53591.00,51435.00,12520.00,232389.00,858831.00,71511.00
1079,34805.00,27056.00,96138.00,58697.00,60717.00,13258.00,216073.00,852768.00,54799.00
1080,35760.00,27749.00,100563.00,77330.00,54535.00,12529.00,226033.00,811053.00,64768.00
1081,31678.00,24833.00,110434.00,58817.00,53767.00,13212.00,222298.00,822902.00,57586.00
1082,46529.00,29013.00,97913.00,52939.00,28933.00,12566.00,205149.00,892628.00,110106.00
1083,35869.00,27780.00,98100.00,90949.00,63865.00,13335.00,216185.00,847634.00,57644.00
1084,37510.00,29241.00,109775.00,52768.00,28863.00,12583.00,205030.00,836675.00,54571.00
1085,44531.00,27710.00,102566.00,66196.00,57229.00,12660.00,231700.00,833472.00,74390.00
1086,34740.00,26913.00,95757.00,58982.00,78192.00,24903.00,205263.00,836929.00,54623.00
1087,35537.00,27590.00,97942.00,66205.00,50515.00,12535.00,209066.00,855536.00,96749.00
1088,39569.00,27584.00,107066.00,58710.00,57572.00,13159.00,218658.00,823016.00,57648.00
1089,37563.00,54727.00,103015.00,55566.00,30465.00,13242.00,219674.00,845288.00,65518.00
1090,31684.00,24708.00,87268.00,53646.00,75474.00,13352.00,216115.00,851469.00,69846.00
1091,34825.00,26933.00,95646.00,58830.00,53691.00,13178.00,216102.00,862989.00,54693.00
1092,44549.00,27605.00,102390.00,69263.00,50496.00,12616.00,231549.00,805463.00,86558.00
1093,34771.00,27010.00,96321.00,58636.00,54814.00,13312.00,216668.00,836308.00,54945.00
1094,35606.00,27635.00,97776.00,52848.00,28977.00,12616.00,205596.00,912821.00,57897.00
1095,37611.00,29238.00,107395.00,55582.00,30492.00,13269.00,226613.00,818743.00,58162.00
1096,37639.00,29152.00,110575.00,52712.00,29044.00,12525.00,205116.00,836504.00,54895.00
1097,35796.00,27572.00,111544.00,78879.00,51932.00,12565.00,232213.00,834214.00,82051.00
1098,34919.00,26835.00,95575.00,58749.00,70790.00,13241.00,216024.00,862991.00,58003.00
1099,38594.00,44934.00,137817.00,75611.00,69155.00,13546.00,226407.00,845137.00,81969.00
1100,35697.00,43714.00,98229.00,60275.00,54352.00,13532.00,222391.00,931358.00,59339.00
1101,38418.00,29837.00,123070.00,73263.00,53354.00,24108.00,239662.00,927610.00,59592.00
1102,38494.00,29847.00,114785.00,55569.00,30434.00,13243.00,218275.00,884013.00,57511.00
1103,37699.00,29013.00,124151.00,73203.00,52611.00,13238.00,247042.00,861142.00,74058.00
1104,35633.00,27797.00,98595.00,60256.00,54553.00,13983.00,236673.00,941185.00,61032.00
1105,39459.00,30694.00,118324.00,57192.00,31235.00,13675.00,227276.00,903085.00,94598.00
1106,35795.00,27550.00,98652.00,60345.00,54799.00,13656.00,247275.00,885224.00,59068.00
1107,48978.00,30016.00,115849.00,73839.00,58570.00,13633.00,227001.00,906954.00,110614.00
1108,35581.00,27499.00,98468.00,60249.00,64559.00,13180.00,254108.00,986652.00,59239.00
1109,38496.00,29931.00,131230.00,76555.00,31315.00,16792.00,236466.00,901140.00,69676.00
1110,35712.00,39640.00,98018.00,52868.00,28863.00,12565.00,205548.00,854552.00,77433.00
1111,31610.00,24676.00,87271.00,53512.00,53935.00,12755.00,253349.00,877815.00,69840.00
1112,34951.00,26962.00,100095.00,53502.00,51954.00,12596.00,205528.00,839274.00,54933.00
1113,53071.00,27569.00,123603.00,71628.00,52828.00,13272.00,244776.00,854570.00,71605.00
1114,35789.00,27768.00,98129.00,60197.00,80985.00,13195.00,216055.00,866914.00,54779.00
1115,35829.00,27638.00,112947.00,66741.00,51626.00,12568.00,229126.00,808785.00,64610.00
1116,34963.00,55609.00,94923.00,58872.00,79033.00,13464.00,246179.00,895183.00,55024.00
1117,51738.00,27657.00,106530.00,83521.00,52017.00,13215.00,266108.00,822748.00,69109.00
1118,34849.00,43028.00,95713.00,58848.00,52214.00,13191.00,219694.00,893748.00,58573.00
1119,35657.00,27721.00,97105.00,52932.00,28880.00,12605.00,205431.00,879550.00,71667.00
1120,34781.00,26841.00,114095.00,70406.00,63136.00,13137.00,225809.00,864571.00,57667.00
1121,46240.00,29070.00,97500.00,52909.00,28907.00,12526.00,205475.00,837650.00,74325.00
1122,31670.00,24471.00,86529.00,53586.00,54305.00,12566.00,252450.00,846530.00,70881.00
1123,34704.00,26833.00,95279.00,64460.00,52400.00,12529.00,205291.00,836051.00,54785.00
1124,35628.00,27411.00,112700.00,71618.00,50782.00,12538.00,228633.00,806584.00,64607.00
1125,49832.00,27557.00,95878.00,58783.00,53232.00,13198.00,217219.00,824497.00,57552.00
1126,37548.00,28917.00,102628.00,55583.00,30517.00,13213.00,215856.00,839228.00,66523.00
1127,31794.00,24614.00,87783.00,53481.00,70258.00,13264.00,216113.00,821528.00,71039.00
1128,34842.00,27054.00,111191.00,60345.00,54382.00,13583.00,239834.00,883998.00,57865.00
1129,46550.00,29079.00,98684.00,52826.00,28867.00,12578.00,229265.00,815176.00,69682.00
1130,31799.00,24595.00,86451.00,53612.00,52503.00,12535.00,205256.00,793661.00,54571.00
1131,35832.00,27649.00,98288.00,52782.00,28849.00,12554.00,205298.00,837755.00,65607.00
1132,31765.00,24626.00,87199.00,53736.00,50536.00,12604.00,232674.00,807006.00,66126.00
1133,31728.00,24549.00,86808.00,53443.00,50924.00,12610.00,205416.00,792812.00,54645.00
1134,35789.00,27613.00,98219.00,52833.00,28931.00,12510.00,205425.00,793731.00,64595.00
1135,31621.00,24523.00,87695.00,53664.00,50849.00,12599.00,210007.00,786902.00,68814.00
1136,31679.00,24729.00,86622.00,53518.00,51675.00,12454.00,205260.00,793475.00,54519.00
1137,35646.00,27595.00,98663.00,52749.00,28867.00,12632.00,205271.00,793079.00,54490.00
1138,31731.00,36771.00,102899.00,66329.00,50931.00,12540.00,208185.00,787129.00,68800.00
1139,34858.00,42126.00,95877.00,58802.00,53654.00,13161.00,220025.00,793111.00,54547.00
1140,35642.00,27534.00,99173.00,52815.00,28885.00,12545.00,205336.00,793525.00,64615.00
1141,31758.00,24528.00,88087.00,53557.00,55195.00,12518.00,246112.00,854728.00,65439.00
1142,31877.00,24526.00,87640.00,53591.00,50860.00,12565.00,205287.00,793498.00,54619.00
1143,35624.00,27886.00,98276.00,54695.00,62156.00,12550.00,205258.00,795419.00,75708.00
1144,31722.00,24506.00,86926.00,56560.00,51136.00,12560.00,205252.00,790843.00,64475.00
1145,31662.00,24573.00,86819.00,53625.00,50953.00,12516.00,205300.00,793435.00,54606.00
1146,35606.00,27664.00,98379.00,65052.00,50997.00,12532.00,205269.00,795633.00,64852.00
1147,31608.00,24584.00,87422.00,56357.00,51415.00,12615.00,205638.00,790082.00,65539.00
1148,31839.00,24590.00,87238.00,53535.00,51702.00,12586.00,205299.00,793366.00,54390.00
1149,35695.00,27708.00,98604.00,64973.00,50462.00,12487.00,205271.00,794889.00,71755.00
1150,31842.00,24494.00,87283.00,56397.00,51710.00,12644.00,205342.00,789644.00,65361.00
1151,31755.00,24578.00,87256.00,53621.00,51178.00,12460.00,205277.00,837872.00,54659.00
1152,35855.00,27562.00,97626.00,65375.00,52781.00,12507.00,208038.00,787221.00,64629.00
1153,31803.00,24616.00,90285.00,53528.00,51389.00,12564.00,232393.00,892328.00,54663.00
1154,35712.00,27590.00,97903.00,52818.00,28873.00,12563.00,226334.00,821657.00,54764.00
1155,31831.00,36653.00,102623.00,72702.00,59775.00,12592.00,233066.00,814061.00,66534.00
1156,31704.00,24660.00,86806.00,53573.00,58777.00,12528.00,205245.00,793868.00,54462.00
1157,35795.00,27710.00,98082.00,52730.00,28887.00,12576.00,205266.00,793549.00,72915.00
1158,31774.00,24653.00,86669.00,53527.00,59916.00,15630.00,205321.00,790115.00,69139.00
1159,31664.00,24506.00,86359.00,53541.00,61134.00,12520.00,205330.00,794030.00,54621.00
1160,35769.00,27448.00,97671.00,52792.00,28894.00,12638.00,205285.00,793094.00,63806.00
1161,31723.00,24654.00,87142.00,53544.00,50899.00,12573.00,208362.00,787095.00,67848.00
1162,31768.00,24545.00,87010.00,53543.00,51012.00,12587.00,205281.00,855054.00,57650.00
1163,37744.00,29136.00,110923.00,52721.00,28885.00,12523.00,205333.00,801062.00,64968.00
1164,31810.00,24668.00,87059.00,53571.00,58597.00,28880.00,233905.00,826132.00,64896.00
1165,31707.00,24591.00,87133.00,53500.00,51762.00,12523.00,205240.00,797814.00,87377.00
1166,54173.00,29014.00,105838.00,57165.00,31263.00,13685.00,239901.00,787041.00,65906.00
1167,31880.00,24554.00,89395.00,53568.00,58882.00,12585.00,205278.00,847709.00,54731.00
1168,35716.00,27699.00,97972.00,52725.00,28839.00,12561.00,205290.00,793516.00,54839.00
1169,35904.00,27563.00,114927.00,74665.00,51477.00,12547.00,208248.00,787085.00,80828.00
1170,34927.00,30361.00,96671.00,58799.00,52885.00,13210.00,216074.00,852831.00,71997.00
1171,37689.00,29192.00,103204.00,55622.00,30439.00,13163.00,216079.00,864140.00,72688.00
1172,34802.00,26862.00,98705.00,58836.00,53789.00,13229.00,221522.00,811917.00,57804.00
1173,37450.00,29043.00,103147.00,55686.00,30349.00,13266.00,222796.00,795114.00,54612.00
1174,35668.00,27578.00,113084.00,67477.00,62049.00,12557.00,208519.00,787027.00,83287.00
1175,34569.00,24630.00,86840.00,53467.00,52575.00,12523.00,205265.00,793486.00,54585.00
1176,35682.00,27429.00,98173.00,52844.00,28918.00,12535.00,205244.00,837762.00,54674.00
1177,45089.00,27744.00,102520.00,67985.00,51871.00,12528.00,208087.00,867594.00,71670.00
1178,37565.00,28911.00,113487.00,58809.00,74000.00,12546.00,205252.00,835178.00,54801.00
1179,35672.00,27731.00,97234.00,65457.00,50985.00,12650.00,208635.00,787828.00,64512.00
1180,31814.00,24594.00,89960.00,53590.00,52139.00,12630.00,205227.00,791844.00,67433.00
1181,31810.00,24655.00,87229.00,53594.00,52541.00,12537.00,205274.00,794682.00,54697.00
1182,35593.00,27691.00,100498.00,88185.00,50931.00,12504.00,208504.00,787108.00,65668.00
1183,31718.00,24549.00,89803.00,53519.00,52502.00,12553.00,205075.00,793438.00,54694.00
1184,35935.00,27626.00,98210.00,52778.00,28884.00,12645.00,205029.00,793490.00,54717.00
1185,35606.00,27602.00,110215.00,67435.00,51399.00,12510.00,207899.00,787374.00,65379.00
1186,31715.00,24618.00,90072.00,53573.00,51594.00,12533.00,205252.00,793372.00,54370.00
1187,35568.00,27641.00,98022.00,52858.00,28779.00,12569.00,205243.00,793380.00,54765.00
1188,35498.00,27556.00,100066.00,74481.00,52538.00,12574.00,208682.00,787022.00,65996.00
1189,31867.00,24644.00,89913.00,73745.00,59479.00,13202.00,216090.00,805256.00,54715.00
1190,35823.00,27755.00,97403.00,52747.00,28963.00,12577.00,205507.00,897325.00,54750.00
1191,43715.00,27584.00,102941.00,67054.00,60973.00,12614.00,208083.00,787760.00,67397.00
1192,31781.00,24527.00,87060.00,53567.00,51050.00,12502.00,205248.00,809823.00,57879.00
1193,37656.00,28991.00,120259.00,56895.00,31206.00,13605.00,229190.00,855455.00,65820.00
1194,31914.00,24498.00,86986.00,56029.00,50590.00,12557.00,205653.00,834343.00,71188.00
1195,34750.00,27018.00,95755.00,65435.00,55393.00,12443.00,205293.00,793674.00,54638.00
1196,35803.00,27622.00,111471.00,67373.00,59522.00,12554.00,226398.00,811205.00,64517.00
1197,31660.00,24552.00,89275.00,53544.00,51409.00,12542.00,205271.00,818307.00,57452.00
1198,47500.00,29126.00,98380.00,52786.00,28958.00,12645.00,205267.00,792699.00,54688.00
1199,35790.00,27601.00,112616.00,68431.00,58634.00,12526.00,230640.00,807429.00,68094.00
1200,31707.00,24568.00,87131.00,53556.00,50903.00,12598.00,205440.00,823666.00,57385.00
1201,35609.00,38801.00,97442.00,52683.00,28897.00,12554.00,223333.00,842931.00,100644.00
1202,35632.00,27716.00,98113.00,64197.00,53809.00,13514.00,221905.00,870998.00,57666.00
1203,37685.00,29029.00,110493.00,52762.00,28945.00,12637.00,223818.00,866993.00,67970.00
1204,50219.00,35939.00,96132.00,58704.00,54665.00,13318.00,239544.00,897252.00,79358.00
1205,35687.00,27647.00,97856.00,69941.00,53067.00,13182.00,216109.00,884030.00,57758.00
1206,37772.00,29147.00,102911.00,55595.00,30496.00,13376.00,265659.00,898064.00,62380.00
1207,37886.00,29141.00,103723.00,64555.00,28986.00,15765.00,225021.00,863100.00,54787.00
1208,35710.00,27563.00,110643.00,67313.00,54944.00,12633.00,209234.00,787139.00,65367.00
1209,338326.00,24464.00,99346.00,77061.00,54618.00,12551.00,205279.00,794493.00,54703.00
1210,45182.00,27622.00,102837.00,66979.00,52253.00,12554.00,208734.00,787402.00,65322.00
1211,31822.00,27364.00,87312.00,53578.00,51945.00,12471.00,205278.00,793640.00,54549.00
1212,35540.00,27538.00,98467.00,52849.00,28856.00,12575.00,205282.00,793464.00,54480.00
1213,35682.00,27636.00,129799.00,75936.00,54925.00,13170.00,241549.00,825219.00,111470.00
1214,36331.00,27532.00,106187.00,60181.00,53343.00,13469.00,232960.00,794280.00,54702.00
1215,35623.00,27727.00,99060.00,75083.00,50776.00,12679.00,208493.00,845013.00,68434.00
1216,31755.00,24534.00,90740.00,53620.00,50846.00,12581.00,205343.00,793424.00,54547.00
1217,35548.00,27661.00,98078.00,52805.00,28965.00,12562.00,205320.00,793765.00,54666.00
1218,35579.00,27719.00,114603.00,67006.00,51028.00,12473.00,208554.00,787167.00,64526.00
1219,31812.00,24567.00,89853.00,53542.00,50850.00,12618.00,205245.00,818183.00,57574.00
1220,37637.00,29254.00,108795.00,52765.00,28950.00,12608.00,205400.00,793166.00,54773.00
1221,35652.00,27622.00,114078.00,76494.00,51284.00,12525.00,207765.00,786990.00,64477.00
1222,34416.00,24703.00,87295.00,53584.00,51165.00,12513.00,205279.00,793358.00,54536.00
1223,35653.00,27632.00,98857.00,52876.00,28853.00,12576.00,205252.00,793731.00,54474.00
1224,35880.00,27596.00,113685.00,66147.00,50480.00,12558.00,208341.00,787120.00,65791.00
1225,34267.00,24529.00,87243.00,53549.00,56679.00,12509.00,205240.00,813105.00,73530.00
1226,38550.00,29953.00,105480.00,57131.00,31302.00,13525.00,250351.00,841486.00,65101.00
1227,31659.00,24650.00,86862.00,53559.00,55192.00,12618.00,205571.00,790212.00,64625.00
1228,31807.00,24591.00,87085.00,53612.00,51148.00,12541.00,226970.00,820452.00,54772.00
1229,35916.00,27665.00,97490.00,53553.00,78801.00,12531.00,229837.00,814374.00,65641.00
1230,31760.00,24735.00,91207.00,53621.00,51483.00,12561.00,205282.00,790051.00,67004.00
1231,31666.00,24440.00,86909.00,53630.00,52272.00,12526.00,205492.00,793762.00,54740.00
1232,35717.00,27699.00,100371.00,74082.00,50480.00,12532.00,208424.00,787343.00,64813.00
1233,31680.00,24389.00,89795.00,53549.00,51892.00,12595.00,205270.00,790125.00,66135.00
1234,31790.00,24551.00,87153.00,53497.00,59867.00,12622.00,205274.00,793785.00,54761.00
1235,35906.00,27606.00,111332.00,67133.00,51476.00,12567.00,208418.00,829887.00,67501.00
1236,31744.00,24594.00,90475.00,53520.00,52034.00,12509.00,205591.00,793139.00,54810.00
1237,35443.00,27724.00,97788.00,52747.00,28873.00,12585.00,205484.00,793314.00,54812.00
1238,35785.00,27639.00,112286.00,67111.00,51526.00,12577.00,208615.00,879768.00,62599.00
1239,37534.00,29035.00,103564.00,55515.00,30424.00,13257.00,221399.00,793316.00,54541.00
1240,35753.00,27684.00,97861.00,52832.00,28904.00,12542.00,205280.00,793026.00,54963.00
1241,31871.00,35581.00,86860.00,53536.00,56360.00,12583.00,208289.00,870580.00,81605.00
1242,34782.00,26983.00,106045.00,71102.00,52661.00,13110.00,216058.00,888519.00,54732.00
1243,35722.00,27466.00,112248.00,82482.00,50493.00,12521.00,228233.00,810910.00,65140.00
1244,31773.00,27393.00,87282.00,53523.00,51218.00,12544.00,205287.00,792988.00,54624.00
1245,35796.00,27768.00,98206.00,52820.00,28909.00,12551.00,205250.00,793364.00,54599.00
1246,44667.00,27471.00,102870.00,66862.00,51155.00,12443.00,209735.00,788550.00,65402.00
1247,31753.00,27384.00,87268.00,53651.00,50562.00,12546.00,205410.00,793764.00,54596.00
1248,35814.00,27582.00,98098.00,52833.00,28854.00,12584.00,205526.00,793367.00,54765.00
1249,35644.00,27677.00,113071.00,71355.00,50457.00,12607.00,208348.00,786798.00,65303.00
1250,31689.00,27331.00,86386.00,53619.00,52209.00,12586.00,225145.00,871710.00,73420.00
1251,46665.00,29096.00,114840.00,55581.00,30385.00,13261.00,246505.00,840130.00,65095.00
1252,31655.00,24491.00,89535.00,73673.00,52441.00,13279.00,224640.00,817143.00,57542.00
1253,37561.00,29242.00,110140.00,52879.00,28821.00,12611.00,205287.00,836165.00,54640.00
1254,35825.00,27562.00,113914.00,75363.00,50935.00,12554.00,231148.00,806377.00,84939.00
1255,34832.00,26998.00,96021.00,58697.00,81896.00,12619.00,205393.00,900948.00,68848.00
1256,46887.00,29099.00,110410.00,78056.00,51717.00,12543.00,226942.00,887279.00,63969.00
1257,38617.00,62698.00,106254.00,57085.00,31302.00,23909.00,218037.00,888550.00,54824.00
1258,35749.00,27841.00,98290.00,62262.00,28845.00,12625.00,271260.00,867462.00,54716.00
1259,35680.00,30619.00,97364.00,52751.00,28809.00,12642.00,205046.00,793049.00,54561.00
1260,35587.00,27453.00,98249.00,52799.00,28877.00,12558.00,205084.00,837148.00,54672.00
1261,44858.00,27560.00,102655.00,77242.00,51153.00,12574.00,208857.00,819113.00,71090.00
1262,34800.00,26926.00,95360.00,58749.00,70879.00,12664.00,205264.00,890984.00,67045.00
1263,35612.00,27668.00,101308.00,75902.00,52583.00,12636.00,226483.00,811149.00,64462.00
1264,31750.00,24466.00,89680.00,53524.00,50515.00,12544.00,205399.00,793452.00,54584.00
1265,35688.00,27482.00,96974.00,52848.00,28969.00,12599.00,205313.00,793245.00,54527.00
1266,35683.00,27749.00,114495.00,67181.00,53305.00,12475.00,208381.00,786987.00,64928.00
1267,31887.00,24421.00,89953.00,53510.00,50465.00,12555.00,205272.00,793574.00,54651.00
1268,35725.00,27765.00,98252.00,52800.00,28812.00,12539.00,205277.00,793374.00,54601.00
1269,35527.00,27627.00,112488.00,67232.00,61550.00,12508.00,208420.00,786974.00,74366.00
1270,34370.00,24573.00,87479.00,53551.00,54290.00,12564.00,205273.00,793520.00,54617.00
1271,35781.00,27666.00,98328.00,52758.00,28986.00,12571.00,205283.00,793786.00,54631.00
1272,35701.00,27640.00,115185.00,66694.00,50514.00,12642.00,207993.00,786889.00,65552.00
1273,35866.00,24557.00,87564.00,53568.00,50782.00,12522.00,205114.00,793478.00,54520.00
1274,35730.00,27745.00,98279.00,52792.00,28936.00,12569.00,205081.00,823283.00,76817.00
1275,35691.00,27692.00,97557.00,52886.00,28908.00,12670.00,248000.00,835485.00,84007.00
1276,34781.00,26883.00,95804.00,58699.00,53477.00,13198.00,216078.00,805537.00,54712.00
1277,35672.00,27720.00,97619.00,52724.00,28810.00,12549.00,205298.00,793733.00,77546.00
1278,31741.00,24520.00,87933.00,53580.00,51487.00,15570.00,205273.00,787340.00,65568.00
1279,31619.00,24500.00,86759.00,53588.00,51427.00,12517.00,205243.00,793637.00,54382.00
1280,35632.00,27847.00,98161.00,52718.00,28853.00,12538.00,205278.00,793400.00,77251.00
1281,31644.00,24533.00,87387.00,53520.00,50663.00,12561.00,208295.00,787325.00,67391.00
1282,31786.00,24503.00,86942.00,53527.00,51221.00,12552.00,205284.00,793347.00,54726.00
1283,35749.00,27649.00,97677.00,52688.00,28912.00,12554.00,205263.00,793399.00,54551.00
1284,41922.00,27706.00,102807.00,67214.00,54930.00,12542.00,207935.00,787059.00,68269.00
1285,31647.00,24556.00,86799.00,53604.00,51838.00,12643.00,205105.00,793330.00,54610.00
1286,35778.00,27817.00,97894.00,52763.00,28837.00,12566.00,205108.00,793313.00,54514.00
1287,42145.00,27630.00,102331.00,68377.00,58913.00,12521.00,227734.00,869505.00,65362.00
1288,31669.00,24695.00,87491.00,53623.00,65253.00,12587.00,205086.00,839111.00,54711.00
1289,35742.00,27586.00,97991.00,65253.00,50757.00,12440.00,205253.00,817537.00,64759.00
1290,31653.00,24614.00,90073.00,53541.00,51209.00,12533.00,205274.00,793262.00,54553.00
1291,35640.00,27513.00,99030.00,52829.00,28866.00,12454.00,205258.00,793585.00,54322.00
1292,35677.00,27643.00,99490.00,77167.00,51455.00,12500.00,208360.00,787712.00,66481.00
1293,31763.00,24641.00,89648.00,53558.00,50880.00,12525.00,205285.00,789956.00,64665.00
1294,31790.00,24638.00,86736.00,53484.00,52048.00,12558.00,205264.00,793426.00,54564.00
1295,35664.00,27669.00,100948.00,76066.00,61370.00,12484.00,208329.00,787627.00,72869.00
1296,31915.00,24672.00,89824.00,53469.00,50615.00,12512.00,205311.00,793558.00,54455.00
1297,35942.00,27674.00,98294.00,52881.00,28791.00,12549.00,205310.00,793493.00,54504.00
1298,35618.00,27659.00,102285.00,73231.00,51269.00,12546.00,208327.00,787600.00,64772.00
1299,31628.00,24591.00,89735.00,53473.00,52852.00,12642.00,205467.00,803697.00,55017.00
1300,35778.00,27649.00,117323.00,72829.00,31359.00,13615.00,230835.00,844319.00,54649.00
1301,44724.00,27591.00,105214.00,98016.00,53848.00,13321.00,245320.00,824552.00,83090.00
1302,34959.00,26975.00,96019.00,58715.00,52653.00,13147.00,216079.00,946877.00,59197.00
1303,48355.00,30036.00,130595.00,66208.00,53766.00,12531.00,233234.00,856967.00,68605.00
1304,31820.00,24476.00,87306.00,53526.00,50784.00,12532.00,205286.00,793549.00,54455.00
1305,35742.00,27610.00,98325.00,54374.00,58504.00,12630.00,205505.00,795584.00,65874.00
1306,31831.00,24655.00,87395.00,56382.00,58981.00,12572.00,205259.00,790524.00,64869.00
1307,31587.00,24554.00,86954.00,53505.00,51953.00,12471.00,205093.00,792877.00,54519.00
1308,35865.00,27609.00,98107.00,54496.00,69629.00,12542.00,205253.00,819734.00,69912.00
1309,35013.00,27133.00,108694.00,53582.00,53170.00,12516.00,205271.00,790416.00,64903.00
1310,31719.00,24580.00,87158.00,53516.00,52403.00,12487.00,205242.00,793600.00,54570.00
1311,35663.00,27814.00,111244.00,98848.00,56509.00,13179.00,219826.00,891883.00,60780.00
1312,37624.00,29158.00,103006.00,55582.00,30462.00,13214.00,240391.00,836502.00,57384.00
1313,37706.00,29127.00,103838.00,55754.00,66251.00,13242.00,216113.00,869043.00,71277.00
1314,34720.00,26977.00,98930.00,58746.00,53598.00,13189.00,225619.00,818759.00,57377.00
1315,46492.00,29226.00,97635.00,52881.00,28943.00,12512.00,205342.00,867585.00,57701.00
1316,45545.00,29269.00,103087.00,66304.00,51005.00,12541.00,233033.00,833900.00,71310.00
1317,34972.00,27093.00,95799.00,58692.00,53351.00,13083.00,219617.00,883202.00,54861.00
1318,35740.00,27731.00,112052.00,66385.00,50520.00,12492.00,228605.00,853984.00,71071.00
1319,31574.00,24545.00,87117.00,53568.00,51569.00,12509.00,205287.00,824347.00,67950.00
1320,35694.00,27594.00,98118.00,52762.00,28948.00,12544.00,205122.00,838151.00,76566.00
1321,31876.00,24577.00,87015.00,53567.00,71747.00,13295.00,216096.00,824735.00,71703.00
1322,34837.00,26914.00,106299.00,53629.00,51910.00,12521.00,205312.00,832914.00,57536.00
1323,35700.00,39477.00,111730.00,66989.00,52999.00,12576.00,227837.00,913067.00,75039.00
1324,37703.00,39607.00,103042.00,55606.00,30421.00,13228.00,216144.00,793309.00,54601.00
1325,35725.00,27725.00,97813.00,52781.00,28889.00,12544.00,205272.00,850828.00,70730.00
1326,34741.00,26887.00,95406.00,79059.00,52935.00,13551.00,221969.00,859240.00,71369.00
1327,34533.00,26905.00,105489.00,53522.00,51101.00,12612.00,227073.00,888905.00,83686.00
1328,35629.00,27590.00,98865.00,60188.00,72964.00,13570.00,222246.00,883453.00,72732.00
1329,35777.00,36828.00,112182.00,53527.00,50954.00,12567.00,205264.00,846383.00,54517.00
1330,35656.00,27628.00,97580.00,52869.00,28914.00,12503.00,208515.00,787018.00,66133.00
1331,54441.00,24531.00,113849.00,60244.00,53322.00,13653.00,237257.00,837249.00,54982.00
1332,35728.00,27625.00,98576.00,62700.00,33743.00,13179.00,224030.00,817352.00,54593.00
1333,35704.00,27755.00,97669.00,73242.00,28882.00,12599.00,205503.00,790229.00,77690.00
1334,34740.00,26875.00,95615.00,58770.00,53644.00,23214.00,205265.00,818105.00,57466.00
1335,38763.00,45742.00,107623.00,87250.00,92414.00,14542.00,235344.00,821159.00,68343.00
1336,31862.00,24605.00,87343.00,53512.00,51537.00,12611.00,205380.00,793728.00,54623.00
1337,35742.00,27546.00,98058.00,52863.00,28919.00,12528.00,274634.00,794467.00,63850.00
1338,31685.00,24449.00,86884.00,53666.00,50998.00,12508.00,233269.00,808939.00,83077.00
1339,34813.00,26818.00,96528.00,58804.00,65465.00,12581.00,205283.00,793656.00,54593.00
1340,35823.00,27557.00,117641.00,58163.00,61854.00,29754.00,241629.00,787753.00,64762.00
1341,31753.00,24616.00,90141.00,53484.00,51190.00,12469.00,205242.00,793945.00,54551.00
1342,35678.00,27762.00,97780.00,52720.00,28883.00,12504.00,205268.00,793510.00,54371.00
1343,35727.00,27686.00,99829.00,81245.00,52507.00,12535.00,208639.00,787680.00,64589.00
1344,31571.00,24645.00,89729.00,53538.00,50981.00,12572.00,205236.00,790105.00,66228.00
1345,31754.00,24491.00,87740.00,53503.00,52017.00,12545.00,205305.00,793376.00,54746.00
1346,35766.00,27672.00,110597.00,68394.00,59308.00,12649.00,208432.00,820864.00,98008.00
1347,39453.00,27526.00,98148.00,60235.00,80309.00,12522.00,205537.00,902544.00,57428.00
1348,35570.00,38554.00,97236.00,52742.00,28948.00,12639.00,205284.00,893708.00,66549.00
1349,31537.00,24705.00,89392.00,53506.00,50728.00,12486.00,205272.00,789014.00,65704.00
1350,31663.00,24497.00,87390.00,53576.00,59311.00,12474.00,205286.00,837730.00,54770.00
1351,35797.00,27746.00,112592.00,66537.00,50933.00,12498.00,208836.00,787190.00,64690.00
1352,31788.00,24548.00,90235.00,53562.00,51974.00,12609.00,227754.00,808120.00,54788.00
1353,35756.00,27567.00,98365.00,52870.00,28867.00,12578.00,205313.00,793800.00,54657.00
1354,35826.00,27698.00,113609.00,68501.00,57659.00,12575.00,208373.00,787109.00,65747.00
1355,31648.00,27348.00,87008.00,53676.00,51429.00,12571.00,205272.00,793307.00,54599.00
1356,35905.00,27570.00,99001.00,52718.00,28920.00,12487.00,205264.00,793655.00,54458.00
1357,35702.00,27659.00,113624.00,67932.00,56196.00,12527.00,208060.00,787175.00,73877.00
1358,31763.00,27168.00,86754.00,53553.00,51739.00,12555.00,205270.00,793548.00,54512.00
1359,35697.00,27458.00,98509.00,52831.00,28899.00,12628.00,205274.00,882180.00,54888.00
1360,35784.00,27697.00,97726.00,52831.00,28883.00,12524.00,209329.00,787111.00,67363.00
1361,31873.00,24614.00,87152.00,53508.00,63352.00,12572.00,205265.00,793498.00,54585.00
1362,35782.00,27697.00,98480.00,52732.00,28870.00,12547.00,205270.00,793569.00,54762.00
1363,31614.00,36236.00,87113.00,53596.00,50857.00,12475.00,230869.00,807075.00,67115.00
1364,31592.00,24717.00,86680.00,53582.00,51941.00,12531.00,205619.00,795646.00,54880.00
1365,35633.00,27770.00,97875.00,52877.00,28952.00,12616.00,205522.00,793894.00,55289.00
1366,31511.00,35611.00,86915.00,53537.00,50903.00,12552.00,208699.00,787346.00,71286.00
1367,50731.00,24606.00,95492.00,58750.00,53457.00,13263.00,220037.00,792809.00,54479.00
1368,35915.00,27647.00,97469.00,52738.00,28973.00,12557.00,205431.00,793155.00,65338.00
1369,31702.00,24612.00,87443.00,53567.00,50830.00,12543.00,208896.00,788349.00,67210.00
1370,31820.00,24552.00,87047.00,53481.00,51437.00,12547.00,205298.00,793117.00,54545.00
1371,35662.00,27692.00,98722.00,52951.00,28830.00,12508.00,205239.00,793590.00,54419.00
1372,43054.00,27654.00,102642.00,68348.00,52406.00,12534.00,252125.00,853133.00,65844.00
1373,31666.00,24614.00,86988.00,53500.00,56958.00,12570.00,205251.00,793828.00,54456.00
1374,35725.00,27732.00,98063.00,52787.00,28833.00,12498.00,205289.00,801724.00,65503.00
1375,31779.00,24722.00,87093.00,53565.00,54040.00,12609.00,205322.00,790080.00,80328.00
1376,34948.00,26926.00,95518.00,58751.00,56997.00,23471.00,205321.00,877909.00,54664.00
1377,35686.00,27646.00,111099.00,66609.00,51214.00,12491.00,208640.00,787392.00,64671.00
1378,31923.00,24490.00,90296.00,53630.00,50682.00,12554.00,205443.00,817070.00,57739.00
1379,37532.00,29074.00,108955.00,52791.00,28868.00,12667.00,205546.00,793306.00,54875.00
1380,35683.00,27550.00,113912.00,66938.00,50491.00,12432.00,207600.00,787318.00,65392.00
1381,31743.00,24457.00,88913.00,53512.00,57391.00,12579.00,205292.00,837580.00,54657.00
1382,35860.00,27706.00,98152.00,52851.00,28875.00,12598.00,205434.00,793071.00,54537.00
1383,35880.00,27734.00,113537.00,66338.00,52010.00,12573.00,225262.00,811120.00,68860.00
1384,31763.00,24474.00,86967.00,53549.00,51801.00,12582.00,244374.00,845410.00,54701.00
1385,35694.00,27616.00,97912.00,52787.00,28966.00,12635.00,205500.00,801436.00,66718.00
1386,31809.00,24607.00,87313.00,53482.00,56341.00,12502.00,205303.00,791525.00,64732.00
1387,31792.00,24705.00,86763.00,53510.00,52220.00,12571.00,205244.00,793020.00,54668.00
1388,35820.00,27568.00,97663.00,52778.00,28913.00,12500.00,205283.00,845658.00,65489.00
1389,31660.00,24577.00,86757.00,53429.00,69671.00,13254.00,240024.00,803085.00,66675.00
1390,31783.00,24478.00,86885.00,53589.00,52041.00,12574.00,205279.00,793629.00,54536.00
1391,35725.00,27686.00,98615.00,65273.00,54836.00,12461.00,205263.00,791565.00,66657.00
1392,31726.00,24672.00,87393.00,57584.00,55627.00,12587.00,205573.00,789874.00,65229.00
1393,31723.00,24593.00,88111.00,53604.00,56355.00,12582.00,205282.00,793358.00,54650.00
1394,35636.00,27675.00,98460.00,65337.00,57183.00,12509.00,205309.00,790453.00,65806.00
1395,31836.00,24705.00,87079.00,55836.00,51116.00,12589.00,205264.00,838154.00,71482.00
1396,34844.00,26930.00,104324.00,70694.00,53071.00,13180.00,219068.00,826286.00,74948.00
1397,38552.00,29828.00,116289.00,55521.00,30453.00,13257.00,223963.00,787329.00,68651.00
1398,31677.00,24522.00,86706.00,53509.00,51736.00,12437.00,205273.00,793685.00,54693.00
1399,35703.00,27663.00,98239.00,52782.00,28907.00,12541.00,205263.00,793635.00,54604.00
1400,43504.00,27608.00,102851.00,68498.00,60091.00,12471.00,208364.00,787764.00,77232.00
1401,31720.00,24671.00,86964.00,53517.00,50784.00,12504.00,205282.00,824055.00,57534.00
1402,37637.00,29065.00,102844.00,55497.00,30396.00,13224.00,223561.00,793013.00,76516.00
1403,31700.00,24627.00,87140.00,53516.00,60268.00,15775.00,233641.00,790102.00,66970.00
1404,31895.00,24604.00,86881.00,53553.00,50699.00,12499.00,205249.00,793127.00,54471.00
1405,35688.00,27509.00,98914.00,52733.00,28867.00,12521.00,205254.00,793757.00,72484.00
1406,31718.00,24657.00,86942.00,53541.00,50552.00,15659.00,205267.00,790043.00,65611.00
1407,31655.00,24515.00,87091.00,53467.00,52399.00,12537.00,205407.00,793706.00,54704.00
1408,35713.00,27666.00,98332.00,70817.00,30406.00,13232.00,219959.00,862378.00,70892.00
1409,34814.00,26874.00,125917.00,89681.00,63615.00,13471.00,233478.00,793001.00,54777.00
1410,35882.00,27629.00,98126.00,52783.00,28936.00,12532.00,205248.00,792608.00,54703.00
1411,35672.00,27532.00,112359.00,66795.00,50942.00,12506.00,228689.00,809428.00,65277.00
1412,34141.00,24507.00,86784.00,53485.00,50695.00,12646.00,205097.00,792698.00,54592.00
1413,35795.00,27524.00,97640.00,52831.00,28871.00,12678.00,230597.00,875825.00,57541.00
1414,46249.00,29158.00,111997.00,72644.00,58642.00,13183.00,216078.00,918239.00,57572.00
1415,37636.00,29139.00,109654.00,52984.00,28952.00,12615.00,246167.00,866177.00,54705.00
1416,42225.00,27747.00,102279.00,67137.00,71583.00,12652.00,272765.00,925094.00,57856.00
1417,37425.00,29139.00,110462.00,52897.00,29006.00,15618.00,219757.00,793755.00,55175.00
1418,35779.00,27654.00,114131.00,68887.00,51010.00,15627.00,243275.00,805501.00,67983.00
1419,34838.00,43006.00,96215.00,58830.00,53258.00,16460.00,231889.00,835961.00,54937.00
1420,35746.00,27533.00,98556.00,52819.00,28997.00,15424.00,219545.00,800679.00,121804.00
1421,34825.00,26942.00,127095.00,58805.00,52104.00,13243.00,225164.00,793910.00,54698.00
1422,35743.00,27734.00,98176.00,52871.00,28898.00,12515.00,231450.00,807716.00,54690.00
1423,35790.00,27745.00,113730.00,67517.00,62101.00,12456.00,208381.00,787682.00,64590.00
1424,34485.00,24540.00,86777.00,53671.00,51264.00,12526.00,205267.00,793520.00,54465.00
1425,35883.00,27602.00,98844.00,52808.00,28839.00,12649.00,205262.00,815064.00,57687.00
1426,37588.00,29059.00,122279.00,89405.00,51107.00,12657.00,232264.00,807950.00,78877.00
1427,31895.00,24631.00,87043.00,53446.00,57596.00,12580.00,205335.00,793297.00,54690.00
1428,35870.00,27550.00,98332.00,52707.00,28892.00,12527.00,205278.00,793517.00,76301.00
1429,31712.00,24515.00,87393.00,53540.00,50764.00,12470.00,208385.00,787775.00,65790.00
1430,31710.00,24645.00,87202.00,53611.00,51830.00,12551.00,205289.00,793659.00,54324.00
1431,35781.00,27674.00,98281.00,52819.00,28853.00,12572.00,205258.00,793401.00,65323.00
1432,31727.00,24671.00,87266.00,53477.00,53901.00,12543.00,208529.00,787338.00,85929.00
1433,34798.00,27028.00,113540.00,60260.00,63721.00,13502.00,256740.00,792621.00,54579.00
1434,35684.00,27581.00,98608.00,54513.00,66684.00,12618.00,205262.00,795353.00,66196.00
1435,31830.00,24587.00,87134.00,56313.00,53474.00,12520.00,205272.00,790401.00,65854.00
1436,31856.00,24674.00,87141.00,53538.00,50504.00,12574.00,205241.00,792831.00,54546.00
1437,35674.00,27716.00,98760.00,54938.00,61727.00,12526.00,205462.00,795134.00,75742.00
1438,31639.00,24658.00,87075.00,56387.00,50362.00,12593.00,205264.00,811720.00,81671.00
1439,34720.00,27117.00,95909.00,58750.00,67653.00,12543.00,205541.00,793221.00,54571.00
1440,35788.00,27584.00,111743.00,66151.00,51552.00,12558.00,208576.00,787159.00,65579.00
1441,31709.00,24536.00,90114.00,53577.00,51020.00,12513.00,205498.00,793573.00,54732.00
1442,35524.00,27769.00,98144.00,52863.00,28829.00,12552.00,205440.00,835785.00,54652.00
1443,35532.00,27820.00,112839.00,66404.00,54080.00,12517.00,208638.00,787575.00,65572.00
1444,34386.00,24612.00,87536.00,53577.00,57868.00,12440.00,205258.00,794181.00,54732.00
1445,35654.00,27660.00,98441.00,52684.00,28837.00,12515.00,205263.00,870448.00,66624.00
1446,35658.00,27665.00,99972.00,86779.00,50846.00,12528.00,208950.00,787170.00,67312.00
1447,31807.00,24648.00,87370.00,53542.00,51495.00,12438.00,205224.00,793441.00,54649.00
1448,35782.00,27726.00,98709.00,52859.00,28889.00,12501.00,205239.00,793452.00,55397.00
1449,31680.00,34957.00,86849.00,53521.00,50560.00,12497.00,208354.00,787270.00,68844.00
1450,31789.00,24700.00,86834.00,53653.00,52386.00,12495.00,224706.00,822831.00,54715.00
1451,35738.00,27609.00,97732.00,52739.00,28827.00,12659.00,230181.00,839471.00,67216.00
1452,31627.00,24580.00,86906.00,53541.00,52748.00,12572.00,205266.00,790188.00,65634.00
1453,31988.00,24409.00,87222.00,53532.00,52069.00,12526.00,205248.00,793059.00,54527.00
1454,35764.00,27573.00,97727.00,52762.00,28807.00,12541.00,205272.00,793607.00,77979.00
1455,31806.00,24487.00,86605.00,53531.00,50989.00,12546.00,229709.00,810666.00,75730.00
1456,31645.00,24510.00,86709.00,53600.00,51961.00,12611.00,205568.00,793799.00,54660.00
1457,35782.00,27721.00,98162.00,52872.00,28863.00,12617.00,205600.00,836616.00,86589.00
1458,34780.00,28944.00,103308.00,57074.00,52487.00,12549.00,205284.00,789868.00,64655.00
1459,31919.00,24463.00,86723.00,53597.00,51472.00,12502.00,205088.00,853767.00,54577.00
1460,35520.00,27704.00,110626.00,66438.00,50930.00,12563.00,207898.00,787254.00,64555.00
1461,31931.00,24628.00,89673.00,53685.00,50984.00,12568.00,205366.00,793563.00,54688.00
1462,35696.00,27628.00,116499.00,55611.00,30548.00,13265.00,216164.00,809864.00,54855.00
1463,52060.00,27580.00,122209.00,73907.00,56329.00,13155.00,219824.00,803073.00,67503.00
1464,34825.00,42415.00,113890.00,60238.00,53919.00,13529.00,228123.00,875612.00,57385.00
1465,37714.00,29146.00,102718.00,68840.00,57557.00,13366.00,227174.00,795516.00,52090.00
1466,31770.00,24658.00,90278.00,53551.00,51281.00,12598.00,205321.00,793925.00,54681.00
1467,35879.00,27688.00,97936.00,52773.00,28930.00,12556.00,205337.00,793120.00,54749.00
1468,35819.00,27743.00,99269.00,76805.00,50596.00,12580.00,208421.00,787624.00,66073.00
1469,31656.00,24497.00,89668.00,53539.00,56441.00,12528.00,205283.00,793593.00,54539.00
1470,35566.00,27635.00,98024.00,52761.00,53953.00,20882.00,250983.00,817306.00,54591.00
1471,35835.00,27476.00,113441.00,67017.00,58440.00,12569.00,208449.00,788709.00,65887.00
1472,31750.00,27292.00,87342.00,53622.00,51188.00,12664.00,205230.00,793418.00,54535.00
1473,35706.00,27632.00,98165.00,52721.00,28897.00,12534.00,205258.00,793465.00,54612.00
1474,35696.00,27719.00,112820.00,74426.00,52680.00,12570.00,208251.00,787996.00,67846.00
1475,31654.00,27331.00,86845.00,53517.00,50676.00,12557.00,205292.00,793468.00,54643.00
1476,35618.00,27656.00,98027.00,52835.00,28889.00,12526.00,205251.00,837458.00,54763.00
1477,44457.00,27429.00,102611.00,66989.00,51555.00,12617.00,232160.00,833844.00,73293.00
1478,35692.00,27728.00,114281.00,60305.00,55418.00,13537.00,235990.00,793421.00,54713.00
1479,35651.00,27558.00,98174.00,80272.00,60454.00,12438.00,208511.00,787303.00,65056.00
1480,31743.00,24653.00,90402.00,53532.00,53434.00,12551.00,241407.00,795082.00,54562.00
1481,35617.00,27555.00,98817.00,52894.00,28914.00,12502.00,205282.00,793876.00,54569.00
1482,37735.00,43902.00,118839.00,89434.00,58290.00,13512.00,237452.00,830963.00,67367.00
1483,31732.00,24544.00,87014.00,53574.00,60998.00,12577.00,205258.00,793890.00,54442.00
1484,35809.00,27684.00,97709.00,52806.00,28917.00,12512.00,205253.00,793782.00,55296.00
1485,31829.00,34907.00,86854.00,53593.00,50489.00,12478.00,208435.00,787376.00,67117.00
1486,31689.00,24626.00,86962.00,53485.00,50666.00,12533.00,205268.00,819608.00,57636.00
1487,37549.00,29101.00,109572.00,52787.00,29037.00,12540.00,205146.00,793361.00,58088.00
1488,31618.00,34679.00,102937.00,66202.00,52953.00,12510.00,208363.00,787525.00,67135.00
1489,31613.00,24590.00,87213.00,53563.00,52336.00,12535.00,205344.00,827972.00,67690.00
1490,35677.00,27680.00,98110.00,52695.00,28949.00,12498.00,205443.00,793155.00,63700.00
1491,31781.00,24581.00,88083.00,53460.00,50723.00,12478.00,208483.00,787160.00,68581.00
1492,31753.00,24446.00,87121.00,53509.00,52186.00,12475.00,205281.00,793462.00,54557.00
1493,35647.00,27634.00,98075.00,52763.00,28758.00,12468.00,205259.00,793861.00,55325.00
1494,31785.00,35070.00,87343.00,53459.00,51128.00,12546.00,208567.00,856422.00,59445.00
1495,38380.00,29826.00,115148.00,63536.00,28802.00,12548.00,205291.00,793754.00,54526.00
1496,35828.00,27764.00,98669.00,52819.00,28949.00,12558.00,205260.00,793474.00,76508.00
1497,31680.00,24595.00,86774.00,53714.00,53562.00,15512.00,205253.00,790081.00,65644.00
1498,31810.00,24607.00,87129.00,53600.00,51733.00,12487.00,205286.00,792995.00,54431.00
1499,35683.00,27665.00,98139.00,52816.00,28881.00,12560.00,205253.00,793266.00,90762.00
1500,31694.00,24550.00,88373.00,53502.00,52353.00,12477.00,208526.00,787133.00,65503.00
1501,31765.00,24673.00,87588.00,53596.00,50798.00,12458.00,205289.00,793266.00,54415.00
1502,35630.00,27757.00,97776.00,52696.00,28913.00,12559.00,205305.00,837037.00,64324.00
1503,31761.00,24798.00,87337.00,53442.00,50747.00,12595.00,208123.00,787301.00,66166.00
1504,31841.00,24634.00,87047.00,53482.00,50930.00,12526.00,205106.00,793098.00,54606.00
1505,35553.00,27569.00,97646.00,52694.00,28890.00,12592.00,205015.00,793003.00,55449.00
1506,31808.00,34731.00,87426.00,53527.00,50757.00,12508.00,208685.00,826967.00,91110.00
1507,31589.00,24569.00,87654.00,53676.00,51387.00,12523.00,223789.00,866122.00,65803.00
1508,35846.00,27594.00,97866.00,64835.00,52784.00,12630.00,205259.00,792539.00,65796.00
1509,31671.00,24538.00,86993.00,56395.00,50515.00,12605.00,205268.00,790081.00,66121.00
1510,31735.00,24533.00,87473.00,53572.00,51407.00,12571.00,205251.00,793473.00,54732.00
1511,35732.00,27763.00,97820.00,64987.00,50807.00,12427.00,205268.00,794278.00,64372.00
1512,31669.00,24600.00,87385.00,56310.00,51173.00,12526.00,205206.00,789875.00,65741.00
1513,31847.00,24681.00,86955.00,53574.00,51829.00,12528.00,205265.00,793538.00,54542.00
1514,35741.00,27786.00,97858.00,65103.00,50741.00,12597.00,205283.00,793520.00,65841.00
1515,31657.00,24534.00,86679.00,56617.00,70721.00,13258.00,216315.00,802971.00,65354.00
1516,31782.00,24510.00,87127.00,53494.00,52036.00,12449.00,205287.00,793793.00,54646.00
1517,35740.00,27705.00,111434.00,69230.00,57702.00,12579.00,208354.00,787587.00,64955.00
1518,31789.00,24560.00,89735.00,53504.00,51628.00,12466.00,205244.00,847979.00,58984.00
1519,38724.00,29872.00,105741.00,56987.00,31143.00,13555.00,232464.00,888971.00,54868.00
1520,35819.00,27812.00,97473.00,65073.00,50514.00,16244.00,205329.00,789905.00,64524.00
1521,31700.00,24552.00,86798.00,53507.00,51563.00,12571.00,205251.00,793453.00,54595.00
1522,35701.00,27660.00,97834.00,52806.00,28806.00,12541.00,205272.00,793383.00,64603.00
1523,31647.00,24595.00,87160.00,53589.00,50370.00,12582.00,208330.00,835532.00,72335.00
1524,35671.00,27551.00,97637.00,69956.00,77603.00,12564.00,205241.00,793172.00,54454.00
1525,35737.00,27674.00,98218.00,54613.00,59726.00,12493.00,205282.00,839928.00,66221.00
1526,31724.00,24639.00,90246.00,53599.00,51017.00,12509.00,205296.00,834077.00,65724.00
1527,31873.00,24546.00,87163.00,53579.00,62378.00,12528.00,205262.00,836362.00,54544.00
1528,35689.00,27554.00,112899.00,69013.00,51662.00,12563.00,208061.00,787503.00,64535.00
1529,34566.00,24607.00,87318.00,53549.00,50351.00,12537.00,226634.00,816340.00,54824.00
1530,35813.00,27624.00,97288.00,52899.00,28857.00,12563.00,205541.00,793633.00,54894.00
1531,43053.00,27759.00,102826.00,66274.00,50709.00,12568.00,208472.00,796304.00,78111.00
1532,31646.00,24476.00,86979.00,53469.00,74012.00,13188.00,236645.00,825388.00,54804.00
1533,35578.00,27537.00,97476.00,52838.00,29017.00,12503.00,231769.00,812739.00,65245.00
1534,31909.00,24470.00,86989.00,53593.00,58359.00,12610.00,205265.00,790518.00,64431.00
1535,31731.00,24620.00,87321.00,53513.00,51986.00,12594.00,205147.00,855691.00,58978.00
1536,38636.00,29885.00,105487.00,70965.00,61347.00,13581.00,224905.00,786912.00,65143.00
1537,31811.00,24518.00,90781.00,53580.00,50830.00,12591.00,205453.00,793713.00,54694.00
1538,35575.00,27629.00,97635.00,52887.00,28911.00,12577.00,205350.00,793305.00,54662.00
1539,35697.00,27656.00,110882.00,66125.00,50822.00,12569.00,209584.00,787566.00,74715.00
1540,31740.00,24547.00,107629.00,58858.00,55110.00,13312.00,216162.00,804052.00,54539.00
1541,35701.00,27673.00,98310.00,52883.00,28903.00,12599.00,205447.00,793363.00,54619.00
1542,35651.00,27599.00,112428.00,70846.00,51841.00,12509.00,208368.00,787707.00,65405.00
1543,34320.00,24457.00,87526.00,53607.00,51874.00,12621.00,205090.00,793220.00,54502.00
1544,35776.00,27637.00,132147.00,57172.00,42688.00,22335.00,225157.00,820300.00,66065.00
1545,31595.00,24634.00,87488.00,53543.00,59170.00,12532.00,208377.00,787055.00,68386.00
1546,31718.00,24692.00,87051.00,53507.00,52133.00,12534.00,205442.00,793648.00,54770.00
1547,35701.00,27537.00,98161.00,52857.00,28853.00,12655.00,205615.00,850009.00,66408.00
1548,35643.00,27639.00,97867.00,52777.00,28893.00,12586.00,209123.00,787862.00,68056.00
1549,31698.00,24563.00,86886.00,53544.00,51541.00,12508.00,205258.00,793513.00,54455.00
1550,35733.00,27670.00,98563.00,52772.00,28835.00,12545.00,205270.00,823519.00,54524.00
1551,35625.00,27527.00,112955.00,73113.00,51137.00,16053.00,205333.00,789663.00,68762.00
1552,31716.00,24499.00,87492.00,53485.00,51680.00,12592.00,205303.00,826636.00,67417.00
1553,35824.00,27685.00,97827.00,52793.00,28910.00,12556.00,205302.00,830941.00,64604.00
1554,31902.00,24583.00,86943.00,53544.00,52032.00,12658.00,205267.00,791749.00,64615.00
1555,31884.00,24473.00,86896.00,53510.00,51686.00,12595.00,205271.00,793317.00,54564.00
1556,35620.00,27562.00,98306.00,52731.00,28869.00,12480.00,205243.00,873635.00,59518.00
1557,38746.00,29941.00,137449.00,138036.00,53938.00,13591.00,232384.00,844787.00,65478.00
1558,35789.00,27702.00,97800.00,52805.00,28844.00,12575.00,205102.00,836234.00,78914.00
1559,31830.00,24568.00,86840.00,53570.00,53846.00,12522.00,231898.00,852265.00,72900.00
1560,35654.00,27716.00,98265.00,70093.00,60114.00,13197.00,216277.00,916951.00,75811.00
1561,40990.00,29869.00,105317.00,56971.00,31315.00,24063.00,221086.00,829660.00,91013.00
1562,35844.00,27697.00,104724.00,66972.00,57689.00,20287.00,222825.00,901899.00,57864.00
1563,37659.00,29253.00,111336.00,52986.00,28887.00,15721.00,244097.00,955162.00,57946.00
1564,37495.00,29146.00,111907.00,52759.00,28899.00,12599.00,205308.00,834681.00,54714.00
1565,35494.00,27632.00,97982.00,78923.00,51551.00,12559.00,226139.00,807637.00,64798.00
1566,31732.00,24520.00,89616.00,53572.00,51525.00,12554.00,205264.00,793504.00,54427.00
1567,35657.00,27739.00,98098.00,52765.00,28910.00,12536.00,205279.00,793464.00,54577.00
1568,35718.00,27633.00,128554.00,99243.00,54467.00,18772.00,248690.00,817086.00,67735.00
1569,31765.00,24707.00,86645.00,53511.00,51531.00,12657.00,205293.00,793884.00,54587.00
1570,35724.00,27715.00,98397.00,52844.00,28825.00,12631.00,205257.00,794044.00,57460.00
1571,31805.00,36643.00,102406.00,68448.00,57919.00,12477.00,208353.00,787353.00,67264.00
1572,31798.00,24679.00,86959.00,53550.00,52715.00,12538.00,205242.00,793538.00,54550.00
1573,35688.00,27682.00,98018.00,52835.00,28935.00,12596.00,205277.00,793530.00,55326.00
1574,31768.00,34968.00,86922.00,53569.00,52329.00,12557.00,208625.00,787150.00,67386.00
1575,31909.00,24462.00,87541.00,53543.00,50550.00,12576.00,205300.00,793167.00,54726.00
1576,35743.00,27692.00,97543.00,52673.00,28864.00,12569.00,205352.00,793214.00,54651.00
1577,44972.00,27585.00,102456.00,66747.00,50729.00,12473.00,208658.00,787096.00,73934.00
1578,50722.00,24550.00,95304.00,58671.00,53769.00,13168.00,222414.00,792928.00,54657.00
1579,35707.00,27611.00,98063.00,52776.00,28875.00,12564.00,205258.00,793601.00,65687.00
1580,31670.00,24659.00,87790.00,53576.00,55328.00,12449.00,208248.00,871892.00,59219.00
1581,38666.00,30016.00,115489.00,55598.00,30430.00,23516.00,205284.00,794052.00,54532.00
1582,35702.00,27574.00,97938.00,52906.00,28875.00,12590.00,205254.00,800849.00,66499.00
1583,31702.00,24605.00,87319.00,53527.00,53433.00,12608.00,205271.00,806405.00,81087.00
1584,51141.00,26992.00,98414.00,70639.00,57056.00,13205.00,219238.00,794103.00,54659.00
1585,35642.00,27632.00,100553.00,106731.00,52522.00,13171.00,219904.00,802228.00,65429.00
1586,31811.00,24551.00,89414.00,53523.00,51043.00,12590.00,205281.00,793744.00,54489.00
1587,35765.00,27734.00,98090.00,52698.00,28870.00,12505.00,205292.00,793294.00,54547.00
1588,35872.00,27665.00,113204.00,67656.00,60843.00,12601.00,208654.00,787388.00,64339.00
1589,31744.00,24665.00,89935.00,53637.00,50999.00,12526.00,205247.00,793616.00,54565.00
1590,35713.00,27748.00,98977.00,52927.00,29117.00,12510.00,205262.00,837566.00,54921.00
1591,35655.00,27617.00,113753.00,66202.00,52084.00,12540.00,208063.00,787211.00,64802.00
1592,31867.00,33739.00,86711.00,53603.00,51871.00,12569.00,205248.00,859352.00,59528.00
1593,37504.00,40098.00,109961.00,52750.00,28959.00,12553.00,205504.00,844291.00,64325.00
1594,31865.00,24700.00,87673.00,53553.00,53156.00,12552.00,205278.00,790160.00,66187.00
1595,31850.00,24653.00,87247.00,53574.00,61110.00,12467.00,205272.00,793208.00,54481.00
1596,35731.00,27593.00,98784.00,52790.00,28770.00,12512.00,205265.00,804087.00,65574.00
1597,31602.00,24661.00,87527.00,53575.00,53727.00,12579.00,205506.00,789629.00,64948.00
1598,31955.00,24572.00,87007.00,53603.00,52158.00,12675.00,205249.00,793659.00,54611.00
1599,35535.00,27568.00,98551.00,52832.00,28850.00,12421.00,205279.00,904509.00,70175.00
1600,34885.00,27061.00,95529.00,61332.00,52779.00,13162.00,223378.00,814105.00,72143.00
1601,34832.00,26976.00,95564.00,58875.00,52910.00,23236.00,205291.00,792881.00,54529.00
1602,35887.00,27583.00,114097.00,67392.00,60578.00,12602.00,208512.00,829894.00,65593.00
1603,50320.00,27621.00,94951.00,58765.00,52886.00,13199.00,219903.00,793967.00,54552.00
1604,35889.00,27710.00,97547.00,52778.00,28810.00,12643.00,205089.00,834076.00,64750.00
1605,31686.00,24733.00,87578.00,60710.00,62694.00,17272.00,247939.00,859059.00,71755.00
1606,34857.00,27055.00,95140.00,66899.00,50838.00,12643.00,205229.00,837445.00,64782.00
1607,35970.00,27441.00,113488.00,66167.00,51149.00,12541.00,208715.00,787408.00,66035.00
1608,34675.00,24544.00,88089.00,53585.00,51989.00,12599.00,205249.00,793313.00,54593.00
1609,35820.00,27612.00,116050.00,55498.00,30491.00,13225.00,216106.00,811088.00,54591.00
1610,44410.00,27682.00,121430.00,76806.00,52763.00,13244.00,219971.00,801783.00,66248.00
1611,31721.00,24615.00,87596.00,53521.00,51911.00,12547.00,205299.00,818548.00,57604.00
1612,37557.00,29233.00,102964.00,55613.00,30345.00,13179.00,217207.00,804119.00,70988.00
1613,31717.00,24451.00,87142.00,53550.00,54997.00,12583.00,205493.00,790897.00,64404.00
1614,31852.00,24467.00,86801.00,53525.00,51211.00,12503.00,205274.00,792824.00,54660.00
1615,35719.00,27790.00,98049.00,52936.00,28795.00,12557.00,205275.00,847344.00,66385.00
1616,31807.00,24523.00,86987.00,53484.00,62126.00,12573.00,205093.00,789035.00,65715.00
1617,31827.00,24567.00,103707.00,68419.00,70429.00,13159.00,256392.00,824620.00,54495.00
1618,35580.00,27579.00,112159.00,66633.00,51747.00,12579.00,208471.00,788966.00,68988.00
1619,31871.00,24579.00,89685.00,53575.00,51703.00,12529.00,205241.00,793748.00,54763.00
1620,35782.00,27646.00,98245.00,52893.00,28950.00,12519.00,205284.00,793458.00,54555.00
1621,35737.00,27570.00,112788.00,67883.00,51412.00,12586.00,208488.00,787008.00,66279.00
1622,31742.00,24498.00,90412.00,53632.00,55768.00,12510.00,205286.00,793576.00,54509.00
1623,35817.00,27641.00,98436.00,52784.00,28884.00,12575.00,205300.00,793344.00,54613.00
1624,35831.00,27717.00,112306.00,66135.00,50600.00,12563.00,208556.00,786912.00,65268.00
1625,31865.00,24556.00,89916.00,53580.00,49310.00,12512.00,205254.00,793450.00,54453.00
1626,35664.00,27674.00,98451.00,52780.00,28784.00,12529.00,205266.00,793623.00,54509.00
1627,35560.00,27672.00,112631.00,67233.00,52926.00,12494.00,208297.00,787578.00,65118.00
1628,31843.00,24548.00,109428.00,58937.00,52769.00,13253.00,224688.00,792838.00,54853.00
1629,35731.00,27644.00,98447.00,52685.00,28955.00,12579.00,205388.00,883893.00,59488.00
1630,38692.00,29933.00,114877.00,55664.00,30470.00,23531.00,233157.00,806827.00,67302.00
1631,31935.00,24700.00,87339.00,53538.00,57768.00,12542.00,205234.00,793695.00,54573.00
1632,35766.00,27656.00,97923.00,52785.00,28839.00,12544.00,205274.00,793131.00,75813.00
1633,31696.00,24631.00,87222.00,53576.00,50861.00,15605.00,205529.00,787224.00,66515.00
1634,31767.00,24639.00,87436.00,53466.00,51358.00,12634.00,205112.00,836765.00,54847.00
1635,35680.00,27555.00,97840.00,52802.00,28937.00,12575.00,205386.00,793835.00,71986.00
1636,31685.00,24547.00,87715.00,53599.00,62616.00,12571.00,231222.00,804903.00,64782.00
1637,31886.00,24512.00,87387.00,53614.00,53467.00,12567.00,205294.00,793416.00,54515.00
1638,35829.00,27613.00,98015.00,52826.00,28746.00,12548.00,205247.00,801174.00,66845.00
1639,31929.00,24753.00,87579.00,53599.00,54234.00,12497.00,205290.00,789568.00,65338.00
1640,31683.00,24627.00,87217.00,53535.00,51747.00,12639.00,205043.00,826723.00,57333.00
1641,37545.00,29079.00,113223.00,53124.00,63564.00,12525.00,205306.00,866513.00,83911.00
1642,36809.00,31649.00,111350.00,58813.00,68299.00,12592.00,205249.00,794434.00,54712.00
1643,35842.00,27616.00,98572.00,52874.00,28937.00,12531.00,205269.00,793797.00,54562.00
1644,35631.00,27813.00,114267.00,67004.00,51228.00,12503.00,208444.00,787415.00,65688.00
1645,34353.00,24572.00,87014.00,53549.00,57889.00,12574.00,205530.00,793419.00,54716.00
1646,35626.00,27756.00,97793.00,52829.00,28920.00,12603.00,205510.00,793244.00,54769.00
1647,35819.00,27717.00,114490.00,73514.00,50916.00,12570.00,208452.00,787460.00,73612.00
1648,31796.00,27640.00,87554.00,53514.00,52020.00,12569.00,205355.00,793861.00,54671.00
1649,35735.00,27758.00,98268.00,52779.00,28958.00,12627.00,205455.00,793812.00,54630.00
1650,35552.00,27527.00,113047.00,67853.00,55862.00,12646.00,208392.00,787184.00,64433.00
1651,31760.00,27116.00,87301.00,53535.00,50803.00,12609.00,205272.00,793075.00,54771.00
1652,35729.00,27467.00,97798.00,52789.00,28980.00,12516.00,205371.00,793080.00,54725.00
1653,35767.00,27643.00,112338.00,67087.00,57877.00,12658.00,229653.00,821982.00,85037.00
1654,34839.00,26944.00,95153.00,69115.00,52551.00,12574.00,223518.00,906877.00,54620.00
1655,35676.00,27735.00,110461.00,68559.00,58699.00,12534.00,208724.00,787406.00,70286.00
1656,31725.00,24563.00,89702.00,53486.00,50924.00,12539.00,205596.00,793417.00,54879.00
1657,35763.00,27597.00,98570.00,52813.00,28944.00,12584.00,205535.00,793199.00,54596.00
1658,35679.00,27620.00,112234.00,66642.00,50957.00,12467.00,208402.00,787087.00,64710.00
1659,31780.00,24649.00,89798.00,53542.00,50879.00,12546.00,205259.00,793683.00,54616.00
1660,35733.00,27719.00,98758.00,52721.00,28750.00,12566.00,205299.00,793533.00,54535.00
1661,35823.00,27636.00,112419.00,66616.00,50534.00,12529.00,208429.00,787879.00,65794.00
1662,31803.00,24713.00,89771.00,53570.00,50720.00,12526.00,205246.00,793863.00,54500.00
1663,35734.00,27637.00,98671.00,52880.00,28828.00,12566.00,205281.00,793492.00,54603.00
1664,35605.00,27531.00,111761.00,66066.00,52979.00,12585.00,208017.00,787381.00,65757.00
1665,31659.00,24592.00,89855.00,53585.00,59599.00,12602.00,205637.00,815827.00,57554.00
1666,35707.00,39310.00,97528.00,52715.00,28935.00,12591.00,205279.00,904435.00,54973.00
1667,35713.00,27734.00,98393.00,52759.00,28896.00,12595.00,208506.00,787116.00,67965.00
1668,31930.00,24534.00,86837.00,53517.00,51052.00,12553.00,205253.00,793514.00,54561.00
1669,35602.00,27513.00,98841.00,52769.00,28894.00,12445.00,205267.00,819852.00,57529.00
1670,44652.00,29062.00,115446.00,66765.00,54389.00,12541.00,208456.00,786694.00,71526.00
1671,31861.00,24544.00,86666.00,53659.00,51849.00,12636.00,205283.00,793204.00,54657.00
1672,35704.00,27551.00,98017.00,52823.00,28936.00,12521.00,205322.00,832464.00,64621.00
1673,32009.00,24546.00,87720.00,53539.00,50960.00,12489.00,208390.00,787084.00,68330.00
1674,31606.00,24869.00,87155.00,53625.00,52697.00,12512.00,205304.00,793450.00,54617.00
1675,35558.00,27562.00,118398.00,55494.00,30341.00,13248.00,216285.00,805375.00,95382.00
1676,49734.00,24343.00,96144.00,58736.00,54744.00,13264.00,225374.00,790708.00,64387.00
1677,31856.00,24676.00,86927.00,53517.00,52026.00,12593.00,205463.00,793434.00,54594.00
1678,35794.00,27642.00,97871.00,54016.00,65050.00,12617.00,205484.00,821304.00,74236.00
1679,34857.00,27065.00,140054.00,60358.00,58983.00,13597.00,221951.00,837857.00,54625.00
1680,35827.00,27591.00,97059.00,52779.00,28985.00,12564.00,205411.00,793800.00,54564.00
1681,35602.00,27589.00,113238.00,66734.00,51317.00,12572.00,208695.00,863169.00,63840.00
1682,38481.00,30031.00,105398.00,57024.00,41404.00,13258.00,241594.00,868612.00,57404.00
1683,35507.00,39414.00,97982.00,65433.00,50948.00,12556.00,208970.00,787273.00,66290.00
1684,31796.00,24689.00,90087.00,53583.00,50729.00,12556.00,205447.00,789736.00,67486.00
1685,31783.00,24629.00,87280.00,53537.00,60983.00,12580.00,205230.00,793284.00,54599.00
1686,35624.00,27577.00,110755.00,67717.00,56139.00,12572.00,209218.00,787806.00,64426.00
1687,31773.00,24653.00,89701.00,53551.00,50412.00,12534.00,205296.00,793567.00,54565.00
1688,35619.00,27714.00,98601.00,52797.00,28838.00,12586.00,205243.00,793748.00,54630.00
1689,35651.00,27688.00,110551.00,66156.00,51442.00,12508.00,209849.00,787542.00,64476.00
1690,31809.00,24546.00,89832.00,53575.00,51625.00,12475.00,205246.00,843250.00,54676.00
1691,35555.00,27709.00,97604.00,52797.00,28984.00,12509.00,257993.00,891831.00,76050.00
1692,31669.00,24517.00,87647.00,53532.00,50590.00,12516.00,208201.00,787117.00,66075.00
1693,31550.00,24501.00,86799.00,53502.00,51593.00,12599.00,205263.00,793729.00,54649.00
1694,35751.00,27725.00,98229.00,52793.00,28881.00,12506.00,205285.00,793679.00,55844.00
1695,31746.00,35552.00,87447.00,53542.00,50888.00,12609.00,208506.00,786859.00,67096.00
1696,31717.00,24557.00,87321.00,53523.00,50829.00,12538.00,205247.00,793967.00,54429.00
1697,35707.00,27475.00,98481.00,52734.00,28909.00,12543.00,205269.00,825309.00,54645.00
1698,35615.00,27619.00,100664.00,73386.00,51248.00,12600.00,208663.00,787428.00,68990.00
1699,31861.00,24537.00,86886.00,53536.00,51322.00,12611.00,205394.00,793318.00,54723.00
1700,35567.00,27629.00,97592.00,52866.00,28884.00,12553.00,205331.00,793488.00,54698.00
1701,31853.00,36318.00,86798.00,53530.00,51790.00,12539.00,208404.00,787590.00,74899.00
1702,31755.00,24707.00,87788.00,53528.00,52305.00,12721.00,205355.00,793373.00,54768.00
1703,35833.00,27548.00,98244.00,52852.00,28940.00,12455.00,222141.00,909382.00,57602.00
1704,37593.00,28975.00,109734.00,52785.00,31928.00,28896.00,216088.00,823937.00,70070.00
1705,35023.00,26969.00,95450.00,66608.00,51640.00,12517.00,205263.00,792772.00,54554.00
1706,35429.00,27676.00,99844.00,76935.00,59677.00,12470.00,208521.00,788656.00,72151.00
1707,31651.00,24695.00,89931.00,53538.00,50642.00,12594.00,205509.00,793378.00,54784.00
1708,35576.00,27681.00,98405.00,52849.00,28864.00,12589.00,205504.00,838026.00,54875.00
1709,35934.00,27698.00,112710.00,67032.00,50511.00,12592.00,208460.00,787398.00,65534.00
1710,31849.00,24631.00,89137.00,53553.00,50855.00,12587.00,205011.00,793036.00,54556.00
1711,35672.00,27625.00,97877.00,52757.00,29007.00,12530.00,205061.00,793763.00,54428.00
1712,35933.00,27638.00,112190.00,66156.00,53456.00,12513.00,208102.00,787528.00,65801.00
1713,31776.00,24455.00,90165.00,53547.00,51678.00,12492.00,205268.00,793641.00,54426.00
1714,35546.00,27600.00,98374.00,52721.00,28929.00,12500.00,205246.00,793611.00,54503.00
1715,35786.00,27556.00,112603.00,66508.00,51169.00,12480.00,208350.00,787589.00,66942.00
1716,31558.00,24529.00,100035.00,62209.00,51797.00,12496.00,205233.00,918868.00,59102.00
1717,48265.00,29878.00,102295.00,55394.00,30459.00,13224.00,215872.00,858587.00,65911.00
1718,31566.00,24540.00,87779.00,56822.00,72674.00,13173.00,215885.00,827543.00,70887.00
1719,34925.00,26873.00,95845.00,68981.00,50822.00,12481.00,205235.00,836793.00,54570.00
1720,35786.00,27662.00,113384.00,68171.00,57024.00,12506.00,229123.00,943538.00,58286.00
1721,37693.00,29290.00,102925.00,55498.00,39574.00,12483.00,205278.00,890635.00,69568.00
1722,37608.00,28966.00,111639.00,52913.00,28958.00,12590.00,227633.00,871377.00,59446.00
1723,40076.00,44721.00,107029.00,61893.00,37580.00,17183.00,268523.00,820885.00,54792.00
1724,35660.00,27659.00,98323.00,55940.00,57418.00,12579.00,205263.00,794683.00,65716.00
1725,31778.00,24638.00,86630.00,56439.00,51141.00,12632.00,205261.00,790829.00,64798.00
1726,31725.00,24555.00,87163.00,53619.00,52031.00,12586.00,205327.00,792849.00,54680.00
1727,35722.00,27773.00,98522.00,55132.00,57930.00,12545.00,205331.00,847087.00,84253.00
1728,35734.00,27633.00,111614.00,68111.00,50542.00,12593.00,205301.00,818051.00,57725.00
1729,37620.00,29092.00,110362.00,52776.00,28905.00,12568.00,228846.00,871057.00,68553.00
1730,31802.00,37060.00,87644.00,53556.00,52322.00,12554.00,208501.00,787606.00,67238.00
1731,31881.00,24407.00,86977.00,53547.00,52159.00,12624.00,205283.00,793663.00,54488.00
1732,35618.00,27706.00,98476.00,52714.00,29037.00,12532.00,205237.00,793746.00,55676.00
1733,31654.00,34515.00,86862.00,53507.00,51531.00,12473.00,208367.00,787496.00,68312.00
1734,31571.00,24471.00,87230.00,53498.00,51376.00,12580.00,205259.00,793262.00,54532.00
1735,35644.00,27606.00,98239.00,52692.00,28842.00,12579.00,205297.00,795177.00,54574.00
1736,43320.00,27488.00,102226.00,68008.00,57448.00,12702.00,208589.00,786871.00,68541.00
1737,31959.00,24572.00,110883.00,58688.00,52386.00,13215.00,217435.00,793721.00,54561.00
1738,35775.00,27827.00,97087.00,52712.00,28894.00,12564.00,205005.00,793267.00,65764.00
1739,31886.00,24610.00,87172.00,53543.00,51013.00,12547.00,208396.00,788806.00,67386.00
1740,31670.00,24604.00,87412.00,53531.00,51605.00,12567.00,223817.00,874823.00,54663.00
1741,35817.00,27728.00,98042.00,52808.00,28836.00,12696.00,205437.00,845531.00,73715.00
1742,31729.00,24628.00,87208.00,56114.00,70929.00,13230.00,216080.00,802381.00,65767.00
1743,31614.00,24566.00,86731.00,53548.00,52307.00,12631.00,205252.00,793402.00,54472.00
1744,35732.00,27623.00,98752.00,66532.00,52758.00,12602.00,205600.00,791155.00,64976.00
1745,31614.00,24664.00,86889.00,56385.00,51154.00,12539.00,205246.00,789921.00,65031.00
1746,31746.00,24685.00,87183.00,53633.00,51917.00,12449.00,205253.00,793642.00,54431.00
1747,35881.00,27746.00,98702.00,65672.00,51326.00,12555.00,205274.00,793626.00,75901.00
1748,31644.00,24700.00,86533.00,56349.00,52337.00,12618.00,205566.00,790382.00,67307.00
1749,31731.00,24465.00,86907.00,53526.00,51723.00,12474.00,205272.00,823017.00,57458.00
1750,37674.00,29073.00,122518.00,66329.00,50340.00,12552.00,208667.00,826529.00,88714.00
1751,34725.00,24610.00,88186.00,53504.00,52091.00,12605.00,205534.00,793356.00,54727.00
1752,35819.00,27628.00,98166.00,52723.00,29047.00,12595.00,205477.00,1671300.00,56960.00
1753,35728.00,27837.00,97831.00,53028.00,29328.00,12696.00,205609.00,883938.00,75662.00
1754,31791.00,24547.00,90141.00,53574.00,51226.00,12602.00,205292.00,794485.00,54650.00
1755,35736.00,27671.00,99305.00,52803.00,28898.00,12553.00,205283.00,795127.00,54578.00
1756,35590.00,27589.00,131602.00,71689.00,56915.00,13228.00,220057.00,798902.00,92761.00
1757,50144.00,28091.00,95415.00,58813.00,53497.00,13210.00,215994.00,804699.00,54474.00
1758,35698.00,27549.00,97996.00,52723.00,28968.00,12621.00,205145.00,820270.00,68256.00
1759,35025.00,26815.00,96114.00,58688.00,85723.00,12685.00,205592.00,790202.00,72712.00
1760,31778.00,24553.00,87673.00,53597.00,50533.00,12601.00,205501.00,793707.00,54745.00
1761,35654.00,27514.00,97462.00,52886.00,28915.00,12592.00,205503.00,793496.00,75372.00
1762,31595.00,24547.00,87142.00,53531.00,51682.00,12530.00,208346.00,786967.00,65550.00
1763,31769.00,24597.00,87298.00,53623.00,51296.00,12509.00,205244.00,793608.00,54510.00
1764,35711.00,27496.00,98321.00,52791.00,28888.00,12512.00,229867.00,909200.00,70301.00
1765,31712.00,24595.00,86842.00,56774.00,51943.00,12627.00,205268.00,790276.00,65921.00
1766,31782.00,24630.00,87556.00,53524.00,61246.00,12553.00,205297.00,837724.00,54562.00
1767,35631.00,27686.00,101427.00,74682.00,51297.00,12495.00,208017.00,787287.00,65951.00
1768,31668.00,24527.00,89900.00,53530.00,53584.00,12595.00,205265.00,793315.00,54588.00
1769,35859.00,27522.00,98329.00,52886.00,28979.00,12555.00,205263.00,793091.00,54505.00
1770,35544.00,27688.00,111129.00,66914.00,50995.00,12543.00,215401.00,787306.00,64964.00
1771,31649.00,24651.00,89722.00,53506.00,50673.00,12581.00,205249.00,793764.00,54398.00
1772,35505.00,27655.00,98075.00,52825.00,28843.00,12538.00,205250.00,793625.00,54519.00
1773,35803.00,27576.00,111629.00,66727.00,51144.00,12660.00,208340.00,787182.00,65758.00
1774,31892.00,24464.00,89999.00,53538.00,50609.00,12566.00,205282.00,793433.00,54489.00
1775,35750.00,27771.00,98745.00,52768.00,28822.00,12545.00,205252.00,793205.00,54523.00
1776,35773.00,27707.00,110106.00,66283.00,50500.00,12529.00,208404.00,881543.00,54774.00
1777,39443.00,27689.00,97679.00,52808.00,28899.00,12625.00,205366.00,793653.00,54517.00
1778,35713.00,27606.00,97765.00,52768.00,28910.00,12556.00,205309.00,793942.00,54705.00
1779,35872.00,27592.00,115647.00,66196.00,51979.00,12685.00,228874.00,808819.00,68342.00
1780,31628.00,24624.00,87350.00,53561.00,51263.00,12502.00,205280.00,793211.00,54560.00
1781,35716.00,27588.00,98227.00,52729.00,28942.00,12564.00,205276.00,792994.00,54467.00
1782,45284.00,27532.00,102313.00,66347.00,51147.00,12647.00,208472.00,788354.00,64498.00
1783,31667.00,27228.00,86914.00,53534.00,53099.00,12563.00,205273.00,793707.00,54453.00
1784,35769.00,27696.00,98294.00,52898.00,28978.00,12502.00,205260.00,793091.00,54647.00
1785,44636.00,27637.00,102222.00,67352.00,50608.00,12577.00,208338.00,787496.00,65632.00
1786,31772.00,27362.00,86718.00,53537.00,52201.00,12536.00,205281.00,793469.00,54571.00
1787,35744.00,27720.00,97621.00,52831.00,28907.00,12493.00,205252.00,793715.00,54456.00
1788,35663.00,27715.00,112163.00,67625.00,50912.00,12498.00,208398.00,787042.00,65648.00
1789,31681.00,27373.00,95061.00,65699.00,51420.00,12588.00,248814.00,834087.00,54567.00
1790,35661.00,27682.00,97838.00,52887.00,28841.00,12592.00,205077.00,793661.00,78350.00
1791,31686.00,24643.00,87691.00,53550.00,52087.00,12626.00,208382.00,787785.00,97150.00
1792,34785.00,27022.00,95494.00,58738.00,53207.00,13252.00,217079.00,793148.00,54619.00
1793,35719.00,27671.00,97604.00,52873.00,28913.00,12632.00,205040.00,801001.00,94498.00
1794,34983.00,26984.00,95680.00,62016.00,53176.00,13244.00,217352.00,789936.00,71627.00
1795,31786.00,24671.00,86903.00,53519.00,56180.00,12558.00,205287.00,793538.00,54625.00
1796,35615.00,27753.00,97625.00,65220.00,51664.00,12618.00,205258.00,792782.00,66818.00
1797,31711.00,24411.00,87338.00,56319.00,58664.00,12478.00,205277.00,789978.00,66002.00
1798,31645.00,24561.00,86772.00,53469.00,58106.00,12696.00,205282.00,793852.00,54654.00
1799,35756.00,27516.00,98001.00,65561.00,51962.00,12559.00,205357.00,793127.00,65052.00
1800,31652.00,24635.00,87589.00,56296.00,51170.00,12505.00,205282.00,791321.00,64575.00
1801,31751.00,24504.00,86812.00,53524.00,51132.00,12664.00,245133.00,846864.00,54679.00
1802,35726.00,27730.00,114449.00,67269.00,50742.00,12593.00,208520.00,786826.00,65404.00
1803,34398.00,24566.00,87009.00,53478.00,51667.00,12566.00,205281.00,793174.00,54427.00
1804,35610.00,27609.00,98451.00,52880.00,28825.00,12528.00,205285.00,837297.00,54686.00
1805,35783.00,27546.00,115671.00,66272.00,51368.00,12530.00,207901.00,787058.00,68549.00
1806,31856.00,26561.00,86975.00,53518.00,52375.00,12578.00,205239.00,792650.00,54590.00
1807,35629.00,27640.00,98077.00,52737.00,28878.00,12557.00,205274.00,792939.00,54629.00
1808,45075.00,27678.00,102376.00,67331.00,50818.00,12553.00,208160.00,787474.00,64706.00
1809,31797.00,27195.00,87112.00,53498.00,50723.00,12554.00,205239.00,793369.00,54413.00
1810,35608.00,27642.00,98830.00,52870.00,28947.00,12430.00,205296.00,793097.00,54509.00
1811,35676.00,27768.00,112762.00,67508.00,55090.00,12527.00,208427.00,787339.00,70574.00
1812,31911.00,27203.00,87014.00,53588.00,52315.00,12495.00,205286.00,793131.00,54585.00
1813,35570.00,27820.00,98350.00,52809.00,28941.00,12561.00,205254.00,803125.00,73440.00
1814,37666.00,29025.00,120680.00,57225.00,31263.00,13614.00,262012.00,809285.00,77032.00
1815,31660.00,24627.00,86878.00,53504.00,60613.00,12574.00,205322.00,793641.00,54543.00
1816,35634.00,27540.00,98060.00,52747.00,28848.00,12529.00,205247.00,793370.00,63512.00
1817,31738.00,24534.00,87431.00,53484.00,51519.00,12551.00,232563.00,809443.00,80589.00
1818,31664.00,36484.00,86736.00,53562.00,63528.00,12584.00,205122.00,793661.00,54572.00
1819,35781.00,27731.00,98411.00,52807.00,63856.00,12576.00,205269.00,832539.00,65695.00
1820,31800.00,24629.00,87203.00,56311.00,50533.00,12496.00,205254.00,790104.00,73733.00
1821,31752.00,24812.00,86587.00,53567.00,52231.00,12530.00,205304.00,793844.00,54669.00
1822,35687.00,27527.00,97925.00,65540.00,52030.00,12626.00,205257.00,793195.00,66032.00
1823,31757.00,24541.00,86767.00,56229.00,50821.00,12617.00,205102.00,790216.00,64765.00
1824,31818.00,24437.00,86803.00,53478.00,52395.00,12528.00,205280.00,847314.00,54607.00
1825,35675.00,27767.00,111173.00,67277.00,50989.00,12586.00,208093.00,808060.00,87127.00
1826,39399.00,27585.00,101720.00,75408.00,53598.00,13549.00,236231.00,794009.00,54830.00
1827,35821.00,27665.00,98374.00,52839.00,28909.00,12492.00,205565.00,793556.00,54794.00
1828,43071.00,27586.00,102646.00,67219.00,57335.00,12508.00,208371.00,787186.00,68279.00
1829,31664.00,24403.00,87228.00,53495.00,51447.00,12648.00,205072.00,823032.00,57458.00
1830,35587.00,38188.00,98287.00,52729.00,28900.00,12589.00,205331.00,832044.00,63844.00
1831,31718.00,24573.00,87114.00,53587.00,50819.00,12458.00,208439.00,787263.00,66695.00
1832,31744.00,24586.00,87333.00,53639.00,52481.00,12516.00,205265.00,793216.00,54597.00
1833,35549.00,27764.00,97985.00,52755.00,28863.00,12512.00,205258.00,794669.00,64831.00
1834,31819.00,24664.00,87401.00,53547.00,51018.00,12550.00,208322.00,786924.00,68165.00
1835,31746.00,24719.00,87022.00,53521.00,51661.00,12599.00,205296.00,793679.00,54544.00
1836,35534.00,27647.00,98121.00,52894.00,28960.00,12474.00,205321.00,793723.00,54670.00
1837,31757.00,37151.00,102658.00,66205.00,53261.00,12507.00,208315.00,787541.00,67734.00
1838,31685.00,24562.00,87745.00,53472.00,50985.00,12547.00,205266.00,875781.00,57571.00
1839,46303.00,29155.00,97700.00,52781.00,28948.00,12615.00,205318.00,802376.00,65585.00
1840,31641.00,24516.00,87207.00,53529.00,54809.00,12561.00,205271.00,790201.00,66060.00
1841,31641.00,24464.00,87357.00,53530.00,51181.00,12565.00,205450.00,793790.00,71673.00
1842,37579.00,29091.00,102560.00,55699.00,30412.00,13219.00,216220.00,849657.00,77448.00
1843,34738.00,27174.00,95375.00,61204.00,52410.00,13289.00,216110.00,803770.00,66502.00
1844,31859.00,24597.00,86896.00,53547.00,61084.00,12592.00,205236.00,828882.00,54695.00
1845,35727.00,27638.00,98765.00,52758.00,28842.00,12545.00,208477.00,787668.00,64654.00
1846,31717.00,24474.00,91091.00,53626.00,50595.00,12568.00,205299.00,793765.00,54569.00
1847,35808.00,27549.00,98252.00,52853.00,28839.00,12547.00,205253.00,793195.00,54508.00
1848,35779.00,27623.00,100226.00,78790.00,54929.00,12555.00,208463.00,786949.00,64725.00
1849,31759.00,24663.00,89818.00,53552.00,51535.00,12642.00,205238.00,790511.00,65554.00
1850,31780.00,24585.00,86841.00,53526.00,50899.00,12457.00,205267.00,869882.00,59769.00
1851,37640.00,29150.00,112649.00,52801.00,28995.00,12565.00,209310.00,786964.00,65486.00
1852,31807.00,24580.00,90450.00,53595.00,60372.00,12527.00,205238.00,794108.00,54497.00
1853,35824.00,27611.00,99102.00,52800.00,28815.00,12510.00,205241.00,793872.00,54450.00
1854,35611.00,27890.00,113721.00,67357.00,57270.00,12501.00,208508.00,787108.00,64416.00
1855,34850.00,24561.00,86995.00,53522.00,50899.00,12574.00,205282.00,819278.00,57527.00
1856,37706.00,29160.00,111019.00,52855.00,29006.00,12561.00,205343.00,793046.00,54722.00
1857,35740.00,27532.00,113952.00,71078.00,51891.00,12515.00,208599.00,787181.00,65836.00
1858,31792.00,26988.00,87244.00,53523.00,51875.00,12489.00,205285.00,793775.00,54439.00
1859,35822.00,27705.00,98611.00,52692.00,28983.00,12591.00,205272.00,793970.00,54420.00
1860,44995.00,27640.00,102362.00,67341.00,53514.00,12530.00,208378.00,786806.00,65919.00
1861,31749.00,27292.00,87233.00,53553.00,51468.00,12541.00,205308.00,793730.00,54465.00
1862,35837.00,27797.00,98392.00,52867.00,28862.00,12492.00,205241.00,793509.00,54682.00
1863,35663.00,27526.00,114126.00,69728.00,51093.00,12557.00,208146.00,894856.00,65434.00
1864,31768.00,24651.00,87708.00,53575.00,51940.00,12552.00,205283.00,793507.00,54607.00
1865,35589.00,27724.00,98105.00,52691.00,28874.00,12610.00,205266.00,793260.00,74559.00
1866,31774.00,24643.00,86969.00,53559.00,56345.00,15710.00,205334.00,790022.00,66114.00
1867,31762.00,24640.00,86850.00,53440.00,51231.00,12574.00,205249.00,793425.00,54534.00
1868,35704.00,27678.00,98524.00,52855.00,28849.00,12514.00,205280.00,886827.00,64624.00
1869,31680.00,24601.00,86552.00,53643.00,57596.00,12490.00,205256.00,789896.00,65538.00
1870,31687.00,24562.00,87343.00,53571.00,52226.00,12546.00,205317.00,792960.00,54523.00
1871,35643.00,27529.00,98520.00,52672.00,28857.00,12530.00,205274.00,801307.00,76391.00
1872,31801.00,24660.00,87003.00,53530.00,54240.00,12546.00,205495.00,789929.00,64438.00
1873,31712.00,24446.00,87048.00,53527.00,51239.00,12529.00,205534.00,793119.00,54931.00
1874,35829.00,27539.00,98119.00,52775.00,28870.00,12620.00,205425.00,793381.00,71137.00
1875,31686.00,24587.00,86755.00,53566.00,51796.00,15579.00,205480.00,803637.00,54964.00
1876,35616.00,27676.00,98061.00,52719.00,28919.00,12559.00,228056.00,888881.00,54600.00
1877,35688.00,27747.00,98169.00,65220.00,50411.00,12594.00,205315.00,790526.00,64394.00
1878,31723.00,24582.00,87344.00,55811.00,52260.00,12548.00,205286.00,788812.00,64394.00
1879,31756.00,24544.00,86914.00,53583.00,50718.00,12550.00,205285.00,835378.00,54638.00
1880,35557.00,27501.00,101018.00,98118.00,77236.00,13198.00,245629.00,845959.00,73593.00
1881,34865.00,27036.00,95556.00,58829.00,53305.00,14558.00,256090.00,866728.00,54664.00
1882,37465.00,29559.00,126038.00,59458.00,30299.00,19164.00,236851.00,889362.00,57536.00
1883,37615.00,44066.00,111828.00,52793.00,28854.00,12556.00,205472.00,793774.00,54599.00
1884,35881.00,27557.00,98427.00,52876.00,29015.00,12498.00,205445.00,793260.00,54675.00
1885,41956.00,27390.00,102202.00,66118.00,51227.00,12569.00,208804.00,786936.00,67221.00
1886,31732.00,24464.00,87298.00,53602.00,51835.00,12508.00,205240.00,793552.00,54394.00
1887,35625.00,27772.00,98794.00,52749.00,28806.00,12570.00,205288.00,842436.00,62667.00
1888,38533.00,29866.00,115351.00,55646.00,30488.00,13281.00,222441.00,787516.00,73752.00
1889,31642.00,24458.00,86980.00,53492.00,52092.00,12492.00,205267.00,793695.00,54599.00
1890,35765.00,27486.00,98152.00,52712.00,28887.00,12538.00,205271.00,793782.00,64820.00
1891,31794.00,24595.00,87544.00,53583.00,55613.00,12486.00,208620.00,788669.00,71407.00
1892,31629.00,24526.00,87424.00,53491.00,50643.00,12558.00,205283.00,795049.00,54591.00
1893,35705.00,27607.00,98596.00,52750.00,28840.00,12554.00,205276.00,838207.00,65496.00
1894,31819.00,24548.00,86705.00,53610.00,59176.00,12608.00,208025.00,787327.00,68760.00
1895,31711.00,24643.00,86924.00,53509.00,51228.00,12503.00,205510.00,793461.00,54631.00
1896,35657.00,27446.00,97515.00,52678.00,28914.00,12605.00,205481.00,793707.00,55200.00
1897,31643.00,36969.00,87171.00,53510.00,55756.00,12583.00,208630.00,787517.00,68516.00
1898,31703.00,24618.00,86761.00,53538.00,52130.00,12546.00,205262.00,793815.00,70986.00
1899,37550.00,29022.00,103886.00,55525.00,30413.00,13223.00,223242.00,867206.00,82417.00
1900,34761.00,26951.00,95792.00,62305.00,62177.00,13355.00,252423.00,883063.00,54585.00
1901,35902.00,27571.00,97808.00,52816.00,28926.00,12567.00,205087.00,793182.00,54499.00
1902,35816.00,27630.00,113658.00,75742.00,50901.00,12507.00,248637.00,860294.00,77677.00
1903,31734.00,24551.00,86916.00,53610.00,58115.00,12480.00,205251.00,793524.00,54582.00
1904,35685.00,27652.00,98405.00,70571.00,30405.00,13147.00,216112.00,826564.00,74789.00
1905,31769.00,24528.00,86491.00,53627.00,63415.00,12526.00,205295.00,937063.00,73121.00
1906,35892.00,27644.00,107357.00,68410.00,51002.00,12452.00,205255.00,840208.00,82739.00
1907,34712.00,27110.00,96162.00,64330.00,62596.00,12574.00,205270.00,790181.00,72110.00
1908,31754.00,24524.00,87109.00,53516.00,59016.00,12619.00,205239.00,834742.00,54715.00
1909,35685.00,27551.00,97878.00,52882.00,28846.00,12586.00,205390.00,800432.00,65257.00
1910,31739.00,24676.00,87329.00,53559.00,61351.00,12552.00,205252.00,789798.00,64682.00
1911,31700.00,24571.00,87004.00,53480.00,61475.00,12578.00,205237.00,793497.00,54585.00
1912,35689.00,27743.00,98447.00,52776.00,28921.00,12554.00,255766.00,845682.00,65145.00
1913,31785.00,24505.00,87060.00,55956.00,50578.00,12570.00,205255.00,894552.00,65661.00
1914,31662.00,24553.00,87731.00,53499.00,51141.00,12596.00,205270.00,793596.00,54533.00
1915,35664.00,27727.00,114466.00,66451.00,51281.00,12521.00,208116.00,787318.00,66003.00
1916,34432.00,24568.00,87473.00,53528.00,60020.00,12528.00,205529.00,793549.00,54662.00
1917,35775.00,27601.00,97594.00,52870.00,28892.00,12524.00,205483.00,793540.00,54819.00
1918,35952.00,27489.00,113603.00,66501.00,56178.00,12511.00,229651.00,808319.00,85143.00
1919,34680.00,26769.00,95799.00,66654.00,51158.00,12541.00,205277.00,793736.00,54508.00
1920,35674.00,27633.00,98640.00,52862.00,28794.00,12580.00,205297.00,793742.00,64895.00
1921,31755.00,24649.00,86961.00,53567.00,51748.00,12493.00,208434.00,787166.00,69316.00
1922,31787.00,24613.00,86797.00,53550.00,51049.00,12476.00,205267.00,793428.00,54447.00
1923,35559.00,27629.00,98902.00,52839.00,28767.00,12422.00,205285.00,793383.00,54687.00
1924,41652.00,27567.00,102402.00,66783.00,50624.00,12446.00,208351.00,847832.00,57539.00
1925,38562.00,45505.00,117064.00,55510.00,30433.00,13200.00,219874.00,793503.00,54843.00
1926,35772.00,27759.00,97334.00,52855.00,29004.00,12623.00,205310.00,801758.00,66127.00
1927,31695.00,24700.00,87683.00,53518.00,54595.00,12445.00,231419.00,805868.00,66133.00
1928,31697.00,24620.00,87434.00,53470.00,50949.00,12623.00,205267.00,793414.00,54656.00
1929,35731.00,27690.00,98303.00,52909.00,64044.00,12488.00,205291.00,796455.00,89474.00
1930,31780.00,24602.00,86688.00,56314.00,57684.00,12564.00,205327.00,789574.00,66008.00
1931,31605.00,24458.00,86665.00,53626.00,56775.00,12623.00,205396.00,835341.00,54690.00
1932,35609.00,27571.00,99289.00,77445.00,52751.00,12449.00,208167.00,1044385.00,54958.00
1933,35685.00,27877.00,98522.00,53035.00,28941.00,12578.00,205321.00,793663.00,54548.00
1934,35834.00,27591.00,98426.00,53256.00,64331.00,12526.00,205243.00,796632.00,70888.00
1935,31689.00,24399.00,86968.00,56332.00,55364.00,12472.00,205308.00,790603.00,64847.00
1936,31648.00,24623.00,86932.00,53511.00,51719.00,12478.00,205253.00,859035.00,69520.00
1937,37463.00,29178.00,108953.00,52823.00,28866.00,12590.00,209519.00,787015.00,66516.00
1938,31721.00,24669.00,89717.00,53643.00,51970.00,12565.00,205164.00,791546.00,64592.00
1939,31789.00,24531.00,86669.00,53518.00,55237.00,12544.00,205309.00,793625.00,54634.00
1940,35945.00,27698.00,101862.00,77411.00,53764.00,12581.00,208655.00,787904.00,65604.00
1941,31586.00,24621.00,90301.00,53516.00,50452.00,12620.00,205296.00,793405.00,54521.00
1942,35581.00,27604.00,98793.00,52872.00,28935.00,12534.00,205267.00,793610.00,54603.00
1943,35672.00,27607.00,101188.00,74713.00,50529.00,12506.00,208391.00,787359.00,67111.00
1944,31734.00,24701.00,90360.00,74008.00,52138.00,13149.00,216105.00,804566.00,54572.00
1945,35789.00,27578.00,97953.00,52796.00,28891.00,12522.00,205038.00,871722.00,54518.00
1946,35555.00,27693.00,111538.00,66930.00,56985.00,12498.00,208780.00,787018.00,64774.00
1947,31729.00,27309.00,86931.00,53557.00,51690.00,12593.00,205249.00,792939.00,54535.00
1948,35770.00,27709.00,99307.00,52722.00,28832.00,12506.00,205293.00,793679.00,54507.00
1949,45398.00,27687.00,102522.00,76872.00,51270.00,12567.00,258149.00,854503.00,65503.00
1950,31704.00,24764.00,87029.00,53555.00,62846.00,12549.00,205247.00,793922.00,54721.00
1951,35629.00,27622.00,98157.00,52995.00,54747.00,24273.00,205269.00,796032.00,65733.00
1952,31876.00,24498.00,87003.00,56253.00,50944.00,12529.00,205283.00,790327.00,76770.00
1953,31759.00,24528.00,87231.00,53555.00,51444.00,12520.00,205268.00,861017.00,57687.00
1954,35760.00,38874.00,98334.00,97473.00,50580.00,12468.00,207938.00,787238.00,65509.00
1955,31751.00,24665.00,90358.00,53552.00,50585.00,12594.00,205287.00,793440.00,54712.00
1956,35693.00,27593.00,98175.00,52807.00,28901.00,12569.00,205245.00,838237.00,54650.00
1957,35708.00,27711.00,114343.00,66137.00,51063.00,12644.00,207931.00,787133.00,66593.00
1958,34642.00,24498.00,87373.00,53515.00,51698.00,12555.00,205268.00,793532.00,54408.00
1959,35826.00,27540.00,98132.00,52680.00,28888.00,12490.00,205247.00,793791.00,54505.00
1960,35658.00,27579.00,114301.00,66095.00,51047.00,12584.00,208326.00,787218.00,65484.00
1961,56694.00,24703.00,97799.00,60108.00,54829.00,13536.00,221992.00,910227.00,54815.00
1962,35712.00,27634.00,97959.00,52794.00,28945.00,12536.00,205082.00,799232.00,64987.00
1963,31659.00,24564.00,87135.00,53521.00,52956.00,12621.00,205280.00,790847.00,71160.00
1964,31614.00,24517.00,87083.00,53569.00,52230.00,12656.00,205285.00,793670.00,54733.00
1965,35677.00,27613.00,97930.00,52767.00,28908.00,12581.00,205334.00,802634.00,65812.00
1966,31652.00,24689.00,86915.00,53604.00,56494.00,12582.00,205299.00,790070.00,78773.00
1967,31618.00,24410.00,86763.00,53605.00,50663.00,12576.00,205363.00,793428.00,54724.00
1968,35702.00,27564.00,97948.00,52694.00,28993.00,12564.00,205307.00,793139.00,74131.00
1969,31899.00,24473.00,88087.00,53508.00,50450.00,12553.00,239639.00,806841.00,67415.00
1970,31880.00,24603.00,87698.00,53685.00,58551.00,12556.00,205258.00,793491.00,54428.00
1971,35787.00,27540.00,98125.00,52831.00,28829.00,12516.00,205263.00,801836.00,70608.00
1972,31811.00,24576.00,86876.00,53579.00,54555.00,12538.00,205261.00,790122.00,65662.00
1973,31674.00,24596.00,87395.00,53415.00,50605.00,12542.00,207418.00,869662.00,85777.00
1974,54391.00,29096.00,105760.00,57102.00,31290.00,13593.00,234102.00,832842.00,65880.00
1975,31745.00,24605.00,90122.00,53553.00,51792.00,12508.00,205240.00,793646.00,54445.00
1976,35728.00,27678.00,98067.00,52846.00,28913.00,12571.00,205254.00,793589.00,54473.00
1977,35542.00,27676.00,112861.00,66169.00,51513.00,12523.00,208198.00,788735.00,65975.00
1978,31570.00,24645.00,89701.00,53551.00,50998.00,12520.00,205664.00,793271.00,54743.00
1979,35750.00,27417.00,98877.00,52731.00,28792.00,12545.00,205536.00,793652.00,54882.00
1980,35723.00,27797.00,113442.00,67289.00,55514.00,12518.00,208313.00,819977.00,85944.00
1981,35576.00,33318.00,123020.00,78163.00,63745.00,77451.00,698991.00,2741845.00,225564.00
1982,119211.00,92136.00,105738.00,53782.00,52122.00,12593.00,205544.00,793378.00,54494.00
1983,35967.00,27696.00,113487.00,67378.00,51189.00,12619.00,226583.00,873296.00,67102.00
1984,38685.00,29849.00,106588.00,57029.00,31415.00,24017.00,215988.00,863012.00,54747.00
1985,35789.00,27758.00,97916.00,54342.00,62128.00,12564.00,205336.00,793216.00,64948.00
1986,31800.00,24518.00,86566.00,98639.00,70223.00,24298.00,243623.00,818040.00,57588.00
1987,47136.00,28967.00,97980.00,52896.00,28849.00,12571.00,205562.00,832981.00,54685.00
1988,44603.00,27669.00,102652.00,67553.00,57287.00,12479.00,230492.00,803660.00,85055.00
1989,35055.00,27033.00,95671.00,58753.00,71572.00,12515.00,205237.00,797716.00,54707.00
1990,35642.00,27775.00,97889.00,52784.00,28831.00,12532.00,205471.00,932369.00,59257.00
1991,38384.00,33708.00,113607.00,57157.00,31460.00,16931.00,244009.00,838846.00,59458.00
1992,37839.00,39999.00,111829.00,52808.00,28870.00,15451.00,219727.00,837171.00,64655.00
1993,31731.00,24521.00,87197.00,53591.00,50916.00,15719.00,216205.00,787008.00,93840.00
1994,34804.00,27012.00,96146.00,58776.00,53702.00,23092.00,205062.00,792757.00,54532.00
1995,35764.00,27779.00,97900.00,52873.00,28848.00,12556.00,205153.00,856663.00,85995.00
1996,51469.00,29630.00,100697.00,60307.00,76254.00,13530.00,235354.00,794549.00,54844.00
1997,35855.00,27619.00,98394.00,52747.00,28979.00,12526.00,205463.00,794117.00,54683.00
1998,35612.00,27669.00,113629.00,67610.00,57572.00,12640.00,208588.00,831784.00,55516.00
1999,35596.00,33401.00,98303.00,52922.00,28942.00,12724.00,205493.00,793746.00,54648.00
2000,35684.00,27628.00,97986.00,52873.00,28860.00,12590.00,205483.00,794065.00,54770.00
2001,35555.00,27641.00,112947.00,66273.00,50744.00,12634.00,208722.00,787503.00,65329.00
2002,34485.00,24582.00,86936.00,53453.00,50719.00,12532.00,205243.00,793466.00,54510.00
2003,35731.00,27674.00,99010.00,52693.00,28839.00,12544.00,205270.00,793683.00,54568.00
2004,35719.00,27616.00,114153.00,77334.00,50686.00,12533.00,229808.00,808096.00,85701.00
2005,34706.00,27043.00,104417.00,53583.00,51362.00,12524.00,205237.00,793714.00,54457.00
2006,35463.00,27562.00,98446.00,52879.00,28896.00,12522.00,205258.00,793983.00,64968.00
2007,31612.00,24505.00,87855.00,53600.00,50405.00,12583.00,208507.00,787151.00,115129.00
2008,35746.00,27756.00,98340.00,60264.00,86134.00,30142.00,226680.00,793463.00,54396.00
2009,35587.00,27739.00,97971.00,65175.00,50468.00,12605.00,205260.00,793370.00,66023.00
2010,31821.00,24620.00,86939.00,56452.00,51694.00,12557.00,205259.00,790115.00,65353.00
2011,31692.00,24562.00,86897.00,53485.00,52469.00,12468.00,205278.00,793420.00,54626.00
2012,35839.00,27608.00,97752.00,65546.00,51720.00,12604.00,205260.00,793738.00,65347.00
2013,31575.00,24501.00,86716.00,56471.00,50359.00,12634.00,205594.00,789920.00,65565.00
2014,31750.00,24586.00,87128.00,53429.00,51408.00,12509.00,205226.00,793451.00,54476.00
2015,35810.00,27750.00,97782.00,65008.00,50953.00,12456.00,205222.00,794185.00,64698.00
2016,31671.00,24589.00,87140.00,56372.00,50874.00,12585.00,205274.00,791939.00,66550.00
2017,31676.00,24571.00,87199.00,53557.00,52082.00,12514.00,205271.00,834030.00,54489.00
2018,35597.00,27482.00,97750.00,65173.00,51537.00,12534.00,208088.00,787182.00,65301.00
2019,31721.00,24689.00,89217.00,53495.00,52263.00,12602.00,205397.00,791330.00,64875.00
2020,31859.00,24578.00,87038.00,53551.00,50841.00,12555.00,205237.00,857564.00,68615.00
2021,37749.00,29157.00,108136.00,52877.00,28951.00,12683.00,208779.00,787228.00,65341.00
2022,31894.00,24527.00,90060.00,53532.00,61159.00,12582.00,205251.00,793606.00,54721.00
2023,35858.00,27605.00,98204.00,52816.00,28829.00,12652.00,205241.00,793480.00,54492.00
2024,35859.00,27602.00,112468.00,66984.00,51062.00,12525.00,208481.00,787109.00,72891.00
2025,31753.00,24635.00,89747.00,53494.00,50878.00,12538.00,223717.00,824134.00,54798.00
2026,35677.00,27611.00,97759.00,52826.00,28891.00,12594.00,205463.00,795257.00,54753.00
2027,35651.00,27559.00,114437.00,80840.00,50978.00,12582.00,208221.00,787250.00,65384.00
2028,31695.00,27230.00,86563.00,53515.00,50667.00,12622.00,205330.00,793682.00,54840.00
2029,35750.00,27651.00,97992.00,52769.00,28899.00,12588.00,205331.00,793926.00,54836.00
2030,37666.00,44235.00,123710.00,81446.00,53135.00,13135.00,220207.00,806214.00,76841.00
2031,31747.00,24616.00,87332.00,53639.00,50810.00,12550.00,205278.00,793803.00,54644.00
2032,35764.00,27579.00,98302.00,52780.00,28789.00,12575.00,205276.00,829373.00,83040.00
2033,37240.00,29039.00,103541.00,55579.00,34384.00,13230.00,216428.00,823869.00,71857.00
2034,34693.00,27014.00,95254.00,59082.00,61232.00,12597.00,205538.00,793322.00,54878.00
2035,35648.00,27716.00,97633.00,66313.00,51686.00,12538.00,205265.00,793680.00,64913.00
2036,31652.00,24674.00,86623.00,73308.00,52578.00,13218.00,216252.00,834883.00,58210.00
2037,37519.00,29087.00,146436.00,57215.00,31232.00,13630.00,230465.00,845484.00,90794.00
2038,35764.00,37728.00,97629.00,60371.00,63414.00,13615.00,222012.00,863482.00,71761.00
2039,35657.00,27619.00,98296.00,70351.00,55635.00,13499.00,216995.00,880112.00,58145.00
2040,47160.00,29140.00,114385.00,67936.00,56486.00,12550.00,208004.00,788231.00,67594.00
2041,31868.00,24607.00,87883.00,53614.00,51760.00,12485.00,205281.00,793567.00,54666.00
2042,35848.00,27596.00,98115.00,52733.00,28828.00,12551.00,205256.00,836604.00,56034.00
2043,31683.00,34241.00,86949.00,53533.00,51003.00,12579.00,208329.00,788070.00,67629.00
2044,31903.00,24494.00,87477.00,53711.00,51423.00,12574.00,205252.00,793004.00,54520.00
2045,37653.00,43661.00,129070.00,57089.00,31290.00,13614.00,231980.00,814518.00,88482.00
2046,31597.00,24700.00,87250.00,53647.00,51974.00,12663.00,205591.00,799402.00,52179.00
2047,31698.00,24514.00,87083.00,53605.00,52235.00,12479.00,205263.00,864287.00,58247.00
2048,37568.00,29174.00,102833.00,91091.00,51260.00,12510.00,208917.00,864556.00,70989.00
2049,31747.00,40009.00,87410.00,53528.00,53117.00,12489.00,205271.00,793685.00,54592.00
2050,35745.00,27723.00,98208.00,52828.00,28922.00,12540.00,205237.00,793550.00,54561.00
2051,35858.00,27655.00,112884.00,68367.00,67250.00,13179.00,219774.00,814600.00,69310.00
2052,31759.00,24528.00,87199.00,53627.00,51873.00,12604.00,205258.00,793938.00,54601.00
2053,35534.00,27603.00,98527.00,52809.00,28931.00,12614.00,205263.00,793813.00,54770.00
2054,31884.00,35917.00,87148.00,53579.00,50755.00,12533.00,208238.00,787385.00,64839.00
2055,50320.00,27787.00,95559.00,58772.00,54219.00,13178.00,220278.00,792987.00,54663.00
2056,36012.00,27631.00,98510.00,52831.00,28837.00,12567.00,205493.00,793081.00,55789.00
2057,31764.00,36161.00,86812.00,53603.00,59549.00,12477.00,228808.00,917443.00,54750.00
2058,35602.00,27624.00,97467.00,52838.00,28926.00,12618.00,205683.00,793756.00,54628.00
2059,35691.00,27684.00,97596.00,65082.00,51698.00,12576.00,205277.00,823354.00,80764.00
2060,31861.00,24802.00,89897.00,53557.00,50485.00,12595.00,205248.00,790447.00,65107.00
2061,31814.00,24577.00,87318.00,53593.00,52495.00,12625.00,205377.00,856710.00,55230.00
2062,35938.00,27667.00,98713.00,79841.00,57134.00,12674.00,229615.00,809813.00,76808.00
2063,35596.00,31444.00,97795.00,52813.00,28983.00,12575.00,205256.00,793750.00,54524.00
2064,35628.00,27578.00,97825.00,52796.00,28903.00,12487.00,205248.00,793410.00,54397.00
2065,44717.00,27620.00,102162.00,67303.00,53741.00,12510.00,208378.00,787272.00,66502.00
2066,31794.00,27382.00,86994.00,53613.00,51600.00,12506.00,205266.00,793861.00,54674.00
2067,35750.00,27810.00,98453.00,52950.00,28906.00,12478.00,205268.00,837567.00,54803.00
2068,41773.00,27556.00,102285.00,67369.00,60086.00,12647.00,208198.00,787260.00,67587.00
2069,31785.00,24480.00,86964.00,53604.00,51631.00,12594.00,205260.00,888883.00,54907.00
2070,35790.00,27663.00,98164.00,52943.00,28844.00,12535.00,205576.00,800747.00,66696.00
2071,31723.00,24529.00,87003.00,53544.00,60041.00,12560.00,205272.00,789850.00,64683.00
2072,31727.00,24428.00,86675.00,53560.00,51911.00,12474.00,205263.00,835648.00,55775.00
2073,35764.00,27720.00,98426.00,52859.00,28952.00,12591.00,205055.00,800352.00,64617.00
2074,31739.00,24529.00,87280.00,53464.00,52627.00,12483.00,205285.00,790030.00,64742.00
2075,31796.00,24697.00,87565.00,53541.00,52071.00,12571.00,205245.00,793046.00,54461.00
2076,35821.00,27656.00,98454.00,52899.00,28861.00,12489.00,205268.00,793451.00,84109.00
2077,31748.00,24501.00,87799.00,53500.00,54024.00,12590.00,205500.00,790105.00,65729.00
2078,31933.00,24648.00,87187.00,53646.00,52584.00,12596.00,204999.00,793675.00,54548.00
2079,35816.00,27793.00,98193.00,52821.00,28878.00,12498.00,205124.00,793578.00,94221.00
2080,31638.00,24582.00,87390.00,53473.00,55229.00,12643.00,231595.00,837308.00,66193.00
2081,31699.00,24604.00,87195.00,53534.00,52580.00,12476.00,205292.00,794019.00,71604.00
2082,37704.00,29127.00,102822.00,78744.00,51526.00,12542.00,283095.00,825489.00,66757.00
2083,31697.00,28032.00,87545.00,53605.00,51326.00,12517.00,205278.00,793258.00,54573.00
2084,35618.00,27456.00,98680.00,52624.00,28777.00,12557.00,205260.00,793047.00,54578.00
2085,35843.00,27875.00,113038.00,66345.00,50977.00,12547.00,208428.00,787384.00,66157.00
2086,31880.00,27507.00,87483.00,53477.00,53856.00,12598.00,205267.00,793973.00,54575.00
2087,35981.00,27710.00,98257.00,52765.00,28940.00,12516.00,205249.00,793844.00,54504.00
2088,35649.00,27512.00,113101.00,69794.00,51322.00,12568.00,208416.00,787210.00,65479.00
2089,31757.00,27373.00,87328.00,53584.00,50940.00,12456.00,205285.00,793382.00,54644.00
2090,35609.00,27631.00,98192.00,52714.00,28836.00,12590.00,205239.00,793414.00,54583.00
2091,35563.00,27668.00,113196.00,67858.00,56991.00,12545.00,208398.00,787280.00,65503.00
2092,31669.00,27357.00,87058.00,53551.00,51967.00,12627.00,205048.00,821033.00,57717.00
2093,47085.00,29121.00,98494.00,52843.00,28876.00,12641.00,205286.00,828585.00,55515.00
2094,31875.00,34797.00,86576.00,53566.00,50591.00,12490.00,254730.00,834667.00,65919.00
2095,31618.00,24514.00,87155.00,53550.00,74068.00,12572.00,205240.00,794006.00,54568.00
2096,35746.00,27728.00,98169.00,53639.00,61608.00,12559.00,205470.00,796152.00,75805.00
2097,31683.00,24296.00,87548.00,56446.00,51848.00,12600.00,205491.00,791011.00,64790.00
2098,31981.00,24444.00,87211.00,53591.00,52170.00,12519.00,205248.00,793625.00,54630.00
2099,35648.00,27717.00,97721.00,54984.00,58735.00,12541.00,205250.00,795846.00,75351.00
2100,31710.00,24570.00,86682.00,56385.00,53834.00,12516.00,205277.00,790562.00,66710.00
2101,31740.00,24557.00,87191.00,53429.00,51832.00,12588.00,205262.00,793407.00,54778.00
2102,35678.00,27680.00,97780.00,64942.00,50782.00,12616.00,205261.00,796017.00,64759.00
2103,31703.00,24556.00,87273.00,56276.00,52154.00,12530.00,205110.00,810869.00,81006.00
2104,34979.00,26997.00,95289.00,59254.00,65697.00,12594.00,205109.00,833466.00,54910.00
2105,35838.00,27720.00,98520.00,53192.00,28898.00,12512.00,226804.00,831409.00,69803.00
2106,37672.00,27062.00,95111.00,58856.00,53650.00,13187.00,221569.00,854148.00,68667.00
2107,38665.00,44977.00,115129.00,55675.00,30428.00,23507.00,205260.00,801297.00,66125.00
2108,31746.00,24465.00,87012.00,53557.00,54178.00,12519.00,205251.00,789938.00,65950.00
2109,31735.00,24586.00,87314.00,53486.00,52231.00,12490.00,205299.00,793521.00,54610.00
2110,35752.00,27673.00,98619.00,52720.00,28914.00,12654.00,205244.00,850960.00,71461.00
2111,43321.00,27261.00,86717.00,56120.00,58830.00,12579.00,205318.00,790470.00,65462.00
2112,31864.00,24535.00,87126.00,53530.00,51189.00,12704.00,205297.00,845010.00,59199.00
2113,38546.00,29864.00,117249.00,91739.00,55915.00,12538.00,209115.00,787192.00,66344.00
2114,31500.00,24538.00,89806.00,53574.00,54042.00,12575.00,205297.00,793432.00,54486.00
2115,35645.00,27611.00,99317.00,52749.00,28801.00,12533.00,205269.00,793599.00,54563.00
2116,35679.00,27697.00,113186.00,66888.00,51418.00,12550.00,208367.00,787837.00,66633.00
2117,31688.00,24499.00,90047.00,53537.00,51443.00,12574.00,205296.00,811348.00,57617.00
2118,48406.00,29093.00,98683.00,52825.00,28918.00,12590.00,205254.00,887467.00,59140.00
2119,38493.00,29942.00,115396.00,55712.00,30512.00,13239.00,231312.00,786888.00,66371.00
2120,31800.00,24510.00,87133.00,53442.00,51297.00,12514.00,205363.00,804703.00,55110.00
2121,35591.00,27669.00,98352.00,52763.00,28948.00,12529.00,229930.00,911581.00,59402.00
2122,37723.00,28995.00,115010.00,71682.00,30577.00,13172.00,259559.00,829698.00,55176.00
2123,35703.00,27739.00,97544.00,52768.00,29029.00,12539.00,205281.00,793943.00,54838.00
2124,35627.00,27690.00,114403.00,66450.00,50847.00,12556.00,208807.00,787386.00,66320.00
2125,34364.00,24661.00,86930.00,53589.00,57240.00,12626.00,205613.00,795395.00,54691.00
2126,35506.00,27655.00,98001.00,52782.00,28878.00,12478.00,205528.00,793679.00,54728.00
2127,35536.00,27670.00,113948.00,67204.00,50449.00,12578.00,208243.00,786893.00,65492.00
2128,34554.00,24592.00,87865.00,53561.00,50775.00,12595.00,205251.00,793345.00,54653.00
2129,35676.00,27650.00,98110.00,52790.00,28853.00,12568.00,205234.00,793671.00,54624.00
2130,35768.00,27697.00,114534.00,67620.00,50822.00,12555.00,208330.00,844475.00,74515.00
2131,35470.00,27804.00,97758.00,60288.00,54027.00,13562.00,228328.00,890739.00,54937.00
2132,35862.00,27536.00,97361.00,65189.00,52119.00,12488.00,205271.00,792342.00,66225.00
2133,31621.00,24617.00,86484.00,56415.00,51055.00,12547.00,205262.00,790460.00,64886.00
2134,31605.00,24556.00,86667.00,53542.00,50940.00,12611.00,205519.00,793928.00,54878.00
2135,35701.00,27664.00,97808.00,66614.00,51332.00,12558.00,205254.00,792615.00,76561.00
2136,31801.00,24690.00,86955.00,56347.00,51599.00,12469.00,205254.00,790007.00,65264.00
2137,31858.00,24665.00,87356.00,60250.00,65857.00,12624.00,205072.00,793848.00,54562.00
2138,35852.00,27723.00,100938.00,77147.00,57423.00,12440.00,208475.00,787488.00,66447.00
2139,31826.00,24623.00,89931.00,53653.00,55325.00,12593.00,205500.00,793522.00,54844.00
2140,35734.00,27722.00,98022.00,52788.00,28927.00,12615.00,205522.00,793502.00,54832.00
2141,35653.00,27634.00,111022.00,66331.00,53232.00,12448.00,208413.00,787284.00,67973.00
2142,31907.00,24561.00,90152.00,53567.00,51759.00,12499.00,205267.00,836751.00,59306.00
2143,38662.00,29862.00,113665.00,63729.00,28872.00,12542.00,247423.00,853776.00,56898.00
2144,31887.00,34584.00,87135.00,53543.00,52234.00,12586.00,208897.00,787723.00,67303.00
2145,31620.00,24692.00,87451.00,53512.00,50821.00,12510.00,205265.00,793651.00,54620.00
2146,35616.00,27628.00,98200.00,52839.00,28811.00,12584.00,205263.00,825809.00,56950.00
2147,35694.00,27611.00,98709.00,52916.00,28978.00,12634.00,210783.00,787504.00,68083.00
2148,31801.00,24557.00,86813.00,53606.00,51688.00,12506.00,205266.00,793448.00,54483.00
2149,35611.00,27612.00,98245.00,52811.00,28878.00,12508.00,205236.00,794151.00,54615.00
2150,42228.00,27542.00,102423.00,67863.00,60160.00,12676.00,208359.00,787448.00,67934.00
2151,31704.00,24541.00,87300.00,53456.00,51661.00,12460.00,205284.00,793675.00,54480.00
2152,35817.00,27743.00,98513.00,52778.00,28788.00,12501.00,205261.00,793666.00,54556.00
2153,42136.00,27494.00,102220.00,66395.00,51355.00,12529.00,208462.00,787865.00,75173.00
2154,31600.00,24470.00,87132.00,53515.00,52923.00,12642.00,205257.00,793718.00,54511.00
2155,35669.00,27710.00,98912.00,52738.00,28950.00,12532.00,205255.00,813238.00,57429.00
2156,44838.00,29246.00,111920.00,96887.00,60333.00,13629.00,221968.00,824933.00,67195.00
2157,31756.00,24589.00,87124.00,53514.00,51649.00,12542.00,205255.00,793926.00,54493.00
2158,35712.00,27703.00,97388.00,53971.00,67434.00,12479.00,205255.00,795972.00,66164.00
2159,31832.00,24623.00,87020.00,56342.00,51577.00,12581.00,205322.00,789471.00,64505.00
2160,31654.00,24567.00,87204.00,53608.00,51807.00,12488.00,205268.00,793491.00,54493.00
2161,35611.00,27742.00,97984.00,54217.00,60161.00,12627.00,205301.00,796217.00,64385.00
2162,31678.00,24511.00,87059.00,56248.00,50506.00,12646.00,205136.00,790628.00,64854.00
2163,31862.00,24517.00,87307.00,53530.00,51818.00,12590.00,205295.00,793521.00,54971.00
2164,35837.00,27707.00,97835.00,53474.00,63015.00,12489.00,205289.00,796293.00,74088.00
2165,31819.00,24534.00,87401.00,56396.00,57646.00,12573.00,205270.00,791699.00,70976.00
2166,31737.00,24589.00,86814.00,53553.00,51458.00,12473.00,205234.00,793721.00,54640.00
2167,35909.00,27633.00,98711.00,65180.00,51856.00,12541.00,205281.00,794067.00,66531.00
2168,31777.00,24604.00,87317.00,56333.00,55853.00,44823.00,221928.00,881336.00,57605.00
2169,37546.00,29116.00,109301.00,52802.00,28941.00,12582.00,205483.00,793838.00,54877.00
2170,45169.00,27743.00,102567.00,71155.00,50781.00,12566.00,208638.00,787396.00,65476.00
2171,31795.00,27437.00,87116.00,53639.00,50985.00,12571.00,205267.00,793879.00,54611.00
2172,35807.00,27480.00,98285.00,52785.00,28806.00,12565.00,205219.00,794065.00,54520.00
2173,35481.00,27458.00,111803.00,67052.00,50922.00,12548.00,208770.00,786861.00,68904.00
2174,31804.00,27277.00,86917.00,53536.00,52590.00,12548.00,205272.00,793595.00,54595.00
2175,35601.00,27589.00,98924.00,52832.00,28828.00,12596.00,229360.00,810350.00,54754.00
2176,31766.00,36977.00,102623.00,69094.00,51074.00,12594.00,208395.00,787209.00,67467.00
2177,31661.00,24596.00,86906.00,53643.00,51433.00,12629.00,205271.00,793428.00,54566.00
2178,35470.00,27678.00,98243.00,52756.00,28838.00,12637.00,205264.00,794248.00,54559.00
2179,41871.00,27604.00,102420.00,68265.00,50980.00,12564.00,208496.00,787490.00,68132.00
2180,31744.00,24542.00,87311.00,53585.00,52047.00,12574.00,205306.00,851514.00,59116.00
2181,38465.00,29922.00,114752.00,55610.00,30409.00,13466.00,237010.00,840217.00,70380.00
2182,34921.00,27014.00,96031.00,62665.00,52628.00,13218.00,216555.00,800545.00,65120.00
2183,31744.00,24566.00,87471.00,53646.00,50739.00,12616.00,205448.00,836806.00,55490.00
2184,35746.00,27672.00,111360.00,67440.00,60753.00,12692.00,226084.00,866059.00,88247.00
2185,35751.00,27704.00,98161.00,60370.00,74173.00,13876.00,231457.00,847432.00,59684.00
2186,38393.00,29890.00,105839.00,71032.00,53668.00,13554.00,258304.00,850510.00,75355.00
2187,35632.00,45596.00,97912.00,60277.00,53581.00,14252.00,253247.00,902824.00,55222.00
2188,35827.00,27501.00,98621.00,65059.00,53640.00,12580.00,208646.00,787448.00,64997.00
2189,31578.00,24571.00,90064.00,53598.00,50604.00,12514.00,205260.00,789637.00,66232.00
2190,31625.00,24460.00,87427.00,53531.00,52302.00,12576.00,205134.00,793554.00,54497.00
2191,35643.00,27555.00,98951.00,75684.00,50347.00,12560.00,208445.00,787566.00,65559.00
2192,31764.00,24710.00,89546.00,53561.00,50713.00,12528.00,205300.00,911549.00,57845.00
2193,37606.00,29044.00,111296.00,52736.00,28922.00,12566.00,205378.00,793791.00,54691.00
2194,43362.00,27414.00,102764.00,66324.00,51211.00,12568.00,236783.00,848805.00,84134.00
2195,34900.00,27190.00,95667.00,64576.00,52265.00,12586.00,205288.00,858556.00,54932.00
2196,35844.00,27696.00,99211.00,76897.00,58102.00,19224.00,235916.00,829332.00,65789.00
2197,35031.00,24543.00,86581.00,53600.00,50879.00,12550.00,205136.00,793428.00,54680.00
2198,35719.00,27525.00,97461.00,52776.00,28889.00,12542.00,226775.00,822273.00,54665.00
2199,45192.00,27699.00,102556.00,66234.00,58479.00,12515.00,234634.00,813448.00,74912.00
2200,31710.00,24569.00,87395.00,53538.00,51811.00,12581.00,205274.00,793644.00,54412.00
2201,35853.00,27425.00,98264.00,52718.00,28882.00,12476.00,205281.00,793898.00,54428.00
2202,35714.00,27496.00,97883.00,52956.00,28863.00,12509.00,208503.00,787745.00,68994.00
2203,31852.00,24523.00,86581.00,53480.00,50661.00,12589.00,205280.00,793211.00,54527.00
2204,35565.00,27454.00,97618.00,52800.00,28855.00,12478.00,205262.00,848470.00,59045.00
2205,38564.00,30054.00,114696.00,65434.00,28879.00,12516.00,209031.00,787327.00,70112.00
2206,31621.00,24403.00,87303.00,53589.00,52296.00,12583.00,205074.00,825210.00,67095.00
2207,35726.00,27531.00,98419.00,52776.00,28822.00,12470.00,205263.00,793181.00,75457.00
2208,31706.00,24505.00,87392.00,53552.00,60728.00,12562.00,205246.00,790470.00,66230.00
2209,31811.00,24650.00,86730.00,53658.00,51656.00,12468.00,205252.00,793429.00,54526.00
2210,35732.00,27589.00,97649.00,52884.00,28895.00,12550.00,205249.00,793965.00,65220.00
2211,31668.00,24533.00,87068.00,53565.00,50914.00,12515.00,208485.00,787001.00,69045.00
2212,31835.00,24567.00,86919.00,53522.00,51206.00,12534.00,205267.00,793401.00,54487.00
2213,35627.00,27642.00,97742.00,52756.00,28853.00,12489.00,205230.00,793606.00,54785.00
2214,31658.00,36030.00,87643.00,53451.00,51195.00,12563.00,208431.00,794851.00,54810.00
2215,35560.00,31908.00,97913.00,52772.00,28862.00,12608.00,205539.00,793416.00,54711.00
2216,35804.00,27645.00,97546.00,52757.00,28960.00,12540.00,205534.00,793662.00,54701.00
2217,46324.00,27611.00,129992.00,60277.00,53885.00,13602.00,251353.00,840117.00,82956.00
2218,34843.00,26825.00,95253.00,66240.00,50800.00,12554.00,205293.00,793503.00,54636.00
2219,35732.00,27658.00,98372.00,65163.00,59973.00,12652.00,205314.00,833698.00,65875.00
2220,31736.00,24628.00,90401.00,53542.00,51019.00,12566.00,205293.00,828493.00,56056.00
2221,35594.00,27647.00,98147.00,52890.00,29055.00,12645.00,205084.00,793464.00,54632.00
2222,35754.00,27745.00,111521.00,67752.00,56454.00,12567.00,208581.00,788446.00,64735.00
2223,31774.00,24611.00,90427.00,53535.00,50740.00,12562.00,205250.00,793452.00,54516.00
2224,35537.00,27655.00,98785.00,52741.00,28909.00,12674.00,205252.00,793209.00,54576.00
2225,35717.00,27561.00,112409.00,67417.00,50786.00,12477.00,208457.00,787437.00,65266.00
2226,31676.00,24595.00,89602.00,53629.00,52492.00,12706.00,205277.00,793209.00,54522.00
2227,35783.00,27623.00,98366.00,52937.00,28837.00,12501.00,205270.00,793597.00,54426.00
2228,35901.00,27608.00,111484.00,67917.00,51598.00,12511.00,208363.00,787326.00,64858.00
2229,31797.00,24656.00,89890.00,53612.00,51216.00,12494.00,205258.00,877305.00,57625.00
2230,37654.00,29134.00,108866.00,52819.00,28897.00,12510.00,205542.00,793384.00,54660.00
2231,44503.00,27660.00,102630.00,66999.00,51134.00,12533.00,208864.00,787547.00,64961.00
2232,49205.00,27665.00,95518.00,58938.00,53747.00,13185.00,220267.00,794060.00,54421.00
2233,35553.00,27621.00,98776.00,52882.00,28913.00,12610.00,205309.00,793597.00,55103.00
2234,31819.00,36311.00,86875.00,53533.00,57153.00,12622.00,208500.00,787388.00,77353.00
2235,31622.00,24526.00,87058.00,53623.00,51345.00,12624.00,205269.00,793258.00,54527.00
2236,35579.00,27525.00,99029.00,52752.00,28865.00,12550.00,205275.00,793518.00,54647.00
2237,44125.00,27659.00,102359.00,66368.00,51062.00,12531.00,208339.00,787585.00,67412.00
2238,31674.00,24668.00,86555.00,53491.00,51931.00,12532.00,205278.00,793835.00,54610.00
2239,35747.00,27627.00,97622.00,52736.00,28818.00,12530.00,205262.00,793473.00,54599.00
2240,43381.00,27610.00,102431.00,67382.00,50564.00,12691.00,208503.00,811476.00,94457.00
2241,45529.00,27588.00,113702.00,66917.00,53314.00,13681.00,234295.00,887994.00,57771.00
2242,37665.00,29107.00,122745.00,78991.00,51843.00,12679.00,208765.00,788226.00,64618.00
2243,34590.00,24636.00,87050.00,53587.00,54034.00,12575.00,205256.00,793492.00,54466.00
2244,35758.00,27672.00,97676.00,52744.00,28857.00,12542.00,205296.00,836645.00,54759.00
2245,35773.00,27662.00,112843.00,78312.00,56953.00,12630.00,208115.00,787014.00,68625.00
2246,31823.00,24717.00,86734.00,53639.00,51219.00,12456.00,205255.00,793426.00,54543.00
2247,35865.00,27704.00,98228.00,52811.00,28848.00,12628.00,205248.00,793661.00,54582.00
2248,44890.00,27679.00,102717.00,67171.00,61754.00,12465.00,231255.00,807144.00,75900.00
2249,31786.00,24704.00,86631.00,53597.00,52432.00,12608.00,205328.00,793677.00,54676.00
2250,35689.00,27629.00,117630.00,55629.00,30455.00,13270.00,216126.00,815260.00,66194.00
2251,31756.00,24623.00,87012.00,53482.00,53980.00,12494.00,205277.00,790236.00,65712.00
2252,31965.00,24580.00,87599.00,53591.00,52313.00,12498.00,205292.00,815413.00,57379.00
2253,54699.00,32214.00,114833.00,55537.00,30449.00,13240.00,220167.00,811140.00,64557.00
2254,31667.00,24492.00,87094.00,77988.00,65288.00,13529.00,227460.00,826961.00,54777.00
2255,35651.00,27810.00,97907.00,52812.00,28859.00,12609.00,205439.00,793422.00,54729.00
2256,35701.00,27607.00,112383.00,67827.00,58147.00,12560.00,208398.00,787118.00,72719.00
2257,31677.00,24545.00,110493.00,58781.00,53280.00,13262.00,223394.00,793199.00,54840.00
2258,35604.00,27629.00,97630.00,52767.00,28841.00,12680.00,205494.00,838431.00,54912.00
2259,44633.00,27679.00,102292.00,67698.00,50927.00,12568.00,208600.00,787127.00,78480.00
2260,31890.00,24482.00,87239.00,53604.00,52711.00,12523.00,205273.00,793199.00,54637.00
2261,35804.00,27548.00,98668.00,52687.00,28849.00,12553.00,205250.00,793613.00,54534.00
2262,42003.00,27662.00,102436.00,67725.00,59586.00,12637.00,208404.00,787464.00,67357.00
2263,31811.00,24691.00,86753.00,53457.00,52072.00,12526.00,205270.00,793435.00,54612.00
2264,35714.00,27652.00,98417.00,52776.00,28769.00,12452.00,205271.00,793473.00,54437.00
2265,41783.00,27752.00,102134.00,67481.00,51147.00,12564.00,211012.00,787277.00,67595.00
2266,31777.00,24626.00,86846.00,53519.00,71542.00,14870.00,267742.00,881560.00,57707.00
2267,37558.00,29130.00,113836.00,81795.00,50658.00,12532.00,216202.00,787611.00,66210.00
2268,31828.00,24723.00,89482.00,53634.00,51735.00,12810.00,205024.00,793461.00,54589.00
2269,35674.00,27630.00,97694.00,52822.00,28855.00,12589.00,205076.00,836991.00,54693.00
2270,35861.00,27691.00,114227.00,67309.00,60218.00,12561.00,245957.00,806831.00,68976.00
2271,34870.00,42019.00,95755.00,68697.00,61177.00,13292.00,216210.00,793934.00,54831.00
2272,35669.00,27604.00,97907.00,52792.00,28912.00,12539.00,205446.00,793225.00,64177.00
2273,31694.00,24510.00,87647.00,53511.00,50383.00,12557.00,209278.00,787540.00,67384.00
2274,31848.00,24487.00,87476.00,53613.00,51659.00,12482.00,205270.00,793469.00,54564.00
2275,35682.00,27552.00,98987.00,52738.00,28974.00,12641.00,205270.00,793390.00,54698.00
2276,31543.00,36340.00,86987.00,53571.00,51214.00,12452.00,208388.00,787507.00,65896.00
2277,31712.00,27203.00,86339.00,53612.00,51455.00,12564.00,205272.00,793323.00,54496.00
2278,35943.00,27662.00,98434.00,52804.00,28889.00,12570.00,205322.00,844053.00,59084.00
2279,38634.00,29769.00,115335.00,63425.00,28887.00,12537.00,209082.00,787275.00,68171.00
2280,31609.00,24764.00,87304.00,53542.00,50732.00,12607.00,205453.00,793477.00,54623.00
2281,35647.00,27737.00,98169.00,52719.00,28864.00,12598.00,205437.00,793216.00,54701.00
2282,31768.00,37166.00,102937.00,68370.00,59940.00,12581.00,232167.00,808141.00,65288.00
2283,31770.00,24608.00,87224.00,53493.00,61514.00,12560.00,205260.00,793677.00,54620.00
2284,35765.00,27717.00,98918.00,52832.00,28879.00,12529.00,205254.00,798081.00,54728.00
2285,35957.00,27591.00,97754.00,52860.00,28974.00,12618.00,208590.00,788917.00,70838.00
2286,31595.00,24514.00,87287.00,53548.00,51867.00,12537.00,205264.00,793369.00,54642.00
2287,35473.00,27554.00,98650.00,52827.00,28865.00,12518.00,205258.00,793757.00,54700.00
2288,31851.00,36167.00,86570.00,53541.00,51118.00,12510.00,208775.00,787282.00,66359.00
2289,31598.00,29616.00,87683.00,53489.00,51324.00,12562.00,205453.00,794219.00,54797.00
2290,35719.00,27586.00,98235.00,52797.00,28877.00,12532.00,205398.00,793586.00,78833.00
2291,37723.00,29137.00,120404.00,67373.00,30497.00,13236.00,220058.00,800243.00,74573.00
2292,31709.00,24451.00,86614.00,53555.00,51446.00,12495.00,205233.00,793954.00,54539.00
2293,35694.00,27544.00,97878.00,52971.00,28795.00,12556.00,205251.00,793300.00,55047.00
2294,31742.00,35480.00,87146.00,53457.00,52390.00,12548.00,208262.00,787532.00,67234.00
2295,31722.00,24771.00,125831.00,72457.00,66167.00,17239.00,205651.00,828192.00,65722.00
2296,35513.00,27657.00,98211.00,52912.00,28876.00,12670.00,205449.00,800787.00,65699.00
2297,31923.00,24575.00,86763.00,53512.00,56207.00,12538.00,205248.00,790104.00,66373.00
2298,31696.00,24724.00,86956.00,53529.00,51707.00,12559.00,205432.00,793658.00,54631.00
2299,35652.00,27545.00,97765.00,52852.00,28861.00,12598.00,205297.00,793184.00,73713.00
2300,31735.00,24583.00,87366.00,53553.00,50598.00,15578.00,205291.00,788203.00,66437.00
2301,31787.00,24574.00,86450.00,53642.00,52303.00,12514.00,205656.00,793022.00,54936.00
2302,35825.00,27625.00,98104.00,52764.00,28894.00,12588.00,205438.00,793648.00,80632.00
2303,31685.00,24515.00,87770.00,53492.00,51513.00,12566.00,208386.00,851457.00,59156.00
2304,37596.00,40177.00,110024.00,52825.00,28916.00,12573.00,205182.00,793783.00,54471.00
2305,35757.00,27686.00,98082.00,52769.00,28852.00,12491.00,205068.00,804074.00,65268.00
2306,31869.00,24619.00,87423.00,53557.00,60610.00,12519.00,205252.00,790099.00,66687.00
2307,31598.00,24573.00,87121.00,53537.00,51998.00,12492.00,205297.00,793631.00,54420.00
2308,35780.00,27578.00,97918.00,52743.00,28900.00,12491.00,205292.00,844738.00,65637.00
2309,31698.00,24553.00,87710.00,53572.00,67069.00,12542.00,205310.00,790319.00,66482.00
2310,31550.00,24625.00,87653.00,53563.00,51511.00,12610.00,205269.00,792992.00,54560.00
2311,35754.00,27794.00,98172.00,52773.00,28898.00,12520.00,205270.00,801720.00,65012.00
2312,31919.00,24639.00,86996.00,53506.00,54267.00,12662.00,205288.00,789984.00,65710.00
2313,31805.00,24727.00,87447.00,53569.00,52171.00,12621.00,205271.00,793359.00,54685.00
2314,35713.00,27492.00,98226.00,52752.00,28861.00,12499.00,205292.00,793738.00,63719.00
2315,31582.00,24549.00,87579.00,53623.00,50854.00,12663.00,208435.00,818114.00,73429.00
2316,35628.00,27842.00,98009.00,69531.00,70821.00,13234.00,226027.00,793184.00,54740.00
2317,35667.00,27634.00,98373.00,65209.00,55018.00,12589.00,205104.00,793329.00,75701.00
2318,31748.00,24639.00,86831.00,56388.00,50792.00,12556.00,205262.00,790000.00,66179.00
2319,31808.00,24494.00,87090.00,53576.00,51450.00,12561.00,205267.00,793583.00,54670.00
2320,35721.00,27613.00,98009.00,57943.00,62601.00,12514.00,205250.00,792644.00,64818.00
2321,31596.00,24668.00,87118.00,73264.00,52863.00,13288.00,216038.00,802330.00,69065.00
2322,31733.00,24562.00,87166.00,53556.00,51655.00,12579.00,205277.00,793629.00,54611.00
2323,35728.00,27590.00,103233.00,74809.00,50927.00,12538.00,208451.00,787612.00,65298.00
2324,31681.00,24521.00,89411.00,53531.00,57798.00,12605.00,205321.00,793448.00,54790.00
2325,35752.00,27728.00,98468.00,52802.00,28862.00,12568.00,205321.00,793696.00,54674.00
2326,35708.00,27662.00,110994.00,66281.00,51838.00,12566.00,208706.00,787027.00,66338.00
2327,31722.00,24656.00,90148.00,53574.00,59737.00,12513.00,205281.00,793451.00,54471.00
2328,35604.00,27553.00,98548.00,52786.00,28977.00,12604.00,205271.00,875419.00,66859.00
2329,35789.00,27670.00,112363.00,67247.00,50753.00,12530.00,209213.00,787332.00,64541.00
2330,31732.00,27403.00,87027.00,53449.00,54814.00,12566.00,205259.00,793612.00,54371.00
2331,35856.00,27456.00,98373.00,52667.00,28834.00,12563.00,205317.00,793583.00,54666.00
2332,45180.00,27666.00,102653.00,68575.00,52263.00,12619.00,208400.00,787363.00,66662.00
2333,31805.00,27382.00,87022.00,53541.00,51194.00,12538.00,224832.00,880737.00,66277.00
2334,35647.00,27687.00,98025.00,52744.00,28872.00,12557.00,205496.00,802466.00,66347.00
2335,31742.00,24612.00,86724.00,53458.00,53905.00,12579.00,205271.00,789995.00,65751.00
2336,31765.00,24667.00,86979.00,53613.00,51460.00,12529.00,205232.00,875908.00,55072.00
2337,35797.00,27674.00,97332.00,52796.00,28869.00,12721.00,205896.00,834795.00,65169.00
2338,31967.00,24535.00,86691.00,56698.00,51522.00,12616.00,205286.00,790548.00,102727.00
2339,34871.00,26992.00,96147.00,58968.00,54320.00,13175.00,216456.00,793634.00,54604.00
2340,35704.00,27671.00,112501.00,74116.00,50757.00,12460.00,208401.00,813349.00,70552.00
2341,39611.00,27111.00,95973.00,58900.00,58400.00,13372.00,216364.00,846465.00,57662.00
2342,35622.00,38862.00,97600.00,52954.00,28818.00,12566.00,205259.00,793167.00,64628.00
2343,31684.00,24539.00,107180.00,58821.00,57029.00,13172.00,218772.00,809520.00,98444.00
2344,34657.00,26998.00,113228.00,60276.00,71138.00,13221.00,216109.00,885305.00,59372.00
2345,38568.00,30025.00,105480.00,57046.00,31262.00,13632.00,226785.00,860601.00,78510.00
2346,38802.00,29945.00,105737.00,57357.00,31197.00,13590.00,221776.00,922373.00,58167.00
2347,37674.00,29133.00,105732.00,92822.00,69634.00,12659.00,229555.00,870769.00,86323.00
2348,34977.00,26954.00,95518.00,58762.00,53101.00,23274.00,205332.00,794345.00,54532.00
2349,35511.00,27819.00,98504.00,52897.00,28868.00,12574.00,205255.00,793894.00,74074.00
2350,31682.00,24605.00,87340.00,53561.00,51547.00,12477.00,208424.00,787008.00,65427.00
2351,31794.00,24659.00,87433.00,53607.00,50869.00,12523.00,205265.00,794955.00,54410.00
2352,35804.00,27651.00,99090.00,52829.00,28892.00,12501.00,205282.00,853296.00,68912.00
2353,37567.00,29188.00,111345.00,52904.00,32578.00,12637.00,205296.00,790116.00,64405.00
2354,31753.00,24386.00,87363.00,53683.00,51924.00,12689.00,205583.00,793730.00,54741.00
2355,35607.00,27514.00,97969.00,52792.00,28823.00,12624.00,205469.00,792858.00,73582.00
2356,31677.00,24550.00,87668.00,53551.00,50836.00,15560.00,205252.00,787316.00,65427.00
2357,31830.00,24595.00,87827.00,53568.00,51891.00,12519.00,205250.00,793335.00,54636.00
2358,35536.00,27374.00,98917.00,52897.00,28783.00,12594.00,205295.00,837453.00,81673.00
2359,31744.00,24649.00,88160.00,53582.00,61983.00,28969.00,222314.00,790185.00,64492.00
2360,31734.00,24796.00,87253.00,53604.00,51674.00,12471.00,205265.00,792983.00,54713.00
2361,35705.00,27518.00,98751.00,52796.00,28866.00,12517.00,205273.00,801289.00,65616.00
2362,31634.00,24599.00,87224.00,53485.00,54271.00,12544.00,205326.00,789917.00,64814.00
2363,31731.00,24556.00,87426.00,53604.00,51589.00,12603.00,205244.00,793425.00,54581.00
2364,35795.00,27568.00,98376.00,52782.00,28895.00,12514.00,205246.00,793799.00,74394.00
2365,31652.00,24655.00,87967.00,53563.00,56924.00,15696.00,226596.00,917678.00,54859.00
2366,35829.00,27821.00,97617.00,52744.00,28910.00,12601.00,205308.00,793238.00,54768.00
2367,35746.00,27628.00,111142.00,67923.00,51475.00,12543.00,208495.00,787274.00,65143.00
2368,31735.00,24770.00,89636.00,53663.00,51578.00,12538.00,205247.00,793202.00,54582.00
2369,35498.00,27781.00,99275.00,52758.00,34839.00,17498.00,252837.00,795915.00,54876.00
2370,35764.00,27736.00,113905.00,66613.00,50491.00,12715.00,208544.00,787225.00,64828.00
2371,31659.00,24486.00,89946.00,53524.00,51911.00,12491.00,205269.00,818976.00,57449.00
2372,46433.00,29015.00,98389.00,52767.00,28872.00,12532.00,205513.00,793226.00,54828.00
2373,35713.00,27467.00,112182.00,66833.00,50534.00,12477.00,207713.00,788799.00,65557.00
2374,31829.00,26665.00,86435.00,53535.00,50698.00,12559.00,205268.00,793730.00,54430.00
2375,35564.00,27703.00,98719.00,52708.00,28844.00,12590.00,205264.00,793743.00,54442.00
2376,35695.00,27439.00,113434.00,66332.00,50779.00,12500.00,208617.00,787655.00,68238.00
2377,34586.00,24614.00,86953.00,53433.00,51996.00,12595.00,205223.00,884643.00,54653.00
2378,35757.00,27739.00,97400.00,52708.00,28886.00,12479.00,205450.00,793497.00,64427.00
2379,31765.00,24616.00,86944.00,53611.00,52681.00,12607.00,208713.00,786844.00,67197.00
2380,31805.00,24543.00,87038.00,53541.00,51466.00,12502.00,205279.00,793449.00,54669.00
2381,35745.00,27489.00,98450.00,52717.00,28873.00,12439.00,205255.00,793318.00,54522.00
2382,31756.00,37082.00,102460.00,68287.00,55526.00,12690.00,208655.00,788358.00,67793.00
2383,31687.00,24644.00,87204.00,53518.00,51891.00,12558.00,205261.00,844128.00,78590.00
2384,52224.00,27807.00,103040.00,55766.00,30509.00,13314.00,215962.00,855137.00,66859.00
2385,31767.00,24527.00,86811.00,55898.00,52248.00,12578.00,205287.00,790007.00,66055.00
2386,31593.00,24649.00,87679.00,53608.00,51088.00,12543.00,205293.00,793452.00,54523.00
2387,35673.00,27653.00,98143.00,65141.00,52121.00,12484.00,205269.00,793620.00,66148.00
2388,31755.00,24525.00,86894.00,56331.00,50741.00,12533.00,205259.00,790079.00,64548.00
2389,31673.00,24554.00,87098.00,53570.00,52587.00,12650.00,205455.00,792971.00,71431.00
2390,37375.00,29089.00,102926.00,78714.00,68091.00,13149.00,271608.00,813979.00,64450.00
2391,34549.00,24557.00,87434.00,53652.00,50985.00,12583.00,205325.00,793348.00,54642.00
2392,35744.00,27723.00,98424.00,52818.00,28797.00,12648.00,205297.00,793614.00,54697.00
2393,35651.00,27763.00,114553.00,66264.00,51422.00,12578.00,208350.00,787409.00,64560.00
2394,34489.00,24515.00,87149.00,53580.00,51689.00,12559.00,205271.00,793178.00,54477.00
2395,35872.00,27598.00,98323.00,52834.00,28956.00,12553.00,205262.00,793442.00,54639.00
2396,35665.00,27764.00,114368.00,67973.00,50315.00,12607.00,208428.00,836105.00,68044.00
2397,34863.00,41273.00,95618.00,58786.00,54520.00,13171.00,219057.00,793181.00,54705.00
2398,35816.00,27628.00,97743.00,52801.00,28842.00,12568.00,205289.00,795229.00,65294.00
2399,31735.00,24486.00,87396.00,53414.00,59437.00,12550.00,208373.00,787891.00,68229.00
2400,31798.00,24455.00,86900.00,53480.00,51705.00,12534.00,205536.00,793458.00,54844.00
2401,35762.00,27660.00,97825.00,52766.00,28887.00,12640.00,205505.00,792798.00,54831.00
2402,31676.00,36890.00,102664.00,80032.00,54426.00,15375.00,259833.00,824901.00,66174.00
2403,31854.00,24478.00,87517.00,53513.00,50847.00,12604.00,205494.00,793342.00,54617.00
2404,35724.00,27637.00,98028.00,52775.00,28955.00,12558.00,205408.00,801252.00,65619.00
2405,31625.00,24331.00,86810.00,53504.00,54213.00,12583.00,205263.00,789673.00,65904.00
2406,31792.00,24401.00,86922.00,53494.00,51654.00,12504.00,205343.00,793346.00,54695.00
2407,35782.00,27834.00,98594.00,52747.00,28909.00,12536.00,205258.00,845360.00,64787.00
2408,31711.00,24639.00,86778.00,53565.00,58201.00,12533.00,205269.00,789930.00,66408.00
2409,31671.00,24497.00,87256.00,53556.00,52390.00,12747.00,205321.00,828083.00,66088.00
2410,35697.00,27538.00,98250.00,54828.00,78854.00,12491.00,205275.00,793184.00,75741.00
2411,31770.00,24729.00,90371.00,53578.00,54460.00,12537.00,205261.00,790814.00,64523.00
2412,31555.00,24517.00,87079.00,53511.00,52351.00,12516.00,205241.00,793396.00,54551.00
2413,35652.00,27629.00,98916.00,80004.00,50328.00,12518.00,208390.00,787449.00,64407.00
2414,31778.00,24522.00,90098.00,53571.00,57519.00,12564.00,205263.00,845827.00,59216.00
2415,38705.00,29953.00,106013.00,66665.00,30481.00,13230.00,217204.00,841829.00,55215.00
2416,35823.00,27718.00,97427.00,52742.00,28897.00,12566.00,209636.00,787192.00,74812.00
2417,51325.00,24524.00,95594.00,59166.00,58684.00,13238.00,242767.00,836258.00,66588.00
2418,35848.00,27633.00,97260.00,52820.00,28927.00,12679.00,205473.00,810219.00,76785.00
2419,34882.00,26951.00,112226.00,74719.00,70710.00,13155.00,222676.00,789795.00,65221.00
2420,31523.00,24708.00,88008.00,53377.00,51072.00,12482.00,205271.00,853047.00,54965.00
2421,35672.00,27653.00,97849.00,65147.00,50994.00,12629.00,209377.00,787546.00,65251.00
2422,31700.00,24572.00,88677.00,53497.00,51160.00,12558.00,205276.00,793097.00,54493.00
2423,35835.00,27678.00,97875.00,52855.00,28835.00,12553.00,205284.00,793968.00,54599.00
2424,35644.00,27463.00,113073.00,67380.00,50497.00,12508.00,208450.00,787340.00,65314.00
2425,31794.00,24514.00,89539.00,53524.00,50844.00,12623.00,205279.00,794258.00,54544.00
2426,35736.00,27770.00,99007.00,52793.00,28871.00,12541.00,205287.00,840194.00,59200.00
2427,38764.00,30001.00,113815.00,55555.00,30476.00,13335.00,219619.00,787105.00,74167.00
2428,31793.00,24579.00,89476.00,53476.00,56242.00,12531.00,205262.00,793173.00,54600.00
2429,35614.00,27727.00,98040.00,52756.00,28824.00,12513.00,205263.00,793946.00,54549.00
2430,35570.00,27649.00,113714.00,76567.00,50888.00,12593.00,228198.00,810959.00,65912.00
2431,34919.00,43046.00,95693.00,58712.00,53654.00,13305.00,219683.00,825364.00,66052.00
2432,35605.00,27657.00,97734.00,52740.00,28821.00,12629.00,205659.00,797440.00,54624.00
2433,35642.00,27616.00,98100.00,52840.00,28908.00,12547.00,208554.00,787324.00,67448.00
2434,31766.00,24509.00,86866.00,53491.00,51616.00,12583.00,205236.00,824236.00,67409.00
2435,35660.00,27543.00,98047.00,52800.00,28897.00,12501.00,205262.00,867114.00,64574.00
2436,31872.00,24622.00,87714.00,53551.00,52385.00,12612.00,205046.00,789589.00,68477.00
2437,31673.00,24530.00,86643.00,53478.00,50944.00,12516.00,205280.00,793622.00,54519.00
2438,35732.00,27565.00,99058.00,52766.00,28844.00,12533.00,205268.00,802674.00,64561.00
2439,31755.00,24509.00,87238.00,53430.00,53618.00,12504.00,224030.00,867653.00,54583.00
2440,35826.00,27662.00,97886.00,52929.00,28840.00,12523.00,205115.00,793666.00,54441.00
2441,35786.00,27651.00,97240.00,65293.00,64440.00,12624.00,205102.00,791648.00,64504.00
2442,31952.00,24491.00,87172.00,56315.00,50526.00,12504.00,205241.00,790275.00,64576.00
2443,31941.00,24671.00,86704.00,53563.00,51674.00,12500.00,205271.00,828368.00,55425.00
2444,35717.00,27703.00,98128.00,65557.00,50848.00,12705.00,209605.00,787264.00,66044.00
2445,31734.00,24454.00,91892.00,53533.00,56585.00,12573.00,205282.00,793428.00,54568.00
2446,35674.00,27549.00,98396.00,52819.00,28920.00,12516.00,205256.00,793304.00,54442.00
2447,35708.00,27580.00,99530.00,80096.00,51951.00,12604.00,208887.00,827813.00,64501.00
2448,31846.00,24531.00,109703.00,58773.00,70386.00,12430.00,205265.00,793919.00,54515.00
2449,35712.00,27706.00,99004.00,52787.00,28761.00,12548.00,205263.00,793639.00,54565.00
2450,35895.00,27791.00,114214.00,82785.00,51752.00,12502.00,208388.00,787122.00,65953.00
2451,34484.00,24630.00,87182.00,53534.00,51031.00,12473.00,205267.00,877917.00,57530.00
2452,35625.00,38079.00,98201.00,52810.00,28918.00,12601.00,205264.00,792831.00,64709.00
2453,31719.00,24446.00,87379.00,53586.00,50982.00,12482.00,208540.00,787248.00,68688.00
2454,31771.00,24674.00,86715.00,53534.00,51070.00,12541.00,205252.00,793798.00,54558.00
2455,35755.00,27680.00,98477.00,52629.00,28809.00,12543.00,205268.00,793843.00,54687.00
2456,31824.00,36901.00,102879.00,67063.00,50468.00,12585.00,208416.00,787427.00,67539.00
2457,31859.00,24521.00,87136.00,53525.00,56841.00,12638.00,205284.00,793888.00,54538.00
2458,35833.00,27449.00,98638.00,52765.00,28787.00,12480.00,205267.00,793973.00,54500.00
2459,41402.00,27588.00,102707.00,67075.00,60498.00,12546.00,208339.00,787271.00,73288.00
2460,31730.00,24621.00,86659.00,53552.00,51505.00,12593.00,205260.00,833265.00,54925.00
2461,35783.00,27686.00,97584.00,52780.00,28954.00,12515.00,205482.00,794245.00,64601.00
2462,31832.00,24522.00,87089.00,53557.00,51210.00,12573.00,208922.00,787838.00,67350.00
2463,31770.00,24749.00,86875.00,53606.00,50689.00,12507.00,205261.00,793653.00,54471.00
2464,35592.00,27458.00,98837.00,70451.00,30485.00,13193.00,239606.00,854351.00,66285.00
2465,31744.00,24653.00,87302.00,53548.00,85394.00,13306.00,215928.00,811892.00,65764.00
2466,31778.00,24647.00,87492.00,53583.00,52378.00,12549.00,205233.00,793300.00,54359.00
2467,35514.00,27629.00,98189.00,65422.00,53393.00,12522.00,205247.00,792369.00,64528.00
2468,31783.00,24560.00,87347.00,56285.00,50782.00,12543.00,205265.00,790544.00,64746.00
2469,31794.00,24510.00,87647.00,53511.00,51968.00,12568.00,205274.00,793779.00,54541.00
2470,35869.00,27681.00,98150.00,65236.00,52771.00,12461.00,205307.00,792816.00,65155.00
2471,31710.00,24620.00,87196.00,56341.00,50414.00,12488.00,205296.00,790057.00,65655.00
2472,31965.00,24488.00,87299.00,53584.00,51607.00,12581.00,205306.00,793674.00,54522.00
2473,35840.00,27765.00,98431.00,65290.00,58488.00,12500.00,205063.00,833632.00,66076.00
2474,31801.00,24516.00,89181.00,53519.00,50690.00,12536.00,205240.00,793870.00,54685.00
2475,35715.00,27633.00,98805.00,52799.00,28936.00,12515.00,205265.00,793560.00,54457.00
2476,35755.00,27619.00,100864.00,74019.00,52078.00,12532.00,251736.00,833879.00,64683.00
2477,34912.00,24562.00,87414.00,53450.00,51730.00,12533.00,205269.00,793815.00,54618.00
2478,35785.00,27672.00,98998.00,52730.00,28898.00,12544.00,205295.00,793224.00,54592.00
2479,35794.00,27546.00,114714.00,68418.00,58385.00,12612.00,208396.00,787521.00,64742.00
2480,34504.00,24622.00,87326.00,53559.00,50927.00,12473.00,205259.00,793516.00,54514.00
2481,35532.00,27575.00,98866.00,52765.00,28781.00,12472.00,205300.00,793390.00,54569.00
2482,35732.00,27707.00,114020.00,68088.00,64960.00,12571.00,208318.00,786997.00,65870.00
2483,31712.00,27252.00,87217.00,53542.00,51709.00,12505.00,205243.00,793794.00,54432.00
2484,35566.00,27509.00,98231.00,52703.00,28791.00,12434.00,205250.00,793492.00,54586.00
2485,35758.00,27542.00,113179.00,66877.00,51382.00,12497.00,208468.00,787269.00,64863.00
2486,47926.00,27602.00,95483.00,58758.00,52469.00,13126.00,221799.00,792834.00,54737.00
2487,35731.00,27682.00,97808.00,52813.00,28915.00,12628.00,205277.00,793558.00,54747.00
2488,41563.00,27756.00,102259.00,67328.00,50810.00,12644.00,208583.00,808470.00,100758.00
2489,35849.00,27589.00,97609.00,60238.00,53482.00,13645.00,235198.00,792892.00,54709.00
2490,35686.00,27517.00,97924.00,52892.00,28925.00,12607.00,205549.00,801573.00,66597.00
2491,31952.00,24692.00,106975.00,58850.00,58356.00,13183.00,215931.00,805888.00,66147.00
2492,31888.00,24590.00,110972.00,58761.00,52655.00,13212.00,216112.00,805873.00,54407.00
2493,37350.00,45093.00,117454.00,71420.00,70374.00,13230.00,266998.00,826591.00,73828.00
2494,31915.00,24621.00,88181.00,53431.00,58135.00,12498.00,205284.00,836544.00,54885.00
2495,35578.00,27691.00,98070.00,52783.00,28917.00,12566.00,224194.00,848578.00,54894.00
2496,35904.00,27522.00,97525.00,56765.00,28878.00,12593.00,205674.00,790995.00,64628.00
2497,31739.00,24542.00,86723.00,53603.00,51638.00,12558.00,205241.00,793236.00,54448.00
2498,35414.00,27599.00,97766.00,52774.00,28936.00,12599.00,205259.00,843583.00,73479.00
2499,31909.00,24614.00,87003.00,56914.00,70726.00,12626.00,205496.00,790529.00,66231.00
2500,31781.00,24670.00,86818.00,53536.00,52016.00,12592.00,205280.00,822848.00,57380.00
2501,37583.00,29032.00,103373.00,55590.00,30399.00,13163.00,216339.00,819565.00,65379.00
2502,31615.00,24750.00,88683.00,73727.00,52657.00,13193.00,224364.00,817103.00,57597.00
2503,37662.00,28927.00,111958.00,52794.00,28897.00,12557.00,205373.00,793217.00,54666.00
2504,35684.00,27620.00,113822.00,68427.00,55288.00,12451.00,228810.00,868572.00,83790.00
2505,35718.00,27546.00,97803.00,69895.00,77095.00,12562.00,205281.00,855597.00,57476.00
2506,37514.00,29090.00,102545.00,69492.00,61240.00,13172.00,219228.00,845367.00,70834.00
2507,38922.00,27143.00,95614.00,58687.00,52856.00,13241.00,240927.00,901558.00,54972.00
2508,35673.00,27622.00,98367.00,52934.00,28830.00,12460.00,205059.00,800831.00,66799.00
2509,31664.00,24571.00,87467.00,53565.00,67669.00,12569.00,205262.00,791613.00,64368.00
2510,31688.00,24609.00,86845.00,53653.00,51579.00,12593.00,205261.00,836620.00,54770.00
2511,35580.00,27746.00,97974.00,54691.00,58479.00,12510.00,205255.00,793783.00,66481.00
2512,31735.00,24451.00,87026.00,56488.00,58746.00,12578.00,205282.00,789968.00,76819.00
2513,31625.00,24439.00,107711.00,80343.00,64802.00,13608.00,221684.00,820104.00,54621.00
2514,35512.00,27680.00,113726.00,66340.00,50832.00,12569.00,208444.00,786943.00,64787.00
2515,34605.00,24639.00,87139.00,53587.00,51314.00,12459.00,205248.00,793626.00,54484.00
2516,35673.00,27584.00,98224.00,52729.00,28936.00,12513.00,205261.00,793645.00,54579.00
2517,35839.00,27592.00,113506.00,66304.00,50560.00,12689.00,208366.00,820986.00,55051.00
2518,35750.00,33193.00,98008.00,52944.00,29038.00,12644.00,205295.00,793663.00,54681.00
2519,35684.00,27565.00,97959.00,52920.00,28922.00,12570.00,205341.00,793593.00,54799.00
2520,35760.00,27843.00,113406.00,66330.00,51369.00,12578.00,208588.00,787086.00,64580.00
2521,34416.00,24679.00,87436.00,53563.00,53153.00,12493.00,205618.00,793752.00,54765.00
2522,35724.00,27829.00,98283.00,52753.00,28941.00,12619.00,205504.00,793729.00,54788.00
2523,35686.00,27729.00,116098.00,66793.00,52841.00,12561.00,229050.00,808260.00,68692.00
2524,31984.00,51776.00,86703.00,53593.00,51240.00,12587.00,205256.00,793795.00,54599.00
2525,35559.00,27719.00,98299.00,79260.00,30369.00,13164.00,246120.00,836558.00,65332.00
2526,31792.00,24476.00,86877.00,53518.00,57568.00,12565.00,205295.00,791408.00,64694.00
2527,31767.00,24605.00,86993.00,53556.00,53493.00,12502.00,205290.00,793615.00,54578.00
2528,35923.00,27641.00,98719.00,52808.00,28842.00,12482.00,205254.00,802528.00,66245.00
2529,31692.00,24564.00,87067.00,53505.00,60171.00,12676.00,205264.00,790556.00,65488.00
2530,31617.00,24602.00,86949.00,53557.00,52264.00,12570.00,205264.00,793894.00,54519.00
2531,35626.00,27629.00,98796.00,52789.00,28789.00,12608.00,205247.00,794066.00,75848.00
2532,31817.00,24664.00,86796.00,53570.00,50667.00,15704.00,205291.00,790232.00,75846.00
2533,31618.00,24578.00,86766.00,53508.00,51858.00,12596.00,205086.00,793486.00,54586.00
2534,35846.00,27655.00,97825.00,52838.00,28852.00,12548.00,205215.00,793157.00,64437.00
2535,31570.00,24547.00,87796.00,53606.00,54858.00,12496.00,208455.00,787352.00,85725.00
2536,34861.00,26999.00,95617.00,58762.00,53171.00,13264.00,219034.00,826270.00,54585.00
2537,35749.00,27616.00,97553.00,52721.00,28976.00,12556.00,205034.00,840953.00,72978.00
2538,35636.00,27772.00,97973.00,65778.00,89831.00,12572.00,205272.00,794039.00,54634.00
2539,35802.00,27692.00,97742.00,52779.00,28757.00,12561.00,205251.00,793489.00,54678.00
2540,53618.00,27465.00,144558.00,71656.00,52458.00,13111.00,219274.00,787123.00,64801.00
2541,31712.00,24598.00,89936.00,53576.00,51095.00,12591.00,205259.00,793724.00,54642.00
2542,35716.00,27696.00,98808.00,52824.00,28910.00,12521.00,205285.00,794120.00,54465.00
2543,35670.00,27614.00,114625.00,67320.00,61310.00,12583.00,208254.00,786821.00,74274.00
2544,34530.00,24623.00,87070.00,53466.00,51424.00,12548.00,205251.00,819760.00,57608.00
2545,35834.00,38611.00,97400.00,52859.00,28858.00,12565.00,205086.00,793167.00,54556.00
2546,44184.00,27561.00,102504.00,71334.00,51642.00,12564.00,207703.00,787319.00,64558.00
2547,31854.00,26673.00,87058.00,53496.00,51656.00,12582.00,205317.00,793598.00,54599.00
2548,35862.00,27656.00,97967.00,52742.00,28843.00,12521.00,205235.00,793485.00,54264.00
2549,44730.00,27506.00,102451.00,67050.00,50380.00,12594.00,229496.00,804291.00,70895.00
2550,31969.00,24484.00,104060.00,58844.00,64313.00,13248.00,216088.00,917068.00,54490.00
2551,35605.00,27524.00,99339.00,79296.00,52336.00,12656.00,208296.00,787353.00,64722.00
2552,31982.00,24698.00,90308.00,53578.00,50668.00,12507.00,205258.00,793401.00,54523.00
2553,35658.00,27475.00,98284.00,52740.00,28839.00,12504.00,205278.00,793507.00,54498.00
2554,35356.00,27636.00,101124.00,77435.00,52204.00,12440.00,208702.00,827061.00,65819.00
2555,31802.00,24549.00,109803.00,58758.00,62891.00,13242.00,224972.00,793884.00,54803.00
2556,35791.00,27709.00,97874.00,52623.00,28952.00,12591.00,205487.00,793812.00,54646.00
2557,35808.00,27669.00,113629.00,66418.00,51266.00,12501.00,208597.00,787088.00,66125.00
2558,34561.00,24620.00,86160.00,53523.00,56182.00,12574.00,205256.00,793725.00,54493.00
2559,35704.00,27671.00,98349.00,52887.00,28941.00,12471.00,205264.00,793311.00,54723.00
2560,35866.00,27621.00,113418.00,66220.00,51513.00,12597.00,208422.00,787558.00,64562.00
2561,34455.00,24560.00,87211.00,53561.00,50808.00,12534.00,205264.00,820141.00,57435.00
2562,47701.00,28910.00,97906.00,52727.00,28901.00,12506.00,205139.00,882873.00,76379.00
2563,31703.00,24549.00,87205.00,53507.00,50892.00,15907.00,205283.00,790022.00,64565.00
2564,31791.00,24519.00,86804.00,53549.00,50940.00,12529.00,205294.00,899257.00,57790.00
2565,37571.00,29241.00,102764.00,68808.00,53213.00,23134.00,209059.00,860769.00,65462.00
2566,34247.00,24606.00,87369.00,53593.00,58921.00,12620.00,205424.00,813715.00,57632.00
2567,37558.00,29165.00,102766.00,64796.00,29021.00,12522.00,205224.00,793529.00,54519.00
2568,44651.00,27714.00,102587.00,67943.00,60934.00,12542.00,208487.00,787160.00,69634.00
2569,31647.00,24461.00,87370.00,53496.00,51296.00,12592.00,205237.00,804078.00,54748.00
2570,35674.00,27746.00,97549.00,52832.00,28822.00,12522.00,205497.00,803745.00,54645.00
2571,42451.00,27590.00,102607.00,66857.00,51142.00,12541.00,208541.00,786993.00,68234.00
2572,31656.00,24415.00,87148.00,53593.00,51876.00,12517.00,205262.00,819314.00,66715.00
2573,35687.00,27406.00,98579.00,52877.00,28874.00,12630.00,205118.00,843356.00,69508.00
2574,35853.00,27749.00,106953.00,68937.00,82204.00,13302.00,216357.00,901801.00,82357.00
2575,35963.00,27566.00,108208.00,58738.00,54971.00,23719.00,205283.00,793759.00,54699.00
2576,42299.00,27660.00,102527.00,76660.00,50809.00,12433.00,208436.00,787086.00,67334.00
2577,31897.00,24433.00,86933.00,53471.00,50616.00,12517.00,205261.00,907190.00,59396.00
2578,38523.00,30010.00,114626.00,57135.00,31206.00,13651.00,222228.00,897094.00,65476.00
2579,31819.00,24557.00,110027.00,58842.00,53146.00,13204.00,239992.00,853053.00,67409.00
2580,35879.00,27507.00,98111.00,52866.00,29036.00,12504.00,213687.00,836201.00,75025.00
2581,31726.00,24610.00,86952.00,53514.00,61403.00,29133.00,216122.00,821362.00,70872.00
2582,34872.00,26891.00,95431.00,67576.00,50991.00,12501.00,205294.00,832236.00,66069.00
2583,35727.00,27541.00,110806.00,68347.00,60605.00,12536.00,227883.00,808753.00,64955.00
2584,36267.00,24402.00,112081.00,58804.00,52581.00,13270.00,219403.00,879960.00,70347.00
2585,38663.00,29730.00,107026.00,57152.00,31194.00,23846.00,216092.00,894563.00,58337.00
2586,35833.00,27774.00,102107.00,60334.00,59727.00,13593.00,228175.00,875690.00,77657.00
2587,35767.00,27757.00,98189.00,52870.00,28871.00,12569.00,205284.00,852585.00,63688.00
2588,31502.00,24398.00,87384.00,53508.00,50569.00,16506.00,236893.00,826424.00,73782.00
2589,35722.00,27604.00,98056.00,78521.00,51911.00,12538.00,205330.00,849379.00,57597.00
2590,37443.00,29116.00,119665.00,72870.00,60596.00,13206.00,237059.00,858518.00,95555.00
2591,38331.00,29880.00,106031.00,67999.00,40847.00,12649.00,205285.00,869606.00,54817.00
2592,35740.00,27559.00,97747.00,65816.00,51485.00,12546.00,208227.00,826858.00,64433.00
2593,31596.00,24562.00,124232.00,60225.00,62457.00,13600.00,235971.00,822226.00,57474.00
2594,35883.00,38409.00,97869.00,52879.00,28850.00,12541.00,205485.00,835014.00,65591.00
2595,31764.00,24509.00,87498.00,53447.00,50461.00,12499.00,231831.00,806179.00,96933.00
2596,35816.00,27583.00,98118.00,70507.00,65536.00,12496.00,205279.00,835163.00,54898.00
2597,35795.00,27613.00,97827.00,65282.00,57926.00,12517.00,208705.00,828103.00,97085.00
2598,37539.00,26893.00,95729.00,58819.00,63277.00,13257.00,246975.00,874799.00,54540.00
2599,35807.00,27640.00,98369.00,52673.00,28928.00,12585.00,205472.00,792820.00,74414.00
2600,31610.00,24759.00,87708.00,53592.00,52333.00,15937.00,205301.00,787754.00,66521.00
2601,31814.00,24603.00,86997.00,53443.00,50248.00,12497.00,205290.00,793592.00,54427.00
2602,35803.00,27632.00,98025.00,52736.00,28925.00,12555.00,205246.00,793537.00,66212.00
2603,31788.00,24503.00,87574.00,53610.00,51439.00,12590.00,208730.00,787466.00,68096.00
2604,31890.00,24561.00,87348.00,53502.00,52098.00,12499.00,205289.00,793458.00,54757.00
2605,35762.00,27568.00,98337.00,52711.00,28865.00,12642.00,205284.00,793992.00,54729.00
2606,31771.00,37144.00,102468.00,67306.00,50416.00,12539.00,208371.00,787477.00,69369.00
2607,31714.00,24732.00,87529.00,69815.00,64856.00,13429.00,223920.00,883248.00,54719.00
2608,35630.00,27642.00,97701.00,53634.00,77062.00,13163.00,235538.00,859376.00,69761.00
2609,31500.00,24632.00,111211.00,58785.00,53221.00,13204.00,222122.00,792921.00,54516.00
2610,35747.00,27484.00,98230.00,52808.00,45639.00,13171.00,241878.00,880153.00,78617.00
2611,34755.00,27071.00,95791.00,58819.00,59836.00,13248.00,216313.00,850692.00,71702.00
2612,34842.00,37937.00,95418.00,58833.00,56593.00,13204.00,216140.00,865256.00,57593.00
2613,56683.00,28929.00,102315.00,66416.00,51490.00,12552.00,232261.00,808683.00,87207.00
2614,34783.00,27155.00,95571.00,58740.00,64863.00,12545.00,205318.00,836227.00,54828.00
2615,35685.00,27635.00,97761.00,64864.00,51746.00,12574.00,205287.00,792813.00,65605.00
2616,31842.00,24783.00,87138.00,73785.00,52188.00,13301.00,216091.00,826409.00,71021.00
2617,34927.00,26974.00,104937.00,53569.00,51138.00,12521.00,205287.00,836985.00,54739.00
2618,35584.00,27616.00,113841.00,66203.00,51061.00,12491.00,233429.00,820004.00,86073.00
2619,34700.00,26913.00,95207.00,58888.00,54248.00,13247.00,217248.00,792922.00,54710.00
2620,35765.00,27588.00,97617.00,52799.00,28854.00,12549.00,205473.00,844342.00,66777.00
2621,31794.00,24678.00,87015.00,53517.00,51755.00,12552.00,205234.00,809192.00,70580.00
2622,34877.00,27150.00,95042.00,75504.00,64813.00,13221.00,216069.00,881624.00,57414.00
2623,37712.00,29071.00,123775.00,71403.00,52258.00,13180.00,220187.00,807265.00,67985.00
2624,31740.00,24410.00,86548.00,53621.00,50963.00,12528.00,205505.00,823278.00,57625.00
2625,35626.00,38396.00,97133.00,52801.00,29006.00,12560.00,205500.00,793014.00,65044.00
2626,31919.00,24630.00,87286.00,53528.00,51662.00,12479.00,232445.00,804971.00,65702.00
2627,31689.00,24525.00,87360.00,53566.00,51933.00,12484.00,205261.00,825372.00,66165.00
2628,35643.00,27651.00,98195.00,52754.00,28785.00,12547.00,205424.00,793282.00,73981.00
2629,31732.00,24485.00,87804.00,53538.00,51571.00,17637.00,231765.00,804287.00,65253.00
2630,31856.00,24605.00,86730.00,53570.00,51827.00,12588.00,205475.00,837353.00,54730.00
2631,35824.00,27838.00,97994.00,55023.00,59768.00,12579.00,205265.00,793197.00,65119.00
2632,31521.00,24573.00,86706.00,72794.00,52935.00,13224.00,216080.00,800982.00,64505.00
2633,31760.00,24517.00,86877.00,53437.00,51867.00,12531.00,205279.00,836834.00,54706.00
2634,35530.00,27549.00,113604.00,66511.00,74836.00,13197.00,244437.00,848508.00,73483.00
2635,34742.00,26980.00,95315.00,58780.00,53265.00,13174.00,216075.00,835454.00,57364.00
2636,37484.00,29022.00,102897.00,56583.00,62534.00,13222.00,216274.00,823563.00,64414.00
2637,31774.00,24504.00,87287.00,73513.00,52574.00,13208.00,216038.00,838018.00,57532.00
2638,37617.00,29024.00,103397.00,55650.00,30431.00,23081.00,205619.00,835241.00,57561.00
2639,37694.00,29038.00,127748.00,66256.00,51853.00,12563.00,231615.00,805449.00,66261.00
2640,31773.00,24566.00,87401.00,53583.00,73860.00,13184.00,216109.00,885466.00,55195.00
2641,35773.00,27508.00,97341.00,65267.00,73400.00,13231.00,220235.00,812583.00,64683.00
2642,31807.00,24493.00,90630.00,73095.00,66930.00,16603.00,228275.00,820565.00,66159.00
2643,37624.00,40973.00,98122.00,52868.00,28982.00,12625.00,205488.00,793941.00,54660.00
2644,42434.00,27784.00,102442.00,67206.00,50915.00,12581.00,209247.00,787877.00,78326.00
2645,31881.00,24518.00,86888.00,53549.00,51710.00,12628.00,205271.00,793902.00,54629.00
2646,35842.00,27548.00,98027.00,52863.00,28948.00,12527.00,226980.00,877792.00,54601.00
2647,31648.00,36905.00,102577.00,85963.00,79236.00,13172.00,216075.00,833018.00,74814.00
2648,34947.00,27051.00,101535.00,53519.00,50393.00,12510.00,205263.00,833822.00,54674.00
2649,35607.00,27587.00,114059.00,66233.00,49095.00,12523.00,229789.00,808626.00,71570.00
2650,34769.00,41876.00,112763.00,60210.00,58160.00,13561.00,230652.00,880788.00,57885.00
2651,37628.00,29202.00,104257.00,82081.00,60869.00,12496.00,242527.00,860298.00,73934.00
2652,35674.00,43138.00,98320.00,60381.00,56867.00,24028.00,223405.00,865692.00,58439.00
2653,47048.00,29170.00,97374.00,65077.00,55167.00,12554.00,231312.00,856283.00,64560.00
2654,31848.00,24639.00,90125.00,53551.00,52551.00,12543.00,233211.00,793904.00,54678.00
2655,35456.00,27563.00,97853.00,52855.00,29005.00,12691.00,205272.00,831445.00,72716.00
2656,46262.00,29287.00,112806.00,73628.00,53566.00,23833.00,233046.00,806751.00,69172.00
2657,31617.00,24403.00,86986.00,53479.00,57663.00,12527.00,205278.00,844060.00,59106.00
2658,38610.00,29670.00,115447.00,55593.00,30466.00,13146.00,216782.00,849698.00,66431.00
2659,31709.00,24529.00,123685.00,60256.00,55684.00,13608.00,239017.00,819861.00,57555.00
2660,35788.00,39163.00,98725.00,52765.00,28898.00,12459.00,205588.00,832527.00,54832.00
2661,41470.00,27735.00,86920.00,53537.00,58496.00,12489.00,207803.00,810890.00,90977.00
2662,35850.00,27683.00,98852.00,60243.00,82930.00,13203.00,216607.00,870083.00,55258.00
2663,35775.00,27749.00,98020.00,52925.00,29074.00,12696.00,205470.00,829349.00,64457.00
2664,31822.00,24588.00,117349.00,58759.00,63189.00,13339.00,216074.00,831550.00,57431.00
2665,47549.00,28949.00,98243.00,52933.00,28978.00,12565.00,205323.00,834817.00,54833.00
2666,41825.00,27746.00,102049.00,75107.00,51457.00,12532.00,207971.00,787174.00,68873.00
2667,31579.00,24633.00,87021.00,53693.00,50919.00,12564.00,205196.00,793503.00,54602.00
2668,35550.00,27675.00,97206.00,52801.00,28899.00,12559.00,205125.00,793596.00,54678.00
2669,31701.00,36679.00,86940.00,53619.00,60361.00,12560.00,208509.00,787145.00,78643.00
2670,49110.00,24716.00,113214.00,60321.00,62141.00,13574.00,253687.00,891131.00,54465.00
2671,35782.00,27520.00,100132.00,74358.00,51527.00,12576.00,226173.00,881687.00,102477.00
2672,35684.00,27603.00,97883.00,60214.00,54652.00,13534.00,229614.00,848522.00,54730.00
2673,35747.00,27593.00,98333.00,55084.00,58989.00,12582.00,205390.00,832134.00,71060.00
2674,31869.00,24572.00,107884.00,58888.00,53274.00,13190.00,224286.00,794213.00,54518.00
2675,35699.00,27630.00,99112.00,52873.00,28808.00,12552.00,205270.00,793625.00,54487.00
2676,35675.00,27753.00,112873.00,66318.00,54442.00,12544.00,208702.00,787209.00,65847.00
2677,31814.00,24645.00,90183.00,53597.00,59010.00,12581.00,205598.00,793643.00,54740.00
2678,35918.00,27568.00,97898.00,52784.00,29012.00,12604.00,205533.00,793781.00,54701.00
2679,35697.00,27470.00,112428.00,68399.00,51503.00,12529.00,208493.00,787337.00,65669.00
2680,31655.00,24628.00,89058.00,53585.00,62146.00,12487.00,205243.00,793884.00,54622.00
2681,35724.00,27604.00,98379.00,52762.00,28849.00,12526.00,205297.00,793975.00,78774.00
2682,37710.00,29018.00,121778.00,57081.00,31197.00,13594.00,232900.00,797636.00,75357.00
2683,31884.00,27420.00,87066.00,53526.00,53231.00,12547.00,205288.00,794623.00,54612.00
2684,35675.00,27697.00,98141.00,52854.00,28793.00,12432.00,205270.00,837694.00,54790.00
2685,42520.00,27673.00,102381.00,66431.00,50994.00,12592.00,230457.00,817132.00,65784.00
2686,31667.00,24512.00,87572.00,53598.00,52863.00,12492.00,205254.00,793628.00,54555.00
2687,35407.00,27555.00,98549.00,52821.00,28864.00,12545.00,205267.00,794014.00,64366.00
2688,31679.00,24613.00,87148.00,53634.00,51001.00,12519.00,208408.00,787661.00,76835.00
2689,31647.00,24604.00,111169.00,58801.00,53262.00,13128.00,224942.00,794033.00,54741.00
2690,35820.00,27698.00,98043.00,52887.00,28846.00,12558.00,205345.00,793545.00,74247.00
2691,31599.00,24603.00,86622.00,53524.00,50517.00,15638.00,205258.00,787762.00,66495.00
2692,31737.00,24641.00,86613.00,53661.00,52122.00,12622.00,205269.00,793257.00,54578.00
2693,35656.00,27568.00,98064.00,52748.00,28790.00,12469.00,205254.00,793788.00,65440.00
2694,31721.00,24681.00,87770.00,53518.00,50985.00,12636.00,208517.00,903754.00,67184.00
2695,35627.00,27796.00,97720.00,52855.00,29023.00,12608.00,205575.00,793578.00,54904.00
2696,35727.00,27633.00,97899.00,53559.00,61468.00,12596.00,205374.00,796658.00,64622.00
2697,31658.00,24558.00,86835.00,56772.00,72036.00,13259.00,216363.00,806255.00,65833.00
2698,31797.00,24554.00,86735.00,53564.00,51083.00,12475.00,205248.00,793989.00,54533.00
2699,35828.00,27672.00,98076.00,65357.00,53943.00,12531.00,205273.00,791084.00,64579.00
2700,31593.00,24594.00,87120.00,56343.00,50250.00,12531.00,205091.00,790576.00,64477.00
2701,31771.00,24704.00,87939.00,53626.00,51880.00,12571.00,205272.00,793414.00,54524.00
2702,35730.00,27627.00,98486.00,65501.00,59066.00,12566.00,205262.00,791141.00,64521.00
2703,31761.00,24568.00,87072.00,56330.00,51059.00,12554.00,205298.00,789947.00,65903.00
2704,31745.00,24674.00,87356.00,53550.00,51502.00,12516.00,205453.00,793528.00,54664.00
2705,35811.00,27518.00,97759.00,66583.00,51826.00,12489.00,205328.00,792192.00,65401.00
2706,31844.00,24579.00,86953.00,56441.00,50534.00,12523.00,205291.00,846303.00,59045.00
2707,48290.00,29990.00,103185.00,65941.00,28970.00,12576.00,205357.00,793473.00,54882.00
2708,35743.00,27673.00,112266.00,66151.00,50557.00,12582.00,208665.00,787251.00,65817.00
2709,31682.00,24648.00,89809.00,53518.00,51316.00,12616.00,205252.00,818498.00,57609.00
2710,37409.00,29088.00,111621.00,52835.00,28860.00,12614.00,205315.00,793140.00,54692.00
2711,35762.00,27593.00,114506.00,68260.00,51400.00,12600.00,232452.00,853528.00,96376.00
2712,34966.00,26988.00,95378.00,58779.00,70269.00,12501.00,205241.00,794122.00,54481.00
2713,35602.00,27592.00,97620.00,52796.00,28783.00,12530.00,205255.00,860306.00,78858.00
2714,35846.00,27765.00,101483.00,52755.00,28916.00,12511.00,205268.00,790251.00,75822.00
2715,31793.00,24552.00,86902.00,53498.00,53117.00,12495.00,205284.00,793274.00,54562.00
2716,35895.00,27549.00,121008.00,52741.00,28830.00,12598.00,205472.00,796084.00,74381.00
2717,31773.00,24434.00,87051.00,56981.00,65764.00,12618.00,205264.00,789858.00,65296.00
2718,31579.00,24549.00,86831.00,53508.00,51669.00,12545.00,205264.00,793446.00,54434.00
2719,35583.00,27600.00,99070.00,96908.00,74413.00,13174.00,251259.00,829515.00,65243.00
2720,31925.00,27192.00,86868.00,53704.00,51208.00,12617.00,205263.00,795051.00,54523.00
2721,35574.00,27680.00,98578.00,52779.00,29018.00,12526.00,205253.00,793697.00,54384.00
2722,45127.00,27568.00,102981.00,71511.00,51638.00,12511.00,230423.00,806631.00,83969.00
2723,31661.00,36097.00,87079.00,53447.00,51065.00,12573.00,205237.00,793625.00,54502.00
2724,35732.00,27807.00,118195.00,55564.00,30448.00,13262.00,223755.00,793393.00,72978.00
2725,31932.00,24665.00,98612.00,53689.00,54609.00,12619.00,205293.00,903159.00,75376.00
2726,38590.00,29910.00,105891.00,76904.00,28845.00,15713.00,219754.00,796177.00,54573.00
2727,35743.00,27600.00,113080.00,66267.00,50864.00,12547.00,209049.00,789071.00,68527.00
2728,34545.00,24523.00,86642.00,53543.00,50897.00,12480.00,205268.00,793756.00,54550.00
2729,35756.00,27595.00,98171.00,52767.00,28900.00,12534.00,205256.00,794183.00,54751.00
2730,35652.00,27636.00,113513.00,67402.00,54930.00,12550.00,208451.00,787228.00,84645.00
2731,34501.00,24649.00,86945.00,53471.00,85325.00,13207.00,236172.00,830864.00,54658.00
2732,35619.00,27595.00,98083.00,52672.00,28836.00,12565.00,205461.00,793311.00,64730.00
2733,31823.00,24596.00,87790.00,53561.00,58141.00,12498.00,208423.00,787090.00,68603.00
2734,31786.00,24591.00,87155.00,53518.00,52023.00,12481.00,205267.00,824740.00,57634.00
2735,35670.00,38991.00,97458.00,52769.00,28881.00,12549.00,205505.00,826355.00,74067.00
2736,31795.00,24593.00,87827.00,53513.00,60352.00,12569.00,215138.00,823254.00,55048.00
2737,35806.00,27712.00,97685.00,53240.00,29289.00,12749.00,205706.00,838242.00,72763.00
2738,38683.00,29745.00,115365.00,57078.00,31291.00,13497.00,237426.00,787429.00,65245.00
2739,31588.00,24560.00,89815.00,53603.00,50444.00,12561.00,205251.00,793950.00,54651.00
2740,35525.00,27614.00,98441.00,52789.00,28910.00,12650.00,205283.00,793512.00,54592.00
2741,35524.00,27754.00,99653.00,77190.00,51488.00,12619.00,208640.00,816670.00,70184.00
2742,34847.00,26861.00,98821.00,58798.00,53043.00,13201.00,216088.00,820595.00,54892.00
2743,35691.00,27672.00,97850.00,52810.00,28941.00,12496.00,205517.00,859126.00,59061.00
2744,37684.00,39987.00,109021.00,52677.00,28844.00,12619.00,209029.00,787139.00,68222.00
2745,31726.00,24565.00,86865.00,53557.00,50467.00,12543.00,205247.00,793629.00,54425.00
2746,35804.00,27688.00,98686.00,52696.00,28838.00,12635.00,205259.00,793588.00,54617.00
2747,43898.00,27616.00,102188.00,68081.00,50861.00,12534.00,208530.00,787083.00,65872.00
2748,49982.00,27693.00,95516.00,58768.00,53986.00,13263.00,220533.00,794129.00,54751.00
2749,35866.00,27782.00,97838.00,52757.00,28937.00,12619.00,205314.00,793833.00,58786.00
2750,31817.00,34666.00,102131.00,67498.00,50491.00,12476.00,208402.00,787106.00,67996.00
2751,31724.00,24472.00,86923.00,53607.00,51449.00,12519.00,205261.00,793662.00,54567.00
2752,35693.00,27654.00,98295.00,52729.00,28917.00,12482.00,205241.00,793741.00,55012.00
2753,31650.00,35614.00,87193.00,53603.00,50603.00,12568.00,208594.00,787421.00,73376.00
2754,31616.00,24562.00,87434.00,53483.00,52283.00,12520.00,205278.00,793607.00,54475.00
2755,35752.00,27464.00,98567.00,52875.00,28870.00,12569.00,205258.00,816582.00,74181.00
2756,38752.00,29877.00,131749.00,67050.00,30386.00,13279.00,247760.00,805068.00,67149.00
2757,31780.00,24624.00,87049.00,53539.00,63584.00,12533.00,205343.00,792839.00,54715.00
2758,35574.00,27745.00,97842.00,52747.00,28901.00,12605.00,205343.00,801568.00,65894.00
2759,31834.00,24462.00,87611.00,53545.00,53817.00,12584.00,205241.00,789958.00,64945.00
2760,32001.00,24400.00,86484.00,53731.00,51160.00,12552.00,205307.00,826405.00,65043.00
2761,35657.00,27598.00,97877.00,52751.00,28861.00,12504.00,205064.00,801033.00,66070.00
2762,31805.00,24733.00,87401.00,53552.00,60907.00,12617.00,205256.00,789562.00,66365.00
2763,31672.00,24452.00,87125.00,53626.00,51318.00,12601.00,205260.00,793800.00,54431.00
2764,35703.00,27680.00,97997.00,52615.00,28915.00,12506.00,205263.00,793714.00,74410.00
2765,31654.00,24569.00,86975.00,53605.00,50738.00,16164.00,230448.00,802187.00,66946.00
2766,31885.00,24482.00,87116.00,53571.00,61489.00,12544.00,205541.00,792859.00,54954.00
2767,35772.00,27459.00,97479.00,52869.00,28893.00,12619.00,205574.00,802698.00,66206.00
2768,31893.00,24573.00,87275.00,53525.00,60102.00,12616.00,205265.00,886114.00,54679.00
2769,35656.00,27565.00,97646.00,52835.00,28894.00,12547.00,205262.00,793391.00,54682.00
2770,35757.00,27731.00,98081.00,66088.00,50878.00,12570.00,205581.00,793933.00,64482.00
2771,31731.00,24597.00,86386.00,56254.00,50816.00,12465.00,205253.00,790264.00,65772.00
2772,31753.00,24455.00,87614.00,53507.00,51679.00,12519.00,205261.00,793254.00,54545.00
2773,35781.00,27632.00,99184.00,65295.00,55906.00,12507.00,205311.00,833592.00,65944.00
2774,31800.00,24604.00,89442.00,53560.00,55951.00,12477.00,205249.00,793264.00,54730.00
2775,35800.00,27669.00,98535.00,52837.00,28947.00,12484.00,205268.00,793195.00,54389.00
2776,35713.00,27737.00,111205.00,69490.00,57543.00,12598.00,208423.00,787251.00,66037.00
2777,31678.00,24622.00,90310.00,53546.00,50707.00,12562.00,205291.00,793566.00,54586.00
2778,35665.00,27628.00,97733.00,52788.00,28827.00,12511.00,205273.00,793463.00,54448.00
2779,35712.00,27619.00,102314.00,84333.00,51921.00,12537.00,208489.00,787022.00,64674.00
2780,31797.00,24476.00,90048.00,53616.00,50596.00,12503.00,205260.00,852012.00,59120.00
2781,38603.00,29888.00,114087.00,64563.00,28884.00,12527.00,205025.00,793090.00,54642.00
2782,35646.00,27627.00,112096.00,66394.00,50820.00,12471.00,208597.00,838088.00,68707.00
2783,31709.00,24746.00,86888.00,53580.00,50730.00,12561.00,205311.00,793567.00,54863.00
2784,35861.00,27700.00,98038.00,52814.00,28826.00,12598.00,205258.00,793399.00,54744.00
2785,31756.00,36678.00,121472.00,71869.00,52518.00,13134.00,219828.00,858887.00,71723.00
2786,34653.00,37594.00,95338.00,68887.00,52259.00,12560.00,205281.00,823737.00,57494.00
2787,37484.00,29242.00,125547.00,67684.00,61726.00,12532.00,209819.00,824480.00,70422.00
2788,38705.00,26934.00,98228.00,53555.00,50798.00,12524.00,205261.00,793527.00,54544.00
2789,35778.00,27529.00,99261.00,52776.00,28923.00,12483.00,205320.00,793631.00,54480.00
2790,35740.00,27678.00,112891.00,69144.00,51316.00,12475.00,208710.00,788197.00,64560.00
2791,48149.00,27732.00,106677.00,65336.00,53180.00,13217.00,220818.00,842431.00,55243.00
2792,35753.00,27682.00,97785.00,52760.00,28849.00,12587.00,205450.00,793015.00,73903.00
2793,31780.00,24461.00,106910.00,79505.00,80919.00,13608.00,222048.00,820049.00,65465.00
2794,31737.00,24589.00,86911.00,53490.00,50521.00,12551.00,205280.00,793688.00,54682.00
2795,35772.00,27606.00,97895.00,87342.00,65994.00,13204.00,219789.00,799989.00,65583.00
2796,31627.00,24407.00,89993.00,53524.00,53972.00,12587.00,205271.00,811841.00,74817.00
2797,37604.00,29366.00,112353.00,52842.00,28870.00,12600.00,205281.00,794007.00,54787.00
2798,37633.00,44840.00,142098.00,74369.00,53801.00,13601.00,257051.00,807665.00,66386.00
2799,31895.00,24770.00,86601.00,53434.00,58169.00,12567.00,205390.00,793873.00,54656.00
2800,35765.00,27797.00,98252.00,52874.00,28950.00,12583.00,205307.00,793584.00,73193.00
2801,31765.00,24589.00,87248.00,53617.00,51162.00,15611.00,205411.00,792736.00,72177.00
2802,31697.00,24489.00,86659.00,53678.00,52087.00,12557.00,205290.00,793641.00,54493.00
2803,35745.00,27770.00,98450.00,52783.00,28835.00,12535.00,205273.00,793525.00,63983.00
2804,31656.00,24414.00,88019.00,53506.00,50533.00,12592.00,208355.00,786993.00,67424.00
2805,31727.00,24646.00,113469.00,58672.00,52514.00,13229.00,216072.00,891180.00,54923.00
2806,35705.00,27746.00,97971.00,55136.00,56443.00,12604.00,205072.00,833079.00,64446.00
2807,31656.00,24674.00,89702.00,53576.00,50210.00,12508.00,205251.00,792967.00,54519.00
2808,35627.00,27567.00,98140.00,52833.00,28789.00,12595.00,205267.00,842418.00,57526.00
2809,39611.00,31636.00,108106.00,55523.00,30408.00,13206.00,238248.00,851144.00,64718.00
2810,50288.00,27343.00,95116.00,58801.00,52434.00,13180.00,217495.00,915947.00,58208.00
2811,37688.00,29083.00,102799.00,69314.00,52502.00,13287.00,220755.00,863043.00,83132.00
2812,38800.00,27063.00,113558.00,60257.00,53330.00,13619.00,229784.00,806428.00,54807.00
2813,35731.00,27664.00,98016.00,52822.00,28881.00,12579.00,205622.00,795617.00,55067.00
2814,31777.00,36428.00,87073.00,53578.00,52692.00,12615.00,208800.00,787529.00,68235.00
2815,31689.00,24621.00,87320.00,53580.00,51072.00,12461.00,205300.00,793728.00,54551.00
2816,35744.00,27622.00,98524.00,52741.00,28869.00,12505.00,205247.00,793169.00,54586.00
2817,44242.00,27701.00,102603.00,66543.00,50818.00,12509.00,208467.00,885754.00,64854.00
2818,31721.00,24587.00,87276.00,53574.00,51874.00,12590.00,205264.00,794256.00,54566.00
2819,35705.00,27651.00,98240.00,52804.00,28872.00,12535.00,205292.00,842377.00,65950.00
2820,31572.00,24556.00,86806.00,53614.00,53907.00,12546.00,205257.00,790364.00,65585.00
2821,31706.00,24602.00,87408.00,53663.00,52142.00,12476.00,205251.00,793470.00,54709.00
2822,35792.00,27728.00,98814.00,52769.00,28918.00,12535.00,205274.00,793427.00,75625.00
2823,31676.00,24508.00,86579.00,53589.00,65736.00,12561.00,231577.00,824460.00,76492.00
2824,42664.00,26995.00,86957.00,53578.00,52261.00,12493.00,205243.00,793535.00,54535.00
2825,35752.00,27596.00,98081.00,65479.00,62879.00,12588.00,205245.00,791462.00,68434.00
2826,31800.00,24624.00,87017.00,56357.00,50453.00,12554.00,205283.00,789931.00,65001.00
2827,31692.00,24460.00,87462.00,53520.00,51839.00,12577.00,205486.00,793345.00,54470.00
2828,35669.00,27832.00,97512.00,66753.00,52204.00,12565.00,205264.00,791809.00,64855.00
2829,31630.00,24607.00,87184.00,56301.00,58488.00,12557.00,205286.00,838602.00,89665.00
2830,35025.00,26937.00,95923.00,64700.00,55923.00,13177.00,246080.00,833028.00,54756.00
2831,31682.00,36535.00,102357.00,67251.00,50630.00,12526.00,208582.00,788388.00,67352.00
2832,31931.00,24667.00,86553.00,53537.00,51165.00,12536.00,205238.00,793577.00,54548.00
2833,35802.00,27522.00,97178.00,52964.00,28931.00,12537.00,205250.00,793815.00,54758.00
2834,31688.00,35922.00,86928.00,53453.00,50578.00,12540.00,208446.00,786849.00,65593.00
2835,31835.00,27412.00,87100.00,53611.00,51114.00,12513.00,205270.00,794039.00,54620.00
2836,35692.00,27669.00,98601.00,52794.00,28768.00,12568.00,205285.00,833600.00,54685.00
2837,44415.00,44703.00,112007.00,84710.00,55478.00,13212.00,220681.00,790190.00,64720.00
2838,31769.00,24418.00,87571.00,53511.00,72354.00,13213.00,216073.00,943198.00,67615.00
2839,35824.00,27604.00,111662.00,68410.00,60190.00,12503.00,248080.00,846971.00,75839.00
2840,34925.00,26887.00,95531.00,58840.00,65375.00,12606.00,205261.00,792990.00,54537.00
2841,35773.00,27586.00,97533.00,52828.00,28925.00,12545.00,205265.00,891406.00,58971.00
2842,49153.00,29980.00,107034.00,55582.00,30448.00,13218.00,215826.00,873193.00,57759.00
2843,47757.00,29109.00,97813.00,52730.00,28897.00,12619.00,205363.00,792721.00,54703.00
2844,35771.00,27632.00,113183.00,67798.00,55140.00,12535.00,208087.00,787598.00,65769.00
2845,31738.00,27548.00,86747.00,53581.00,50535.00,12575.00,205501.00,793647.00,54693.00
2846,35797.00,27676.00,98106.00,52781.00,28943.00,12552.00,205493.00,793767.00,54835.00
2847,35661.00,27631.00,113912.00,66121.00,50870.00,12684.00,208514.00,787620.00,65679.00
2848,34533.00,24506.00,86970.00,53540.00,51419.00,12543.00,205265.00,864238.00,57542.00
2849,35665.00,39465.00,98330.00,52745.00,28892.00,12572.00,205387.00,792873.00,56498.00
2850,31564.00,34732.00,87313.00,53571.00,50565.00,12488.00,208656.00,787339.00,67510.00
2851,31671.00,24516.00,87319.00,53547.00,52202.00,12624.00,205465.00,793684.00,54684.00
2852,35653.00,27589.00,97879.00,52797.00,28908.00,12515.00,205482.00,796622.00,54754.00
2853,43289.00,27680.00,102569.00,67523.00,53700.00,12468.00,208650.00,787107.00,68645.00
2854,31767.00,24629.00,87122.00,53557.00,74386.00,13220.00,216232.00,950189.00,54779.00
2855,35541.00,27623.00,97455.00,79662.00,59605.00,12597.00,208951.00,787276.00,65277.00
2856,31858.00,24594.00,90146.00,53508.00,50778.00,12583.00,205058.00,793882.00,54584.00
2857,35645.00,27685.00,97818.00,52720.00,28934.00,12606.00,205096.00,793455.00,54560.00
2858,35591.00,27630.00,111106.00,77271.00,52025.00,12536.00,208445.00,787643.00,65561.00
2859,31744.00,24655.00,110224.00,58762.00,52063.00,13209.00,225904.00,820536.00,57466.00
2860,35658.00,38771.00,98373.00,52736.00,28905.00,12545.00,205244.00,794683.00,54630.00
2861,43943.00,27552.00,102516.00,68692.00,50445.00,12580.00,230523.00,806159.00,68518.00
2862,31671.00,24518.00,87623.00,53586.00,51477.00,12613.00,205251.00,793363.00,54467.00
2863,35752.00,27700.00,97982.00,52749.00,28800.00,12577.00,205249.00,793702.00,54846.00
2864,31785.00,35874.00,87196.00,53559.00,50617.00,12500.00,210054.00,830097.00,75366.00
2865,34811.00,26934.00,95263.00,58817.00,52857.00,13203.00,223175.00,844064.00,55062.00
2866,35695.00,27670.00,98470.00,52736.00,28924.00,12697.00,266299.00,832078.00,64416.00
2867,31796.00,24533.00,90234.00,74617.00,54666.00,13254.00,224011.00,818028.00,57659.00
2868,47433.00,28997.00,98260.00,52796.00,28841.00,12512.00,205223.00,793544.00,54696.00
2869,35743.00,27579.00,114144.00,66758.00,51021.00,12576.00,207634.00,787401.00,64409.00
2870,33782.00,24652.00,86927.00,53537.00,51260.00,12593.00,205274.00,818314.00,57694.00
2871,46966.00,29120.00,97548.00,52767.00,28898.00,12674.00,205521.00,792661.00,54861.00
2872,45297.00,27612.00,102324.00,66317.00,57026.00,12550.00,244780.00,802019.00,86314.00
2873,34794.00,27051.00,95638.00,58719.00,52577.00,13258.00,216652.00,836819.00,54766.00
2874,35983.00,27505.00,97950.00,52792.00,28916.00,12558.00,205292.00,800908.00,65695.00
2875,31751.00,24640.00,87243.00,53528.00,57307.00,12541.00,205421.00,789652.00,65613.00
2876,31936.00,24576.00,86529.00,53598.00,51585.00,12553.00,205268.00,793228.00,54634.00
2877,35651.00,27550.00,98305.00,52857.00,28846.00,12566.00,205286.00,793490.00,74296.00
2878,31578.00,24585.00,86691.00,53687.00,54092.00,12510.00,205238.00,850136.00,104276.00
2879,35559.00,27616.00,97941.00,70022.00,70232.00,23737.00,205358.00,793336.00,54684.00
2880,35733.00,27681.00,113124.00,67199.00,54225.00,12577.00,208706.00,788315.00,64564.00
2881,31701.00,24479.00,90130.00,53479.00,52422.00,12497.00,205250.00,793298.00,54547.00
2882,35778.00,27631.00,98506.00,52732.00,28859.00,12591.00,205273.00,818889.00,57616.00
2883,37474.00,29069.00,126887.00,85689.00,52356.00,12526.00,208357.00,787329.00,86778.00
2884,34559.00,28263.00,124916.00,53973.00,50681.00,12723.00,205339.00,795833.00,54987.00
2885,35656.00,27725.00,97685.00,52796.00,28872.00,12525.00,205366.00,793728.00,56291.00
2886,31882.00,34770.00,86787.00,53578.00,50717.00,12583.00,232032.00,804675.00,77621.00
2887,31737.00,24487.00,87304.00,53616.00,59145.00,12524.00,205258.00,793769.00,54703.00
2888,35849.00,27703.00,98520.00,52784.00,28872.00,12535.00,205281.00,793543.00,64277.00
2889,31723.00,24652.00,87355.00,53631.00,52362.00,12598.00,208528.00,786936.00,67162.00
2890,31774.00,24638.00,87193.00,53583.00,51127.00,12471.00,205287.00,836103.00,59389.00
2891,38645.00,29787.00,116284.00,64158.00,28791.00,12549.00,205274.00,802568.00,64419.00
2892,31586.00,24573.00,87741.00,53519.00,53666.00,12606.00,205271.00,790298.00,64376.00
2893,31859.00,24566.00,87030.00,53541.00,52035.00,12574.00,205318.00,793421.00,54772.00
2894,35654.00,27546.00,98113.00,52833.00,28903.00,12654.00,205326.00,793675.00,77658.00
2895,31772.00,24498.00,87142.00,53526.00,50772.00,12494.00,208736.00,787321.00,66195.00
2896,31807.00,24604.00,86687.00,53483.00,51108.00,12568.00,205257.00,793844.00,54706.00
2897,35572.00,27522.00,98757.00,52686.00,28852.00,12567.00,205258.00,793553.00,80468.00
2898,31836.00,24589.00,87970.00,53530.00,51597.00,12576.00,208461.00,787084.00,85989.00
2899,34957.00,27177.00,95545.00,58632.00,52828.00,13148.00,218733.00,834343.00,54679.00
2900,35728.00,27717.00,98398.00,52728.00,28953.00,12591.00,205428.00,800477.00,66346.00
2901,31731.00,24569.00,86916.00,53548.00,53814.00,12682.00,205288.00,789944.00,72193.00
2902,31824.00,24358.00,86991.00,53502.00,51608.00,12560.00,205441.00,793434.00,54582.00
2903,35811.00,27567.00,97563.00,52761.00,28903.00,12552.00,205466.00,948151.00,54848.00
2904,35611.00,27646.00,101133.00,52759.00,28945.00,12609.00,205246.00,793329.00,54751.00
2905,35596.00,27621.00,98210.00,52887.00,29089.00,12534.00,205274.00,793382.00,54841.00
2906,35727.00,27707.00,99685.00,77562.00,56835.00,12540.00,210084.00,788872.00,67088.00
2907,31903.00,24668.00,90012.00,53571.00,50671.00,12590.00,205276.00,793666.00,54520.00
2908,35620.00,27651.00,98102.00,52885.00,28841.00,12564.00,205280.00,793785.00,54531.00
2909,35716.00,27644.00,100840.00,77958.00,52126.00,12557.00,208447.00,787262.00,65944.00
2910,31808.00,24731.00,89885.00,53535.00,50371.00,12530.00,205260.00,790621.00,64637.00
2911,31862.00,24657.00,86284.00,53596.00,51369.00,12494.00,205261.00,836900.00,54868.00
2912,35683.00,27557.00,114539.00,67325.00,50561.00,12591.00,236009.00,787163.00,64587.00
2913,34763.00,24506.00,86991.00,53488.00,52049.00,12474.00,205272.00,793689.00,54559.00
2914,35816.00,27633.00,98918.00,52787.00,28914.00,12578.00,205264.00,793318.00,54598.00
2915,35652.00,27547.00,113514.00,67071.00,61939.00,12524.00,208177.00,875149.00,58443.00
2916,35654.00,27570.00,98200.00,52842.00,28891.00,12544.00,205267.00,793143.00,54726.00
2917,35535.00,27562.00,98386.00,52791.00,28948.00,12573.00,205264.00,793144.00,54765.00
2918,31818.00,36413.00,87092.00,53537.00,53698.00,12467.00,208448.00,787177.00,65137.00
2919,31750.00,27311.00,86962.00,53542.00,50725.00,12586.00,205248.00,860241.00,69217.00
2920,37489.00,29048.00,113570.00,52699.00,28869.00,12503.00,205255.00,793371.00,75162.00
2921,31771.00,24526.00,87209.00,53569.00,50652.00,15738.00,205295.00,791347.00,64375.00
2922,31714.00,24598.00,86940.00,53561.00,51266.00,12603.00,205246.00,793579.00,54531.00
2923,35795.00,27592.00,98031.00,52730.00,28839.00,12538.00,205261.00,793069.00,78819.00
2924,31836.00,24568.00,87247.00,53555.00,52900.00,12571.00,232640.00,867072.00,70735.00
2925,34951.00,27110.00,95565.00,65408.00,51433.00,12562.00,205455.00,793713.00,54785.00
2926,35446.00,27429.00,97921.00,65453.00,52514.00,12583.00,205265.00,793620.00,64666.00
2927,31746.00,24450.00,86858.00,56121.00,67621.00,12567.00,205283.00,789950.00,65270.00
2928,31910.00,24646.00,103744.00,58782.00,53644.00,13227.00,265760.00,835920.00,54933.00
2929,44552.00,27556.00,102303.00,68298.00,57044.00,12625.00,208426.00,787055.00,67540.00
2930,31845.00,24589.00,111413.00,58835.00,54755.00,13166.00,216181.00,807384.00,54753.00
2931,35539.00,27630.00,97462.00,52820.00,28891.00,12562.00,205451.00,818168.00,67942.00
2932,34561.00,27090.00,95367.00,58777.00,84035.00,12654.00,205075.00,789977.00,65919.00
2933,31797.00,24666.00,86629.00,73636.00,52566.00,13206.00,216089.00,804287.00,54601.00
2934,35797.00,27614.00,98293.00,54464.00,58735.00,12692.00,248629.00,844283.00,65421.00
2935,31655.00,24620.00,90395.00,53562.00,55805.00,12580.00,205250.00,793783.00,54514.00
2936,35763.00,27622.00,97974.00,52825.00,28895.00,12545.00,205241.00,793828.00,54626.00
2937,35657.00,27573.00,112443.00,67698.00,51227.00,12540.00,225747.00,810219.00,65478.00
2938,31947.00,24481.00,89697.00,53517.00,58949.00,12564.00,205242.00,793524.00,54748.00
2939,35790.00,27718.00,98015.00,52698.00,28843.00,12618.00,205276.00,793445.00,54624.00
2940,35635.00,27629.00,113700.00,88796.00,57479.00,13287.00,285609.00,823703.00,80319.00
2941,34691.00,27007.00,105783.00,75197.00,51738.00,12516.00,205262.00,794396.00,54405.00
2942,35825.00,27653.00,98442.00,55590.00,60174.00,12511.00,205273.00,796941.00,65718.00
2943,31864.00,24497.00,86943.00,56358.00,58529.00,12495.00,205259.00,789857.00,65199.00
2944,31848.00,24537.00,87462.00,53517.00,51352.00,12539.00,205265.00,793158.00,54418.00
2945,35688.00,27643.00,98448.00,65206.00,57451.00,12516.00,205283.00,793740.00,66293.00
2946,31707.00,24502.00,87089.00,56521.00,57133.00,12585.00,205075.00,802236.00,78599.00
2947,31537.00,24546.00,86830.00,53625.00,52155.00,12536.00,205528.00,793561.00,54874.00
2948,35477.00,27642.00,98319.00,80634.00,52066.00,12487.00,208422.00,788432.00,75957.00
2949,31612.00,24571.00,106922.00,58759.00,94833.00,13298.00,220762.00,826054.00,57447.00
2950,47701.00,29313.00,97931.00,52802.00,28828.00,12498.00,205297.00,793113.00,54839.00
2951,43217.00,27674.00,102454.00,67182.00,54061.00,12630.00,208599.00,787145.00,71466.00
2952,31860.00,24502.00,87315.00,53523.00,51118.00,12591.00,205261.00,873956.00,77663.00
2953,35601.00,27708.00,97816.00,52715.00,28894.00,12548.00,205282.00,839995.00,65074.00
2954,31757.00,24598.00,87567.00,53555.00,72694.00,13192.00,216068.00,824771.00,70807.00
2955,34694.00,26991.00,104638.00,53632.00,51619.00,12597.00,205260.00,835829.00,54904.00
2956,35481.00,27575.00,112683.00,84806.00,64406.00,13160.00,239163.00,868142.00,64794.00
2957,31848.00,24592.00,87029.00,53577.00,50861.00,28886.00,216152.00,891189.00,79222.00
2958,37527.00,43471.00,102974.00,72907.00,31385.00,13679.00,252786.00,890936.00,97225.00
2959,34739.00,26900.00,95528.00,58790.00,70183.00,12520.00,205097.00,833946.00,54490.00
2960,35684.00,27693.00,97746.00,65092.00,51811.00,12602.00,205265.00,831788.00,64477.00
2961,31677.00,24669.00,106468.00,58778.00,53269.00,13258.00,216140.00,865594.00,57616.00
2962,46674.00,29193.00,98113.00,52893.00,28935.00,12555.00,205427.00,793568.00,54775.00
2963,44002.00,27527.00,102425.00,68219.00,51490.00,12599.00,208614.00,788799.00,65227.00
2964,31839.00,27460.00,114240.00,58685.00,80496.00,13549.00,231564.00,810916.00,54744.00
2965,35809.00,27779.00,98292.00,52804.00,28899.00,12583.00,205409.00,793963.00,72433.00
2966,31562.00,24613.00,87885.00,53546.00,52591.00,15635.00,205262.00,789958.00,65385.00
2967,31778.00,24479.00,86893.00,53634.00,51945.00,12640.00,205264.00,793462.00,54544.00
2968,35694.00,27697.00,99261.00,52713.00,28880.00,12566.00,205278.00,793441.00,64421.00
2969,31772.00,24713.00,86966.00,53489.00,53424.00,12499.00,208468.00,787243.00,67867.00
2970,31860.00,24628.00,86863.00,53578.00,51514.00,12597.00,205504.00,793730.00,54748.00
2971,35647.00,27664.00,97753.00,52855.00,28895.00,12567.00,205448.00,793652.00,54741.00
2972,31774.00,36108.00,87320.00,53510.00,50647.00,12570.00,208203.00,787495.00,65902.00
2973,31655.00,27292.00,87370.00,53460.00,52422.00,12461.00,205425.00,793524.00,55006.00
2974,35704.00,27612.00,97273.00,52789.00,28945.00,12612.00,205620.00,838348.00,54717.00
2975,31724.00,37198.00,102605.00,67212.00,53510.00,12565.00,208065.00,787526.00,69724.00
2976,31634.00,24515.00,86495.00,53557.00,51159.00,12532.00,205267.00,846758.00,58979.00
2977,38388.00,29750.00,114706.00,55532.00,30382.00,23276.00,205629.00,801362.00,84511.00
2978,31694.00,24522.00,88087.00,53527.00,51765.00,12544.00,205263.00,790260.00,65271.00
2979,31620.00,24357.00,87798.00,53624.00,55584.00,12632.00,205297.00,793660.00,54841.00
2980,35813.00,27573.00,98105.00,52766.00,28846.00,12518.00,205400.00,801395.00,64535.00
2981,31762.00,24748.00,87211.00,53497.00,53507.00,12550.00,205255.00,789894.00,74314.00
2982,31868.00,24662.00,87018.00,53565.00,51734.00,12507.00,205275.00,793698.00,54557.00
2983,35697.00,27806.00,98333.00,52874.00,28854.00,12571.00,205271.00,818927.00,79289.00
2984,34909.00,27061.00,95421.00,64386.00,53345.00,12526.00,205289.00,847717.00,71973.00
2985,34916.00,26802.00,95519.00,67508.00,51231.00,12471.00,205241.00,793121.00,54511.00
2986,35790.00,27623.00,98631.00,52804.00,28893.00,12546.00,205280.00,818361.00,71365.00
2987,34964.00,27023.00,98404.00,58764.00,53350.00,13187.00,216062.00,857399.00,59361.00
2988,47714.00,40295.00,97748.00,52886.00,28858.00,12564.00,205287.00,886493.00,59332.00
2989,38508.00,29899.00,105503.00,57078.00,46421.00,13170.00,237628.00,891847.00,70565.00
2990,34895.00,26871.00,101050.00,53585.00,52905.00,12523.00,245754.00,856313.00,54801.00
2991,41548.00,27597.00,102785.00,79538.00,50498.00,12534.00,232973.00,804568.00,88552.00
2992,35907.00,27714.00,97320.00,70182.00,69840.00,12583.00,205444.00,874731.00,54751.00
2993,35606.00,27510.00,110262.00,66276.00,51825.00,12548.00,228369.00,824461.00,85628.00
2994,51257.00,26957.00,98023.00,60302.00,54240.00,13620.00,227268.00,850810.00,54621.00
2995,52387.00,27520.00,103788.00,55562.00,30454.00,13215.00,232436.00,844874.00,64642.00
2996,31702.00,24625.00,87117.00,92349.00,57946.00,13631.00,241223.00,822884.00,59110.00
2997,46945.00,29931.00,97793.00,52826.00,28919.00,12493.00,205316.00,851494.00,54643.00
2998,41862.00,27730.00,102294.00,66305.00,50754.00,12609.00,237911.00,860495.00,73235.00
2999,35850.00,27649.00,97965.00,66628.00,54130.00,13671.00,225686.00,880806.00,54699.00
3000,35648.00,27708.00,113510.00,68284.00,52299.00,12608.00,231983.00,932816.00,59140.00
3001,38605.00,29904.00,105839.00,66579.00,39502.00,12608.00,205275.00,863830.00,57657.00
3002,37582.00,29088.00,118135.00,90642.00,86684.00,13608.00,225434.00,844982.00,99917.00
3003,35568.00,27515.00,98104.00,60223.00,73449.00,13594.00,227229.00,863378.00,59417.00
3004,38614.00,30032.00,123810.00,81918.00,57108.00,12548.00,247805.00,821891.00,85920.00
3005,34759.00,26913.00,95343.00,58684.00,53050.00,13316.00,216249.00,875767.00,54803.00
3006,35522.00,27607.00,97608.00,64902.00,51453.00,12494.00,205305.00,867387.00,66190.00
3007,31814.00,24735.00,127479.00,60417.00,53113.00,13571.00,236380.00,820163.00,57474.00
3008,35573.00,38167.00,98092.00,52715.00,28872.00,12645.00,205517.00,851998.00,64348.00
3009,31581.00,24634.00,87295.00,53492.00,58950.00,12501.00,233753.00,822233.00,70943.00
3010,34802.00,27041.00,96153.00,58769.00,70196.00,12477.00,205126.00,839038.00,57459.00
3011,37696.00,29022.00,117437.00,71720.00,55148.00,13189.00,235681.00,873650.00,64252.00
3012,38435.00,30055.00,105524.00,57109.00,31310.00,13631.00,234904.00,826677.00,66686.00
3013,39235.00,44887.00,119953.00,55545.00,30428.00,13180.00,220216.00,902971.00,57830.00
3014,37506.00,28995.00,134336.00,55530.00,30444.00,13250.00,220539.00,841036.00,58954.00
3015,46989.00,39864.00,98137.00,52952.00,28829.00,12577.00,205652.00,875725.00,92567.00
3016,35650.00,27527.00,98179.00,63003.00,65023.00,13544.00,230529.00,817084.00,81111.00
3017,35596.00,27565.00,112186.00,53528.00,50372.00,12544.00,222467.00,873278.00,54860.00
3018,35687.00,27641.00,111526.00,66840.00,53765.00,12512.00,238140.00,835743.00,84131.00
3019,35665.00,27659.00,97787.00,70230.00,61409.00,13185.00,242109.00,860036.00,54786.00
3020,35789.00,27649.00,113193.00,66815.00,51008.00,12544.00,256384.00,848556.00,113907.00
3021,35677.00,27730.00,97692.00,60219.00,56035.00,23234.00,205292.00,841052.00,54861.00
3022,35667.00,27686.00,99508.00,89045.00,51841.00,12417.00,225140.00,817600.00,64597.00
3023,37990.00,41617.00,113101.00,60269.00,55113.00,13882.00,252234.00,923620.00,54801.00
3024,35570.00,27823.00,97892.00,64868.00,53533.00,12628.00,205457.00,835922.00,65733.00
3025,31835.00,24672.00,108589.00,60299.00,58407.00,13572.00,226105.00,822090.00,59222.00
3026,38609.00,29901.00,109014.00,52844.00,28905.00,12622.00,205552.00,852452.00,54857.00
3027,31903.00,35771.00,86615.00,53525.00,50627.00,12491.00,235451.00,842255.00,96854.00
3028,35656.00,27683.00,98728.00,70597.00,56277.00,12512.00,205274.00,840165.00,54725.00
3029,35484.00,27562.00,124611.00,78739.00,38660.00,17018.00,255365.00,822765.00,65428.00
3030,35666.00,43735.00,97591.00,60211.00,53436.00,13560.00,218541.00,841981.00,54565.00
3031,35754.00,27752.00,98125.00,52712.00,28909.00,12580.00,205115.00,848255.00,66525.00
3032,31723.00,24521.00,86756.00,53470.00,83883.00,13535.00,221976.00,828071.00,71782.00
3033,35562.00,27760.00,105633.00,53494.00,50516.00,12624.00,205293.00,850828.00,54790.00
3034,35556.00,27535.00,114407.00,78283.00,50595.00,12494.00,234373.00,819218.00,97339.00
3035,35768.00,27648.00,98570.00,60216.00,75053.00,13193.00,241266.00,886011.00,54702.00
3036,35871.00,27869.00,111904.00,75344.00,50425.00,12607.00,230720.00,811335.00,64470.00
3037,51404.00,27521.00,97449.00,60296.00,53806.00,13605.00,217894.00,860177.00,65645.00
3038,35706.00,27439.00,98409.00,52764.00,28937.00,12600.00,205343.00,846814.00,65589.00
3039,31775.00,24623.00,87489.00,56596.00,84897.00,13706.00,232066.00,816507.00,59086.00
3040,38866.00,29780.00,123194.00,52743.00,28917.00,12637.00,205478.00,852277.00,54674.00
3041,35599.00,27453.00,113942.00,67381.00,52470.00,12511.00,231654.00,805234.00,87111.00
3042,34634.00,26797.00,94743.00,58883.00,59046.00,23655.00,205003.00,835169.00,54649.00
3043,35723.00,27712.00,97746.00,52766.00,28997.00,12615.00,205387.00,838739.00,64803.00
3044,31640.00,24661.00,87365.00,56769.00,69363.00,13234.00,215903.00,822021.00,71173.00
3045,34921.00,26902.00,101179.00,53476.00,51172.00,12570.00,205594.00,833505.00,54765.00
3046,35683.00,27615.00,114608.00,67261.00,56581.00,12502.00,228909.00,833705.00,84267.00
3047,36069.00,42857.00,104870.00,60259.00,54486.00,13550.00,245238.00,794193.00,54587.00
3048,35701.00,27519.00,97879.00,52799.00,66014.00,12630.00,205060.00,796905.00,64552.00
3049,31809.00,24635.00,86844.00,56330.00,50588.00,12566.00,205619.00,790068.00,66559.00
3050,31795.00,24497.00,87065.00,53586.00,51958.00,12523.00,205251.00,793510.00,54567.00
3051,35644.00,27605.00,98121.00,52885.00,62448.00,12501.00,205332.00,797041.00,73519.00
3052,31756.00,24556.00,86788.00,56397.00,50721.00,12606.00,205258.00,791402.00,64782.00
3053,31893.00,24660.00,86421.00,53530.00,52327.00,12589.00,205332.00,793805.00,54574.00
3054,35802.00,27537.00,98932.00,53688.00,59841.00,12537.00,205279.00,796455.00,65821.00
3055,31825.00,24646.00,86795.00,56374.00,50754.00,12561.00,205268.00,789793.00,64562.00
3056,31784.00,24575.00,87358.00,53480.00,51804.00,12565.00,205265.00,793457.00,54447.00
3057,36026.00,27606.00,98272.00,52722.00,63825.00,12462.00,205265.00,797749.00,65245.00
3058,31836.00,24378.00,87085.00,56243.00,51018.00,12589.00,205257.00,789850.00,64831.00
3059,31741.00,24548.00,87585.00,53571.00,51768.00,12453.00,205281.00,918495.00,59349.00
3060,37633.00,40543.00,104000.00,55595.00,40279.00,12488.00,208222.00,814492.00,66167.00
3061,34854.00,24526.00,86967.00,53473.00,55019.00,12448.00,205259.00,871199.00,57691.00
3062,37518.00,29027.00,102377.00,55670.00,30380.00,13227.00,216165.00,853346.00,75229.00
3063,31898.00,24520.00,86839.00,53542.00,67893.00,12512.00,205294.00,789667.00,65632.00
3064,31899.00,24753.00,87321.00,53565.00,62691.00,12531.00,205253.00,833529.00,54729.00
3065,35829.00,27653.00,97964.00,54184.00,62688.00,12563.00,205464.00,833457.00,66017.00
3066,31893.00,24670.00,90154.00,53455.00,50848.00,12499.00,205249.00,789378.00,64613.00
3067,31689.00,24704.00,87245.00,53470.00,51960.00,12523.00,205280.00,833079.00,54718.00
3068,35718.00,27717.00,111449.00,70745.00,51705.00,12413.00,227001.00,809227.00,65156.00
3069,34372.00,24629.00,87079.00,53526.00,57044.00,12508.00,205243.00,819161.00,57472.00
3070,35846.00,38989.00,98140.00,52823.00,28792.00,12557.00,205291.00,833814.00,54767.00
3071,31473.00,37270.00,102073.00,73927.00,51688.00,12511.00,233714.00,921431.00,57816.00
3072,37683.00,28957.00,102808.00,55548.00,30533.00,13232.00,216314.00,847743.00,54702.00
3073,35776.00,27599.00,113262.00,68404.00,52124.00,12605.00,208694.00,787203.00,64558.00
3074,34844.00,24636.00,111494.00,58796.00,54000.00,13223.00,216087.00,810978.00,54789.00
3075,35757.00,27706.00,117570.00,55446.00,30370.00,13248.00,216419.00,810097.00,65190.00
3076,31737.00,24578.00,87890.00,53489.00,50789.00,12461.00,208443.00,823331.00,89748.00
3077,31763.00,24757.00,86889.00,53606.00,52302.00,12631.00,205252.00,838065.00,57601.00
3078,37381.00,29090.00,109452.00,53959.00,68739.00,12640.00,205243.00,795188.00,66252.00
3079,31811.00,24500.00,87112.00,56656.00,50580.00,12556.00,205256.00,790223.00,66009.00
3080,31596.00,24505.00,86372.00,53502.00,51541.00,12562.00,205302.00,793833.00,54579.00
3081,35736.00,27639.00,97827.00,65105.00,52196.00,12600.00,205476.00,794905.00,66621.00
3082,31652.00,24552.00,87041.00,56401.00,61091.00,12546.00,205248.00,789978.00,67007.00
3083,31839.00,24597.00,86314.00,53532.00,50739.00,12479.00,205301.00,821887.00,67205.00
3084,37660.00,44266.00,109479.00,72693.00,31329.00,13700.00,257649.00,820844.00,65786.00
3085,50509.00,24530.00,100254.00,53610.00,51455.00,12542.00,205356.00,805565.00,54915.00
3086,35696.00,27539.00,97693.00,52820.00,28811.00,12600.00,205331.00,803319.00,54740.00
3087,35622.00,27752.00,98694.00,80908.00,55394.00,12568.00,209079.00,787149.00,68376.00
3088,31969.00,24550.00,86643.00,53513.00,51715.00,12535.00,205263.00,793603.00,54498.00
3089,35634.00,27537.00,98287.00,52799.00,28854.00,12490.00,205251.00,793276.00,54670.00
3090,42503.00,27618.00,102121.00,67158.00,57009.00,12565.00,208514.00,787051.00,69111.00
3091,31636.00,24634.00,87342.00,53529.00,50767.00,12610.00,205236.00,793360.00,54474.00
3092,35591.00,27580.00,98746.00,52811.00,28814.00,12441.00,205268.00,793782.00,54476.00
3093,42794.00,27766.00,102263.00,76211.00,51617.00,12452.00,208537.00,786508.00,69089.00
3094,31701.00,24540.00,87444.00,53531.00,50571.00,12570.00,205108.00,793491.00,54517.00
3095,35794.00,27706.00,97721.00,52829.00,28980.00,12586.00,205011.00,793650.00,54512.00
3096,42469.00,27637.00,144085.00,61408.00,54811.00,13644.00,254526.00,841375.00,70625.00
3097,34688.00,26966.00,96150.00,65410.00,52433.00,12479.00,205327.00,829351.00,54802.00
3098,35802.00,27693.00,100101.00,73118.00,50918.00,12458.00,208642.00,788266.00,64719.00
3099,31835.00,24736.00,89431.00,53555.00,51089.00,12650.00,205324.00,793257.00,54540.00
3100,35651.00,27593.00,98792.00,52895.00,28763.00,12523.00,205267.00,870439.00,54804.00
3101,35581.00,27750.00,113500.00,67414.00,51059.00,12545.00,207804.00,787618.00,65534.00
3102,34718.00,24517.00,111776.00,71639.00,62204.00,18310.00,220431.00,796037.00,55187.00
3103,35615.00,27555.00,97154.00,52982.00,28896.00,12571.00,205445.00,793512.00,55278.00
3104,31795.00,35658.00,86955.00,53539.00,50693.00,12635.00,208433.00,787412.00,64766.00
3105,32055.00,27430.00,86978.00,53616.00,51807.00,12519.00,205241.00,793753.00,54394.00
3106,35967.00,27690.00,98790.00,52764.00,28749.00,12467.00,205258.00,793428.00,54544.00
3107,43978.00,27591.00,102300.00,67897.00,50593.00,12504.00,208386.00,787153.00,78584.00
3108,31778.00,24550.00,87017.00,53498.00,52208.00,12505.00,205269.00,920592.00,54663.00
3109,35816.00,27695.00,97390.00,52817.00,28813.00,12656.00,204996.00,851402.00,70008.00
3110,34803.00,26855.00,95210.00,61678.00,52177.00,13187.00,216089.00,871929.00,57295.00
3111,37579.00,29174.00,109074.00,52785.00,28964.00,12576.00,205437.00,836029.00,54539.00
3112,35729.00,27671.00,113546.00,66390.00,51524.00,12531.00,230362.00,837741.00,69923.00
3113,34828.00,27069.00,96153.00,58820.00,53244.00,13182.00,224683.00,828213.00,57268.00
3114,37564.00,29069.00,121953.00,69902.00,53875.00,13523.00,226845.00,865485.00,98582.00
3115,35641.00,30791.00,98832.00,60206.00,53505.00,23816.00,219597.00,879102.00,57620.00
3116,37481.00,29143.00,110269.00,53140.00,62482.00,12593.00,205278.00,835165.00,66802.00
3117,31652.00,24705.00,87212.00,73666.00,52668.00,13192.00,225118.00,815748.00,57725.00
3118,37589.00,29224.00,109031.00,52795.00,28894.00,12559.00,205055.00,834073.00,54779.00
3119,35697.00,27741.00,114217.00,71904.00,51564.00,12437.00,228917.00,806011.00,79824.00
3120,31865.00,24621.00,130651.00,60220.00,56806.00,13620.00,230730.00,806526.00,54810.00
3121,35520.00,27710.00,98568.00,52849.00,28916.00,12514.00,205509.00,800967.00,64731.00
3122,31834.00,24628.00,86779.00,53537.00,54377.00,28686.00,216146.00,805118.00,65018.00
3123,31704.00,24503.00,87241.00,53613.00,51912.00,12627.00,205283.00,793703.00,54738.00
3124,35674.00,27639.00,97767.00,53482.00,63387.00,12606.00,205307.00,796053.00,64760.00
3125,31602.00,24597.00,87302.00,56311.00,51169.00,12580.00,205466.00,791328.00,64727.00
3126,31815.00,24581.00,87577.00,53628.00,50351.00,12595.00,205259.00,793530.00,54526.00
3127,35777.00,27563.00,98735.00,53179.00,63079.00,12565.00,205104.00,845011.00,65140.00
3128,31768.00,24469.00,87205.00,56446.00,51039.00,12515.00,205316.00,790381.00,65206.00
3129,31798.00,24570.00,87270.00,53521.00,51558.00,12520.00,205272.00,793645.00,54679.00
3130,35793.00,27883.00,98409.00,78454.00,50955.00,12483.00,208489.00,787422.00,65307.00
3131,31706.00,24575.00,89953.00,53521.00,50721.00,12568.00,205269.00,789937.00,66172.00
3132,31924.00,24570.00,87160.00,53471.00,51750.00,12536.00,205248.00,878738.00,57458.00
3133,35792.00,39161.00,98087.00,52825.00,29008.00,12544.00,207936.00,787323.00,66101.00
3134,31658.00,24788.00,91846.00,53517.00,53772.00,12638.00,205264.00,818842.00,57494.00
3135,37611.00,29143.00,109105.00,52875.00,28933.00,12611.00,205521.00,794061.00,54860.00
3136,35716.00,27693.00,114368.00,67559.00,51186.00,12486.00,208737.00,788296.00,64874.00
3137,34426.00,24683.00,87321.00,53680.00,51396.00,12637.00,226088.00,813130.00,54644.00
3138,35837.00,27650.00,97964.00,52803.00,28877.00,12669.00,205568.00,793458.00,54862.00
3139,43270.00,27631.00,102261.00,67423.00,50699.00,12530.00,208646.00,787260.00,64792.00
3140,31664.00,27388.00,86876.00,53567.00,51730.00,12494.00,205237.00,793739.00,54490.00
3141,35779.00,27623.00,99286.00,52753.00,28916.00,12517.00,205257.00,793439.00,54504.00
3142,43990.00,27561.00,102416.00,67483.00,50744.00,12604.00,208479.00,787205.00,64575.00
3143,31673.00,27343.00,87286.00,53528.00,50894.00,12530.00,205286.00,793654.00,54520.00
3144,35605.00,27632.00,98422.00,52795.00,28821.00,12489.00,205258.00,839260.00,59189.00
3145,38355.00,29981.00,105187.00,66864.00,30386.00,23283.00,209114.00,789429.00,74530.00
3146,31774.00,24664.00,86785.00,53550.00,51946.00,12563.00,205338.00,793075.00,54723.00
3147,35571.00,27645.00,97324.00,52787.00,28915.00,12581.00,205307.00,839209.00,65288.00
3148,31694.00,24513.00,87797.00,53595.00,56504.00,12536.00,231117.00,805496.00,68884.00
3149,31684.00,24707.00,87295.00,53458.00,50813.00,12592.00,205327.00,793818.00,54894.00
3150,35795.00,27752.00,98088.00,52843.00,28795.00,12593.00,205295.00,845498.00,66201.00
3151,31611.00,24636.00,86721.00,53540.00,63591.00,12489.00,205256.00,790496.00,65889.00
3152,31682.00,24557.00,87001.00,53600.00,50827.00,12533.00,205277.00,793689.00,54636.00
3153,35791.00,27593.00,98370.00,52772.00,28839.00,12556.00,205276.00,803107.00,67351.00
3154,31805.00,24700.00,87014.00,53508.00,54711.00,12561.00,205272.00,789887.00,64740.00
3155,31893.00,24606.00,86766.00,53494.00,52795.00,12484.00,205495.00,793139.00,54603.00
3156,35731.00,27572.00,97157.00,52777.00,28925.00,12506.00,205423.00,793511.00,64669.00
3157,31657.00,24622.00,87900.00,53485.00,51844.00,12507.00,208361.00,881694.00,54684.00
3158,35783.00,27777.00,97811.00,52744.00,28930.00,12561.00,205053.00,793635.00,54462.00
3159,35537.00,27666.00,97485.00,52661.00,28841.00,12663.00,205129.00,793402.00,71956.00
3160,31675.00,24582.00,87079.00,53571.00,53980.00,12567.00,231114.00,856315.00,57482.00
3161,37562.00,29205.00,113212.00,52846.00,28928.00,12688.00,220219.00,794293.00,54614.00
3162,35855.00,27714.00,100193.00,77413.00,51043.00,12444.00,208510.00,788134.00,74525.00
3163,31771.00,24535.00,89979.00,53479.00,57641.00,12683.00,214087.00,794076.00,54805.00
3164,35723.00,27573.00,98628.00,52655.00,28930.00,12583.00,205621.00,793531.00,54822.00
3165,35712.00,27577.00,111570.00,67364.00,56050.00,12601.00,208381.00,787139.00,65138.00
3166,31881.00,24499.00,90187.00,53488.00,50780.00,12601.00,205227.00,794298.00,54548.00
3167,35783.00,27865.00,98311.00,52793.00,28800.00,12553.00,205269.00,793560.00,54476.00
3168,35670.00,27748.00,111929.00,66244.00,50485.00,12527.00,208548.00,787840.00,65581.00
3169,31864.00,24643.00,90246.00,53597.00,53136.00,12565.00,205234.00,873328.00,57472.00
3170,37652.00,29189.00,111513.00,52837.00,28956.00,12538.00,205269.00,792976.00,54714.00
3171,45255.00,27711.00,102677.00,66328.00,50706.00,12558.00,208611.00,787458.00,65663.00
3172,31753.00,27218.00,87456.00,53510.00,51153.00,12602.00,205266.00,821039.00,57364.00
3173,47261.00,29036.00,98056.00,52752.00,28907.00,12611.00,205394.00,820648.00,55709.00
3174,31734.00,34639.00,86577.00,53592.00,51929.00,12576.00,208922.00,787192.00,69176.00
3175,31825.00,24559.00,87297.00,53582.00,51099.00,12598.00,205283.00,793862.00,54678.00
3176,35603.00,27749.00,125834.00,80155.00,38419.00,18461.00,218464.00,805323.00,66048.00
3177,31770.00,24658.00,87865.00,53686.00,62575.00,12525.00,205257.00,789602.00,65685.00
3178,31794.00,24455.00,86365.00,53621.00,52075.00,12605.00,205240.00,793544.00,54527.00
3179,35694.00,27637.00,98393.00,52749.00,28878.00,12505.00,205254.00,793386.00,76570.00
3180,31949.00,24490.00,86720.00,53552.00,51162.00,12594.00,208304.00,787106.00,66765.00
3181,31701.00,24572.00,87368.00,53515.00,51562.00,12646.00,205415.00,793398.00,54646.00
3182,35547.00,27493.00,97416.00,52822.00,44795.00,13169.00,241493.00,873262.00,71394.00
3183,31795.00,24630.00,86850.00,56369.00,52707.00,12564.00,205256.00,789067.00,65476.00
3184,31662.00,24577.00,87169.00,53662.00,52510.00,12626.00,205238.00,793967.00,54501.00
3185,35591.00,27663.00,98008.00,65215.00,50977.00,12558.00,205259.00,835449.00,65197.00
3186,31780.00,24556.00,90041.00,74232.00,52874.00,13265.00,217710.00,793515.00,54858.00
3187,35810.00,27705.00,118648.00,55603.00,30442.00,13265.00,222437.00,793622.00,54427.00
3188,35664.00,27455.00,113660.00,66419.00,51478.00,12544.00,208640.00,788199.00,64638.00
3189,34642.00,24592.00,87382.00,53593.00,51093.00,12587.00,205131.00,793542.00,54641.00
3190,35674.00,27682.00,97467.00,52805.00,28893.00,12663.00,205055.00,793662.00,54607.00
3191,35498.00,27640.00,113387.00,66672.00,50825.00,12614.00,208553.00,788069.00,65135.00
3192,31701.00,24513.00,89349.00,53536.00,53985.00,12433.00,205251.00,793498.00,54595.00
3193,35758.00,27499.00,98764.00,52934.00,28930.00,12510.00,205264.00,793764.00,54391.00
3194,35869.00,27560.00,114034.00,66497.00,50756.00,12496.00,253797.00,832887.00,68315.00
3195,31780.00,24561.00,87286.00,53597.00,51841.00,12513.00,205264.00,793636.00,54635.00
3196,35679.00,27738.00,97470.00,52714.00,28919.00,12510.00,205278.00,793749.00,54615.00
3197,31756.00,36479.00,87322.00,53514.00,51935.00,12562.00,208431.00,787101.00,65625.00
3198,31734.00,27429.00,87127.00,53557.00,51927.00,12507.00,205272.00,821347.00,67639.00
3199,35541.00,27759.00,97856.00,52812.00,28843.00,12690.00,205117.00,794623.00,54843.00
3200,31700.00,36029.00,87239.00,53531.00,54933.00,12554.00,208651.00,788960.00,68554.00
3201,31716.00,24577.00,86729.00,53478.00,51044.00,12390.00,205297.00,793339.00,54410.00
3202,35619.00,27624.00,98916.00,52849.00,28840.00,12604.00,205244.00,793399.00,54583.00
3203,43529.00,27668.00,102524.00,71552.00,59761.00,12607.00,208385.00,787312.00,67541.00
3204,31799.00,24655.00,87024.00,53524.00,51425.00,12594.00,205245.00,793577.00,54643.00
3205,35805.00,27553.00,98211.00,52814.00,28857.00,12563.00,205232.00,793565.00,54556.00
3206,43028.00,27728.00,102560.00,67273.00,55239.00,12551.00,208463.00,787498.00,97768.00
3207,51254.00,26938.00,104415.00,60244.00,66304.00,13584.00,238320.00,793738.00,54461.00
3208,35584.00,27647.00,98011.00,53163.00,63997.00,12512.00,205266.00,796916.00,79188.00
3209,31594.00,24476.00,86868.00,56053.00,50729.00,12474.00,205245.00,789846.00,65731.00
3210,31817.00,24440.00,87056.00,53576.00,51405.00,12498.00,205322.00,793241.00,54515.00
3211,35872.00,27764.00,98345.00,54751.00,59730.00,12502.00,205283.00,836761.00,65637.00
3212,31579.00,24448.00,87039.00,56853.00,57540.00,12578.00,205263.00,789669.00,65672.00
3213,31610.00,24530.00,87113.00,53564.00,51882.00,12518.00,205313.00,793652.00,54484.00
3214,35497.00,27715.00,98539.00,77514.00,51712.00,12595.00,208445.00,786772.00,65671.00
3215,31757.00,24538.00,89648.00,53608.00,58766.00,12503.00,205288.00,790319.00,65638.00
3216,31591.00,24469.00,87589.00,53544.00,53621.00,12530.00,205252.00,793160.00,54551.00
3217,35908.00,27628.00,101951.00,75243.00,51317.00,12510.00,208434.00,789166.00,65532.00
3218,31758.00,24566.00,89763.00,53673.00,50834.00,12606.00,205174.00,793293.00,54586.00
3219,35548.00,27659.00,123010.00,55444.00,30554.00,13315.00,243329.00,815068.00,54807.00
3220,35636.00,27513.00,114264.00,66453.00,51901.00,12573.00,208464.00,787429.00,65215.00
3221,34356.00,24462.00,87218.00,53501.00,50320.00,12580.00,205617.00,793548.00,54767.00
3222,35633.00,27777.00,97671.00,52847.00,28951.00,12543.00,230060.00,829060.00,54784.00
3223,42741.00,27573.00,102818.00,70802.00,50667.00,28539.00,219963.00,813961.00,89172.00
3224,35057.00,26962.00,96152.00,58782.00,70573.00,12595.00,205278.00,848652.00,68177.00
3225,37553.00,29211.00,103324.00,84847.00,70193.00,12593.00,210303.00,815655.00,70383.00
3226,38509.00,27058.00,95549.00,58796.00,53860.00,23242.00,205361.00,793451.00,54764.00
3227,35629.00,27640.00,97573.00,52864.00,28985.00,12612.00,205318.00,794251.00,54661.00
3228,45111.00,27647.00,102572.00,67989.00,57966.00,12727.00,208266.00,787301.00,66742.00
3229,31802.00,27253.00,87020.00,53566.00,51360.00,12566.00,205511.00,793628.00,54702.00
3230,35678.00,27569.00,98074.00,52855.00,28925.00,12580.00,205617.00,793722.00,54816.00
3231,44543.00,27610.00,102427.00,66652.00,50459.00,12507.00,208398.00,884171.00,54879.00
3232,35749.00,27524.00,97952.00,52689.00,28806.00,12668.00,205444.00,793298.00,54775.00
3233,35827.00,27622.00,98195.00,52737.00,28892.00,12538.00,205550.00,793275.00,64964.00
3234,31673.00,24488.00,87393.00,53568.00,50651.00,12498.00,208403.00,787367.00,68780.00
3235,31958.00,24646.00,86921.00,53494.00,51621.00,12607.00,205503.00,804351.00,54886.00
3236,35862.00,27539.00,97866.00,52825.00,28853.00,12654.00,205051.00,853252.00,64229.00
3237,31720.00,24640.00,86668.00,53536.00,55463.00,12621.00,213804.00,787844.00,66516.00
3238,31663.00,24600.00,86865.00,53606.00,51580.00,12545.00,205255.00,793672.00,54455.00
3239,35747.00,27667.00,97900.00,52845.00,28900.00,12506.00,205257.00,793260.00,64648.00
3240,31643.00,24600.00,87458.00,53558.00,51107.00,12529.00,208648.00,787155.00,74431.00
3241,31685.00,24575.00,87475.00,53495.00,51284.00,12573.00,205261.00,793834.00,54500.00
3242,35652.00,27736.00,97727.00,52878.00,28883.00,12561.00,205246.00,793326.00,54408.00
3243,42735.00,27709.00,102441.00,66617.00,50871.00,12587.00,208368.00,787036.00,84066.00
3244,34922.00,27063.00,95359.00,58759.00,59715.00,13189.00,232410.00,851547.00,54640.00
3245,35661.00,27719.00,98374.00,55726.00,69569.00,12604.00,205237.00,795037.00,65459.00
3246,31666.00,24474.00,87273.00,56059.00,51269.00,12604.00,205310.00,789931.00,65450.00
3247,31801.00,24680.00,86827.00,53523.00,52181.00,12532.00,205264.00,793915.00,54643.00
3248,35589.00,27646.00,98588.00,65182.00,50369.00,12547.00,205244.00,793899.00,66033.00
3249,31868.00,24521.00,87210.00,56544.00,65061.00,13254.00,216059.00,803128.00,66226.00
3250,31695.00,24476.00,87057.00,53563.00,51968.00,12643.00,205242.00,826547.00,55380.00
3251,35759.00,27661.00,97784.00,65270.00,50755.00,12638.00,208901.00,786989.00,66790.00
3252,31762.00,24518.00,90574.00,53486.00,50542.00,12670.00,205243.00,793629.00,54578.00
3253,35557.00,27615.00,98313.00,52829.00,28913.00,12475.00,205273.00,793267.00,54452.00
3254,35905.00,27625.00,111300.00,67336.00,60761.00,12581.00,208485.00,787247.00,66643.00
3255,31635.00,24540.00,90416.00,53637.00,50449.00,12505.00,205253.00,793728.00,54607.00
3256,35716.00,27594.00,98273.00,52784.00,28889.00,12525.00,205270.00,885895.00,54686.00
3257,35825.00,27700.00,113885.00,74833.00,50718.00,12549.00,208756.00,786994.00,72065.00
3258,31700.00,27363.00,86951.00,53517.00,52016.00,12532.00,205242.00,793380.00,54426.00
3259,35673.00,27590.00,97909.00,52854.00,28899.00,12476.00,205259.00,793345.00,54566.00
3260,44285.00,27661.00,102226.00,66784.00,50198.00,12504.00,208349.00,787373.00,66227.00
3261,31813.00,27316.00,87200.00,53524.00,51213.00,12558.00,205249.00,878650.00,67257.00
3262,35940.00,27730.00,98088.00,52837.00,28876.00,12535.00,205263.00,792936.00,78940.00
3263,31663.00,24612.00,86687.00,53577.00,50878.00,12562.00,208802.00,787975.00,65881.00
3264,31683.00,24667.00,86801.00,53514.00,52601.00,12535.00,205590.00,793694.00,54676.00
3265,35899.00,27553.00,97603.00,52796.00,28977.00,12552.00,205622.00,793599.00,65229.00
3266,31765.00,24440.00,87239.00,53518.00,51313.00,12460.00,208392.00,787735.00,75207.00
3267,31840.00,24601.00,87216.00,53528.00,52564.00,12518.00,205591.00,793376.00,54797.00
3268,35694.00,27581.00,98233.00,52757.00,28870.00,12554.00,205460.00,820759.00,58728.00
3269,31814.00,46278.00,86522.00,82828.00,57820.00,16265.00,230943.00,823107.00,70327.00
3270,34670.00,27064.00,95890.00,66539.00,51232.00,12565.00,205575.00,792861.00,54834.00
3271,35642.00,27667.00,98371.00,65191.00,55939.00,12640.00,205334.00,791282.00,69736.00
3272,31753.00,24557.00,86550.00,73991.00,56966.00,13222.00,215897.00,804277.00,70903.00
3273,37759.00,29071.00,103319.00,55603.00,30427.00,13244.00,243213.00,855259.00,54667.00
3274,35509.00,27588.00,129422.00,72984.00,83215.00,19856.00,221992.00,855948.00,71036.00
3275,50839.00,26902.00,98004.00,60296.00,53638.00,13597.00,228265.00,871977.00,95624.00
3276,47818.00,45631.00,124021.00,83187.00,59534.00,13217.00,220583.00,790197.00,65298.00
3277,31832.00,24607.00,86344.00,53501.00,52311.00,12629.00,205518.00,793410.00,54875.00
3278,35765.00,27605.00,98016.00,52835.00,28850.00,12600.00,205572.00,793255.00,75017.00
3279,31763.00,24622.00,87481.00,53540.00,50441.00,15675.00,205378.00,790059.00,64523.00
3280,31805.00,24543.00,87437.00,53537.00,51039.00,12589.00,205308.00,851223.00,59338.00
3281,37544.00,39831.00,111496.00,52787.00,28906.00,12502.00,205279.00,796940.00,65565.00
3282,31715.00,24560.00,87217.00,53510.00,51839.00,12572.00,205268.00,789730.00,66235.00
3283,31903.00,24566.00,87735.00,53556.00,51719.00,12528.00,205277.00,793334.00,54548.00
3284,35869.00,27697.00,98023.00,52887.00,28781.00,12566.00,205253.00,800861.00,66551.00
3285,31698.00,24570.00,86939.00,53603.00,54694.00,12555.00,205631.00,790177.00,69281.00
3286,31632.00,24474.00,87173.00,53587.00,52440.00,12531.00,205273.00,827125.00,66637.00
3287,35695.00,27495.00,98217.00,52741.00,28912.00,12521.00,205230.00,835582.00,64946.00
3288,31863.00,24671.00,86900.00,56536.00,52120.00,12584.00,205559.00,789932.00,64545.00
3289,31960.00,24434.00,86863.00,53627.00,50732.00,12499.00,205326.00,793894.00,54769.00
3290,35674.00,27798.00,98036.00,55245.00,61627.00,12523.00,205275.00,794708.00,65159.00
3291,31576.00,24638.00,87310.00,56415.00,50559.00,12550.00,205467.00,789534.00,66374.00
3292,31705.00,24638.00,87831.00,53552.00,51872.00,12469.00,205290.00,793623.00,54523.00
3293,35617.00,27503.00,98763.00,54703.00,91187.00,13197.00,216092.00,858134.00,54728.00
3294,43049.00,27647.00,105465.00,66698.00,51935.00,12654.00,205584.00,793298.00,54717.00
3295,35498.00,27824.00,98306.00,52857.00,28864.00,12591.00,205448.00,793094.00,54728.00
3296,35778.00,27631.00,113978.00,67251.00,50326.00,12486.00,208666.00,787301.00,66056.00
3297,34379.00,24474.00,86825.00,53552.00,51044.00,12504.00,205279.00,793586.00,54612.00
3298,35740.00,27551.00,98751.00,52824.00,28888.00,12576.00,205275.00,823848.00,57601.00
3299,37577.00,29131.00,128861.00,67466.00,59147.00,12504.00,226336.00,811162.00,84152.00
3300,34789.00,27093.00,95350.00,58664.00,53117.00,13244.00,219119.00,792963.00,54978.00
3301,35729.00,27661.00,98196.00,52847.00,28934.00,12583.00,205454.00,793562.00,91122.00
3302,31667.00,24577.00,87017.00,53542.00,56430.00,12663.00,205253.00,789519.00,64958.00
3303,31574.00,24552.00,86410.00,53547.00,51832.00,12463.00,205254.00,793569.00,54575.00
3304,35692.00,27639.00,97903.00,52905.00,28769.00,12492.00,205265.00,793297.00,64178.00
3305,31862.00,24556.00,87204.00,53554.00,59530.00,12578.00,208502.00,882417.00,54836.00
3306,35622.00,27609.00,97497.00,52738.00,28935.00,12535.00,205560.00,793391.00,54752.00
3307,35730.00,27757.00,97287.00,52742.00,28915.00,12686.00,205435.00,801157.00,74782.00
3308,31738.00,24550.00,86696.00,53595.00,54113.00,12559.00,205246.00,789408.00,65350.00
3309,31770.00,24572.00,87098.00,53615.00,52106.00,12522.00,205298.00,842448.00,67051.00
3310,35734.00,27456.00,97768.00,65047.00,50388.00,12574.00,205286.00,1647558.00,57228.00
3311,35823.00,27709.00,98283.00,53032.00,29458.00,12648.00,233918.00,805284.00,88407.00
3312,34802.00,27060.00,96140.00,58923.00,53056.00,13277.00,216782.00,793450.00,54581.00
3313,36022.00,27842.00,98579.00,52901.00,28893.00,12512.00,205322.00,795101.00,73052.00
3314,31884.00,24400.00,87238.00,53655.00,58335.00,15927.00,205282.00,790297.00,64781.00
3315,31681.00,24464.00,86704.00,53600.00,51558.00,12518.00,205272.00,793611.00,54429.00
3316,35336.00,27553.00,98419.00,52794.00,28872.00,12547.00,205317.00,793699.00,64468.00
3317,31955.00,24663.00,119496.00,58924.00,95814.00,13226.00,244354.00,886922.00,54680.00
3318,35457.00,27743.00,97721.00,52714.00,28900.00,12488.00,205119.00,793721.00,54693.00
3319,35773.00,27806.00,112036.00,67724.00,52138.00,12581.00,208522.00,787379.00,65211.00
3320,31680.00,24422.00,89545.00,73440.00,53802.00,13238.00,222275.00,793834.00,54716.00
3321,35797.00,27640.00,99074.00,52873.00,28821.00,12489.00,205295.00,794423.00,54536.00
3322,35736.00,27627.00,115450.00,67187.00,50956.00,12563.00,208508.00,787249.00,78170.00
3323,34425.00,24629.00,86794.00,53601.00,56743.00,12569.00,205315.00,805589.00,81918.00
3324,38866.00,32045.00,102701.00,52993.00,29057.00,12670.00,205170.00,839754.00,65546.00
3325,31810.00,24649.00,86739.00,53560.00,59631.00,12508.00,208136.00,787461.00,67904.00
3326,31699.00,24742.00,86916.00,53497.00,51703.00,12582.00,205272.00,793636.00,54551.00
3327,35856.00,27684.00,98819.00,52856.00,28904.00,12491.00,205283.00,793828.00,55115.00
3328,31674.00,36817.00,86766.00,53544.00,56487.00,12599.00,208398.00,856777.00,59229.00
3329,38512.00,29825.00,114336.00,65785.00,28946.00,12517.00,205483.00,883843.00,54764.00
3330,35471.00,27734.00,97874.00,65381.00,51411.00,12510.00,208944.00,788669.00,76124.00
3331,31647.00,24578.00,89659.00,53535.00,51422.00,12584.00,205275.00,789996.00,65133.00
3332,31656.00,24512.00,87258.00,53502.00,51742.00,12507.00,205262.00,793818.00,54568.00
3333,35646.00,27575.00,100426.00,77479.00,57693.00,12523.00,208398.00,788552.00,67134.00
3334,31802.00,24647.00,89711.00,53522.00,51220.00,12567.00,205280.00,793645.00,54542.00
3335,35551.00,27585.00,98530.00,52860.00,28878.00,12541.00,205286.00,793704.00,54622.00
3336,35604.00,27712.00,101059.00,75058.00,50673.00,12452.00,208356.00,787027.00,66836.00
3337,31780.00,24710.00,90791.00,74106.00,53066.00,13144.00,226495.00,817671.00,57600.00
3338,47353.00,29156.00,97474.00,52795.00,28961.00,12607.00,205110.00,793550.00,54462.00
3339,35717.00,27718.00,114528.00,68207.00,58681.00,12521.00,208509.00,787464.00,65098.00
3340,34532.00,24572.00,86252.00,53581.00,51289.00,12511.00,205275.00,793165.00,54602.00
3341,35992.00,27705.00,98487.00,52800.00,28918.00,12494.00,205293.00,813721.00,57579.00
3342,37398.00,29091.00,129464.00,86684.00,58909.00,13357.00,246774.00,803990.00,64627.00
3343,31827.00,24527.00,87230.00,53557.00,51285.00,12544.00,205280.00,793667.00,54696.00
3344,35582.00,27603.00,97925.00,52694.00,28931.00,12526.00,205378.00,793535.00,63965.00
3345,31769.00,24589.00,86957.00,53531.00,52384.00,12570.00,208396.00,787659.00,68192.00
3346,31609.00,24706.00,87538.00,53419.00,51489.00,12540.00,205281.00,836718.00,54576.00
3347,35841.00,27760.00,97607.00,52982.00,28948.00,12533.00,205054.00,793720.00,79250.00
3348,31734.00,24663.00,87338.00,53555.00,56515.00,15698.00,205289.00,790033.00,66325.00
3349,31761.00,24636.00,86740.00,53518.00,51624.00,12520.00,205252.00,825759.00,65635.00
3350,35811.00,27630.00,97886.00,52806.00,28886.00,12485.00,205266.00,802161.00,68144.00
3351,31666.00,24654.00,87517.00,53414.00,62721.00,12602.00,205263.00,789874.00,66451.00
3352,31613.00,24582.00,87123.00,53470.00,52239.00,12643.00,205273.00,793859.00,54400.00
3353,35679.00,27639.00,98605.00,52685.00,28879.00,12515.00,205307.00,793043.00,76722.00
3354,31746.00,24472.00,87664.00,53591.00,55841.00,15670.00,252923.00,827675.00,68626.00
3355,31812.00,24559.00,87210.00,53587.00,51597.00,12552.00,205256.00,793491.00,54442.00
3356,35787.00,27754.00,98071.00,65022.00,51346.00,12529.00,205516.00,793812.00,66385.00
3357,31768.00,24600.00,87347.00,58051.00,51387.00,12625.00,205547.00,790035.00,64877.00
3358,31530.00,24520.00,86768.00,53663.00,51357.00,12549.00,205250.00,793560.00,54500.00
3359,35712.00,27652.00,99037.00,65083.00,51705.00,12454.00,205253.00,794315.00,65643.00
3360,31834.00,24659.00,87195.00,56324.00,52723.00,12578.00,205262.00,790642.00,64919.00
3361,31703.00,24596.00,87051.00,53492.00,52413.00,12506.00,205271.00,793264.00,54267.00
3362,35572.00,27632.00,98653.00,65106.00,51349.00,12583.00,205094.00,838096.00,65971.00
3363,31794.00,24539.00,89917.00,73864.00,71740.00,12634.00,205269.00,793871.00,54496.00
3364,35737.00,27734.00,98173.00,52762.00,28840.00,12539.00,205265.00,793258.00,54536.00
3365,35802.00,27846.00,113301.00,66362.00,50950.00,12565.00,208550.00,787398.00,65423.00
3366,31619.00,24576.00,89396.00,53633.00,50541.00,12542.00,205091.00,827954.00,81597.00
3367,38563.00,29858.00,113741.00,55517.00,30444.00,13233.00,216212.00,833713.00,54709.00
3368,31846.00,37190.00,102446.00,66307.00,52306.00,12497.00,208670.00,786948.00,76422.00
3369,31546.00,24583.00,86772.00,53593.00,51086.00,12423.00,205258.00,811751.00,57432.00
3370,37554.00,29189.00,102769.00,55544.00,30254.00,13309.00,221001.00,812167.00,79217.00
3371,34774.00,26907.00,95477.00,58777.00,55988.00,13279.00,220797.00,789841.00,65798.00
3372,31469.00,24435.00,87089.00,53579.00,51930.00,12566.00,222811.00,885168.00,57542.00
3373,48284.00,29087.00,111826.00,67264.00,51281.00,12499.00,208049.00,787079.00,74433.00
3374,31800.00,24568.00,90247.00,53517.00,50797.00,12541.00,205259.00,850109.00,57472.00
3375,46497.00,29140.00,97593.00,52802.00,28947.00,12491.00,205561.00,831394.00,55066.00
3376,31730.00,37131.00,87036.00,53510.00,50915.00,12630.00,208635.00,787278.00,67403.00
3377,31707.00,24545.00,87312.00,53602.00,53145.00,12419.00,205240.00,792740.00,54599.00
3378,35733.00,27563.00,98795.00,52739.00,28855.00,12571.00,205267.00,842711.00,59267.00
3379,37513.00,40298.00,103453.00,55571.00,40474.00,12586.00,209065.00,787323.00,66780.00
3380,31716.00,24585.00,86611.00,53544.00,51015.00,12564.00,205266.00,793217.00,54530.00
3381,35940.00,27374.00,97852.00,52806.00,28797.00,12542.00,205267.00,793499.00,55246.00
3382,31717.00,35051.00,86608.00,53578.00,50624.00,12582.00,208418.00,787153.00,67514.00
3383,31691.00,24436.00,87081.00,53597.00,50518.00,12494.00,205255.00,793668.00,54576.00
3384,35752.00,27568.00,98468.00,52876.00,28921.00,12560.00,205284.00,793836.00,71137.00
3385,35629.00,30335.00,97627.00,52786.00,28888.00,12612.00,209312.00,800609.00,52127.00
3386,36957.00,24673.00,111367.00,67642.00,53121.00,12455.00,205286.00,795563.00,54585.00
3387,35864.00,27723.00,97462.00,52846.00,28995.00,12662.00,205377.00,812767.00,57589.00
3388,45360.00,29257.00,112267.00,81223.00,61033.00,12602.00,239626.00,808195.00,74169.00
3389,31690.00,24545.00,87290.00,53475.00,56830.00,12666.00,205250.00,794169.00,54689.00
3390,35706.00,27696.00,97798.00,52766.00,28843.00,12632.00,205433.00,800642.00,64560.00
3391,31793.00,24649.00,87486.00,53545.00,54464.00,12529.00,224039.00,891773.00,54764.00
3392,35540.00,27638.00,98225.00,52786.00,28833.00,12605.00,205301.00,793171.00,54679.00
3393,35687.00,27625.00,100847.00,72618.00,50917.00,12528.00,208416.00,787823.00,64655.00
3394,31754.00,24536.00,89996.00,53485.00,51228.00,12568.00,205260.00,789848.00,65821.00
3395,31651.00,24671.00,87039.00,53530.00,51904.00,12541.00,205267.00,793233.00,54526.00
3396,35670.00,27571.00,110961.00,67805.00,57491.00,12560.00,208364.00,787402.00,65536.00
3397,31698.00,24629.00,90216.00,53574.00,50236.00,12571.00,205271.00,793677.00,54419.00
3398,35757.00,27734.00,99035.00,52676.00,28855.00,12517.00,249474.00,802115.00,54894.00
3399,35715.00,27710.00,113274.00,68587.00,59855.00,12588.00,208717.00,787234.00,74081.00
3400,34679.00,24657.00,86880.00,53487.00,60510.00,12572.00,205254.00,820227.00,57460.00
3401,37556.00,29148.00,109839.00,52715.00,28841.00,12697.00,205500.00,793399.00,54627.00
3402,42493.00,27675.00,102113.00,66352.00,50561.00,12511.00,208381.00,787631.00,68723.00
3403,31810.00,24649.00,87497.00,53498.00,51887.00,12502.00,205274.00,886432.00,54670.00
3404,35767.00,27903.00,97832.00,52739.00,28985.00,12543.00,205589.00,793373.00,72591.00
3405,31785.00,24432.00,87167.00,53555.00,50885.00,15879.00,205282.00,787447.00,72987.00
3406,31713.00,24497.00,87237.00,53553.00,52651.00,12600.00,205265.00,793734.00,54662.00
3407,35692.00,27485.00,98156.00,52852.00,28957.00,12557.00,205260.00,793859.00,64590.00
3408,31770.00,24615.00,88293.00,53474.00,51057.00,12541.00,208297.00,787320.00,68003.00
3409,31729.00,24500.00,86605.00,53447.00,51439.00,12499.00,205241.00,793658.00,54432.00
3410,35760.00,27723.00,98730.00,52764.00,28814.00,12529.00,205254.00,793960.00,54552.00
3411,31769.00,36472.00,102307.00,67095.00,50464.00,12559.00,208450.00,787351.00,68752.00
3412,31859.00,24644.00,86816.00,53508.00,51072.00,12502.00,205285.00,793426.00,54450.00
3413,35749.00,27649.00,98480.00,52889.00,28817.00,12613.00,205293.00,835585.00,55840.00
3414,31872.00,34781.00,87411.00,53675.00,50839.00,12544.00,239265.00,819891.00,85052.00
3415,35637.00,27720.00,97808.00,60203.00,67064.00,13547.00,235319.00,836497.00,70932.00
3416,37502.00,29082.00,117355.00,98592.00,98169.00,16959.00,231949.00,823785.00,90511.00
3417,34862.00,26938.00,95695.00,58754.00,79467.00,12602.00,205250.00,836055.00,54770.00
3418,35607.00,27736.00,98197.00,67156.00,52415.00,12562.00,205237.00,792047.00,66574.00
3419,31587.00,24563.00,90213.00,53573.00,59690.00,12559.00,205253.00,790969.00,76237.00
3420,31490.00,24530.00,86876.00,53623.00,56606.00,12668.00,205254.00,869796.00,54704.00
3421,35691.00,27730.00,113616.00,67807.00,56510.00,12514.00,207999.00,787153.00,64582.00
3422,34632.00,24489.00,87439.00,53453.00,52663.00,12587.00,205041.00,793658.00,54576.00
3423,35763.00,27652.00,97675.00,52736.00,28938.00,12576.00,205035.00,839638.00,54851.00
3424,43675.00,27675.00,102005.00,67033.00,51236.00,12575.00,208319.00,786952.00,68752.00
3425,31745.00,24581.00,87518.00,53563.00,50930.00,12647.00,205233.00,822405.00,57451.00
3426,35668.00,38427.00,97188.00,52824.00,28879.00,12566.00,205104.00,793745.00,56081.00
3427,31745.00,34548.00,87163.00,53561.00,51149.00,12558.00,208479.00,787914.00,71518.00
3428,34655.00,41809.00,96126.00,75642.00,53349.00,13663.00,226804.00,851820.00,54826.00
3429,35668.00,27803.00,98152.00,53946.00,64591.00,12541.00,205250.00,793686.00,76765.00
3430,31653.00,24692.00,87284.00,73688.00,53474.00,13211.00,216055.00,827619.00,69903.00
3431,34808.00,26941.00,102733.00,53457.00,50547.00,12561.00,205244.00,835403.00,84038.00
3432,37289.00,29137.00,122349.00,72559.00,77298.00,12596.00,233097.00,849976.00,71457.00
3433,35638.00,27679.00,97822.00,60219.00,53513.00,13514.00,238727.00,871870.00,57950.00
3434,46815.00,29102.00,101521.00,75356.00,76875.00,13294.00,220571.00,870996.00,83177.00
3435,35652.00,27571.00,107413.00,66388.00,50578.00,12521.00,205270.00,834134.00,54679.00
3436,35736.00,27770.00,99919.00,78951.00,51030.00,12577.00,224613.00,808883.00,65338.00
3437,31840.00,24625.00,108724.00,58789.00,60282.00,13197.00,221053.00,819626.00,57711.00
3438,46408.00,29089.00,97833.00,52933.00,28862.00,12512.00,205015.00,834415.00,55421.00
3439,31914.00,37166.00,86728.00,53406.00,66677.00,13184.00,247947.00,850767.00,88511.00
3440,35552.00,27702.00,98092.00,60248.00,54595.00,24395.00,217303.00,793589.00,54490.00
3441,52040.00,27604.00,116835.00,74322.00,76306.00,23952.00,239120.00,860583.00,96483.00
3442,34861.00,26936.00,113815.00,60324.00,64534.00,13131.00,217458.00,794552.00,54591.00
3443,35794.00,27724.00,97513.00,65218.00,54506.00,12574.00,205504.00,793533.00,65141.00
3444,31517.00,24505.00,87113.00,56390.00,53995.00,12505.00,205264.00,790038.00,65083.00
3445,31679.00,24537.00,87553.00,53605.00,52292.00,12683.00,205580.00,838277.00,54755.00
3446,35791.00,27693.00,101436.00,71660.00,51060.00,12555.00,208172.00,787697.00,66203.00
3447,31806.00,24639.00,90266.00,53643.00,60316.00,12458.00,205270.00,793633.00,54621.00
3448,35775.00,27634.00,97618.00,52722.00,28868.00,12710.00,205264.00,793501.00,54510.00
3449,35721.00,27737.00,111000.00,68558.00,57199.00,12630.00,209532.00,788031.00,64535.00
3450,31893.00,24486.00,107188.00,58808.00,52864.00,13118.00,216121.00,834678.00,54576.00
3451,35649.00,27643.00,97863.00,69967.00,30399.00,13292.00,216233.00,865996.00,67910.00
3452,37510.00,29105.00,113138.00,52795.00,28984.00,12608.00,208832.00,787920.00,68057.00
3453,31642.00,24447.00,86886.00,53617.00,50452.00,12507.00,205244.00,793825.00,54494.00
3454,35787.00,27579.00,98064.00,52713.00,28805.00,12514.00,205249.00,793646.00,55686.00
3455,31759.00,36219.00,86730.00,53595.00,51055.00,12591.00,208390.00,787129.00,68407.00
3456,31835.00,24492.00,86494.00,53629.00,52286.00,12544.00,205458.00,793493.00,54698.00
3457,35715.00,27487.00,97796.00,52885.00,28903.00,12573.00,205590.00,797718.00,55109.00
3458,35644.00,27606.00,98353.00,52788.00,29594.00,18124.00,293117.00,871800.00,69858.00
3459,37554.00,28499.00,103276.00,58762.00,56803.00,13230.00,219187.00,841535.00,57936.00
3460,53612.00,29216.00,139548.00,57135.00,31302.00,13631.00,230179.00,860253.00,99970.00
3461,35622.00,27565.00,97883.00,60171.00,54589.00,13650.00,230656.00,837433.00,54717.00
3462,35630.00,27662.00,97674.00,64714.00,51611.00,12538.00,224347.00,833035.00,69755.00
3463,34954.00,26967.00,98074.00,58812.00,52455.00,13226.00,223706.00,866048.00,58960.00
3464,38608.00,29825.00,113794.00,57106.00,31273.00,13684.00,231208.00,859983.00,74811.00
3465,31729.00,24529.00,86477.00,53543.00,52369.00,12596.00,205064.00,806716.00,70360.00
3466,35030.00,27061.00,95840.00,68246.00,51866.00,12522.00,205253.00,836416.00,54599.00
3467,35722.00,27732.00,98868.00,80634.00,50283.00,12519.00,225424.00,811580.00,64775.00
3468,31557.00,24593.00,89538.00,53476.00,51273.00,12598.00,205473.00,793286.00,54823.00
3469,35644.00,27644.00,97583.00,52938.00,28924.00,12531.00,205640.00,871297.00,82835.00
3470,39745.00,30626.00,144430.00,57072.00,31280.00,13665.00,228154.00,862783.00,85465.00
3471,37765.00,29087.00,103331.00,63617.00,28972.00,12739.00,205335.00,937169.00,69204.00
3472,37731.00,29038.00,129302.00,67395.00,59145.00,12590.00,234015.00,835230.00,57764.00
3473,37598.00,28992.00,102836.00,55691.00,30487.00,13279.00,216675.00,833202.00,54708.00
3474,35719.00,27511.00,97854.00,55259.00,59833.00,12583.00,205523.00,847562.00,69837.00
3475,34681.00,27010.00,115453.00,60256.00,53441.00,13563.00,230150.00,889992.00,68530.00
3476,37539.00,29063.00,108964.00,52863.00,28799.00,12510.00,205427.00,849286.00,66883.00
3477,31788.00,24491.00,86896.00,53585.00,69977.00,13328.00,216232.00,825302.00,81119.00
3478,34934.00,27008.00,95141.00,67505.00,52103.00,12595.00,205255.00,833968.00,54617.00
3479,35666.00,27509.00,112166.00,68016.00,51037.00,12526.00,226723.00,806859.00,70406.00
3480,34868.00,24519.00,110230.00,58862.00,53094.00,13301.00,219372.00,834052.00,54723.00
3481,35594.00,27604.00,97566.00,52778.00,28862.00,12521.00,205504.00,833987.00,64472.00
3482,31725.00,24472.00,87258.00,53573.00,51735.00,12472.00,208153.00,787384.00,65678.00
3483,31692.00,24574.00,87186.00,53547.00,51350.00,12513.00,205272.00,793819.00,54634.00
3484,35793.00,27612.00,98810.00,52717.00,28915.00,12654.00,205245.00,793491.00,65319.00
3485,31778.00,24460.00,87157.00,53519.00,50442.00,12610.00,208538.00,787090.00,68401.00
3486,31852.00,24692.00,87318.00,53503.00,52119.00,12620.00,205267.00,794287.00,54344.00
3487,35731.00,27583.00,98521.00,52870.00,28840.00,12493.00,205267.00,884486.00,76987.00
3488,35692.00,37724.00,97310.00,60251.00,75857.00,13566.00,229036.00,802381.00,75437.00
3489,31729.00,24748.00,87258.00,53547.00,51850.00,12494.00,205080.00,834512.00,54850.00
3490,35747.00,27680.00,111626.00,66415.00,51104.00,12479.00,208590.00,787449.00,69486.00
3491,31634.00,24659.00,90241.00,53545.00,52314.00,12625.00,205243.00,793486.00,54569.00
3492,35599.00,27611.00,98038.00,52934.00,28783.00,12574.00,205223.00,793568.00,54413.00
3493,35478.00,27733.00,112382.00,67425.00,60361.00,12550.00,208468.00,787400.00,64928.00
3494,31552.00,24434.00,89826.00,53498.00,51032.00,12511.00,205269.00,795089.00,54570.00
3495,35568.00,27690.00,97894.00,52794.00,28905.00,12499.00,205277.00,793471.00,54795.00
3496,35816.00,27911.00,111999.00,67046.00,50427.00,12457.00,208387.00,787529.00,64900.00
3497,31754.00,24701.00,89532.00,53567.00,51605.00,12625.00,205324.00,793751.00,54715.00
3498,35624.00,27785.00,97189.00,52854.00,28897.00,12633.00,205365.00,793024.00,54713.00
3499,35710.00,27749.00,113027.00,66657.00,51196.00,12559.00,208669.00,787829.00,65499.00
3500,31775.00,24607.00,108269.00,58820.00,52790.00,13196.00,234586.00,897279.00,66054.00
3501,35468.00,27650.00,98378.00,52783.00,28950.00,12491.00,205268.00,794246.00,66009.00
3502,31785.00,24419.00,87375.00,53496.00,51141.00,12562.00,208539.00,787082.00,68871.00
3503,31855.00,24565.00,86473.00,53411.00,51622.00,12441.00,205269.00,793680.00,54430.00
3504,35807.00,27610.00,98662.00,52787.00,28874.00,12508.00,227282.00,815386.00,64339.00
3505,31481.00,24751.00,86678.00,53520.00,55784.00,12511.00,208433.00,787310.00,66972.00
3506,31985.00,24679.00,87413.00,53599.00,51901.00,12468.00,205129.00,797689.00,54766.00
3507,35695.00,27707.00,97463.00,52637.00,28932.00,12639.00,205441.00,793785.00,55854.00
3508,31916.00,34387.00,87692.00,53630.00,50665.00,12618.00,208564.00,787072.00,68207.00
3509,31808.00,24567.00,87015.00,53504.00,52061.00,12511.00,205260.00,793074.00,54538.00
3510,35549.00,27510.00,98001.00,52872.00,28772.00,12501.00,205279.00,793204.00,54564.00
3511,42936.00,27701.00,102749.00,67346.00,50457.00,12540.00,208391.00,789362.00,68149.00
3512,31774.00,24590.00,87148.00,53531.00,50779.00,12580.00,205385.00,853513.00,58927.00
3513,38447.00,29667.00,114231.00,65299.00,28832.00,12538.00,205265.00,793513.00,72394.00
3514,31677.00,24647.00,88128.00,53623.00,51504.00,15913.00,205255.00,790206.00,65563.00
3515,31916.00,24551.00,87182.00,53537.00,50587.00,12579.00,205247.00,793626.00,54576.00
3516,35819.00,27746.00,97706.00,70080.00,30449.00,13182.00,216058.00,828771.00,65654.00
3517,31848.00,24579.00,87462.00,53557.00,66512.00,12567.00,231102.00,812834.00,74808.00
3518,31765.00,24542.00,87503.00,53507.00,52526.00,12572.00,205496.00,859524.00,57553.00
3519,37574.00,29179.00,143069.00,72059.00,54899.00,13221.00,227541.00,787739.00,75672.00
3520,31655.00,27524.00,87260.00,53566.00,51832.00,12478.00,205267.00,793648.00,54530.00
3521,35731.00,27733.00,98595.00,52818.00,28845.00,12595.00,205247.00,793107.00,54475.00
3522,44688.00,27777.00,102336.00,67339.00,51052.00,12552.00,208422.00,788400.00,65320.00
3523,31694.00,27296.00,87217.00,53555.00,50388.00,12622.00,205270.00,793897.00,54612.00
3524,35867.00,27703.00,97634.00,52959.00,28865.00,12514.00,205282.00,793340.00,71686.00
3525,46782.00,29252.00,130835.00,73380.00,54211.00,23655.00,238406.00,841180.00,64931.00
3526,31912.00,24520.00,86893.00,53573.00,51923.00,12542.00,205265.00,836724.00,54424.00
3527,35726.00,27537.00,97828.00,65405.00,51823.00,12516.00,205251.00,791732.00,67669.00
3528,31709.00,24678.00,87021.00,56270.00,52064.00,12564.00,205353.00,790354.00,65432.00
3529,31612.00,24591.00,87383.00,53562.00,52459.00,12611.00,205061.00,793723.00,54603.00
3530,35640.00,27593.00,98124.00,65229.00,50713.00,12494.00,205229.00,792153.00,64479.00
3531,31827.00,24532.00,86793.00,56307.00,50693.00,12528.00,205249.00,789924.00,74270.00
3532,31657.00,24565.00,87109.00,53580.00,58936.00,12524.00,205269.00,793662.00,54410.00
3533,35738.00,27555.00,120212.00,52863.00,28880.00,12589.00,205078.00,796343.00,88799.00
3534,34637.00,26811.00,99918.00,58916.00,81024.00,12582.00,205248.00,793697.00,54482.00
3535,35574.00,27576.00,97986.00,52812.00,28788.00,12485.00,205259.00,793511.00,54465.00
3536,35759.00,27668.00,114783.00,66721.00,51759.00,12428.00,208449.00,787587.00,64881.00
3537,31492.00,24629.00,90119.00,53554.00,61386.00,12548.00,243937.00,888083.00,57397.00
3538,35689.00,38794.00,97640.00,52738.00,28889.00,12601.00,205288.00,822869.00,63918.00
3539,31677.00,24662.00,87769.00,53630.00,53161.00,12463.00,208638.00,787445.00,66350.00
3540,31872.00,24666.00,87036.00,53570.00,50909.00,12451.00,205264.00,793634.00,54528.00
3541,35728.00,27515.00,98439.00,52924.00,28900.00,12500.00,205272.00,794658.00,65371.00
3542,31892.00,24840.00,86986.00,53603.00,53864.00,12503.00,208546.00,787148.00,68779.00
3543,31618.00,24723.00,87374.00,53571.00,51631.00,12452.00,205253.00,793732.00,54680.00
3544,35660.00,27727.00,98429.00,52881.00,28746.00,12509.00,205264.00,825086.00,54956.00
3545,35566.00,27629.00,98574.00,52984.00,29021.00,12681.00,210494.00,787281.00,64577.00
3546,31606.00,27720.00,87179.00,53523.00,51006.00,12476.00,205248.00,793521.00,54565.00
3547,35781.00,27733.00,98478.00,52836.00,28871.00,12542.00,205317.00,793541.00,54407.00
3548,35581.00,27657.00,112533.00,66360.00,53946.00,12527.00,208512.00,787928.00,71997.00
3549,31683.00,24607.00,87170.00,53507.00,53095.00,12501.00,205279.00,822733.00,66939.00
3550,35651.00,27567.00,118023.00,55500.00,30401.00,13204.00,215827.00,841112.00,64854.00
3551,31674.00,24421.00,86853.00,53514.00,63618.00,29002.00,226301.00,790481.00,65230.00
3552,31733.00,24531.00,87335.00,53532.00,52270.00,12602.00,205279.00,793690.00,54623.00
3553,35726.00,27637.00,98523.00,53752.00,63125.00,12520.00,205343.00,796199.00,64579.00
3554,31589.00,24531.00,87472.00,56382.00,50759.00,12553.00,205242.00,790961.00,65957.00
3555,31867.00,24559.00,86876.00,53604.00,58292.00,12536.00,205260.00,793951.00,54678.00
3556,35595.00,27577.00,98569.00,54558.00,58358.00,12545.00,205250.00,797300.00,66097.00
3557,31711.00,24564.00,87283.00,56425.00,50798.00,12471.00,205253.00,790362.00,65692.00
3558,31860.00,24500.00,87673.00,53514.00,50960.00,12552.00,205261.00,793221.00,54534.00
3559,35822.00,27681.00,98197.00,53808.00,60355.00,12483.00,205262.00,797755.00,66021.00
3560,31620.00,24354.00,87772.00,56262.00,56227.00,12558.00,205256.00,790062.00,64642.00
3561,31661.00,24446.00,86572.00,53533.00,51869.00,12595.00,205329.00,793612.00,54754.00
3562,35664.00,27469.00,98521.00,73088.00,78395.00,13567.00,226443.00,824393.00,66722.00
3563,31866.00,24499.00,89907.00,73549.00,52526.00,13290.00,222683.00,818358.00,57535.00
3564,37567.00,29099.00,109242.00,52673.00,28864.00,12553.00,205521.00,793204.00,54895.00
3565,35569.00,27625.00,113501.00,67153.00,52067.00,12516.00,208623.00,787521.00,65292.00
3566,34451.00,24639.00,86923.00,53478.00,53215.00,12554.00,205397.00,793510.00,54650.00
3567,35487.00,27569.00,97525.00,52813.00,28929.00,12684.00,205450.00,794033.00,54506.00
3568,35759.00,27725.00,113546.00,68084.00,61086.00,12535.00,208509.00,787518.00,76024.00
3569,31699.00,27264.00,87386.00,53489.00,51498.00,12563.00,205449.00,793695.00,54616.00
3570,35636.00,27582.00,97884.00,52870.00,28890.00,12607.00,231158.00,815614.00,55065.00
3571,31777.00,35949.00,87311.00,53599.00,50523.00,12688.00,208452.00,787384.00,67325.00
3572,31786.00,24652.00,86346.00,53642.00,51159.00,12540.00,205571.00,793483.00,54721.00
3573,35900.00,27678.00,97860.00,52722.00,28883.00,12632.00,205572.00,793167.00,54833.00
3574,43724.00,27652.00,102293.00,68992.00,51407.00,12604.00,208171.00,879216.00,95834.00
3575,35878.00,27722.00,108548.00,58751.00,70844.00,12514.00,205373.00,829952.00,57435.00
3576,37654.00,29178.00,116779.00,73607.00,54008.00,13267.00,220206.00,818787.00,66502.00
3577,34213.00,24636.00,110829.00,58819.00,52456.00,13234.00,219531.00,821915.00,57613.00
3578,35909.00,38783.00,98564.00,52884.00,28883.00,12591.00,205062.00,896926.00,65340.00
3579,31892.00,24627.00,87629.00,53566.00,73562.00,13252.00,216194.00,860823.00,103876.00
3580,35637.00,27653.00,98343.00,60340.00,67816.00,13159.00,216052.00,852121.00,58011.00
3581,34909.00,37801.00,95033.00,58750.00,73340.00,13589.00,225503.00,867182.00,73020.00
3582,35692.00,27710.00,97753.00,69761.00,69465.00,12599.00,205384.00,884739.00,66613.00
3583,35638.00,27696.00,112947.00,67505.00,51386.00,12631.00,209334.00,788638.00,67410.00
3584,31902.00,24591.00,87108.00,53485.00,51118.00,12547.00,205311.00,793264.00,54817.00
3585,35791.00,27509.00,97726.00,52739.00,28942.00,12581.00,205295.00,794044.00,54700.00
3586,44204.00,27727.00,102321.00,66857.00,58771.00,12600.00,253289.00,830363.00,68532.00
3587,31802.00,24762.00,86820.00,53599.00,56937.00,12580.00,205248.00,795012.00,54583.00
3588,35721.00,27699.00,98600.00,52935.00,28849.00,12522.00,205235.00,836113.00,82947.00
3589,31647.00,24536.00,87241.00,53565.00,59567.00,12643.00,205279.00,790339.00,66348.00
3590,31622.00,24693.00,86719.00,53534.00,51627.00,12484.00,205320.00,793543.00,54559.00
3591,35604.00,27682.00,97822.00,52814.00,28816.00,12571.00,205254.00,801300.00,64733.00
3592,31655.00,24625.00,87322.00,53598.00,61302.00,12496.00,205266.00,830797.00,64788.00
3593,31573.00,24613.00,86711.00,53646.00,51392.00,12613.00,205480.00,793325.00,54946.00
3594,35757.00,27658.00,97703.00,54073.00,60870.00,12511.00,205261.00,796569.00,64592.00
3595,31931.00,24411.00,87104.00,56341.00,51643.00,12526.00,205280.00,791325.00,64641.00
3596,31768.00,24685.00,87389.00,53446.00,50759.00,12604.00,205287.00,793590.00,54465.00
3597,35775.00,27598.00,98665.00,53594.00,62512.00,12655.00,205265.00,796653.00,64572.00
3598,31871.00,24490.00,87058.00,56358.00,51410.00,12558.00,205281.00,850629.00,72261.00
3599,34881.00,27046.00,94981.00,58773.00,52921.00,13205.00,221784.00,793210.00,54692.00
3600,35744.00,27705.00,113324.00,68110.00,60611.00,12521.00,208474.00,787183.00,64630.00
3601,31717.00,24579.00,110904.00,58894.00,53222.00,13233.00,223837.00,792990.00,54661.00
3602,35460.00,27505.00,97668.00,52793.00,28929.00,12529.00,205177.00,793616.00,54520.00
3603,35566.00,27565.00,113554.00,66356.00,50349.00,12508.00,208528.00,786790.00,65138.00
3604,34503.00,24589.00,111335.00,58734.00,54241.00,13216.00,252534.00,797495.00,54835.00
3605,35590.00,27609.00,98177.00,52817.00,28899.00,12673.00,205583.00,793846.00,65596.00
3606,31784.00,24644.00,87134.00,53489.00,51614.00,12548.00,208305.00,787066.00,77062.00
3607,31945.00,24638.00,87110.00,53532.00,50665.00,12561.00,205276.00,1428958.00,243995.00
3608,118783.00,92228.00,202813.00,67241.00,50935.00,12590.00,205352.00,897331.00,64923.00
3609,31789.00,24577.00,96300.00,73409.00,53870.00,13384.00,223671.00,794096.00,54606.00
3610,52856.00,27646.00,119156.00,57201.00,31346.00,13574.00,230451.00,807085.00,54709.00
3611,44058.00,27610.00,102869.00,66340.00,51674.00,12484.00,209860.00,786873.00,76386.00
3612,31674.00,24632.00,87813.00,53516.00,51046.00,12565.00,205254.00,822632.00,57788.00
3613,47238.00,29091.00,98129.00,52823.00,28789.00,12629.00,230916.00,866458.00,69807.00
3614,42494.00,27101.00,86638.00,56104.00,51382.00,12570.00,205468.00,789338.00,71945.00
3615,31681.00,24513.00,86866.00,53594.00,51073.00,12565.00,205261.00,793618.00,54537.00
3616,35823.00,27649.00,98709.00,54655.00,58322.00,12613.00,205496.00,796691.00,65787.00
3617,31678.00,24591.00,87368.00,56484.00,50497.00,12584.00,205269.00,830029.00,55702.00
3618,35803.00,27569.00,97520.00,52839.00,29212.00,12698.00,205555.00,793611.00,54585.00
3619,35671.00,27530.00,97974.00,65125.00,60482.00,12544.00,205252.00,796504.00,54543.00
3620,35575.00,27596.00,98175.00,56261.00,28909.00,12641.00,205497.00,790734.00,64604.00
3621,31593.00,24620.00,86796.00,53598.00,52246.00,12487.00,205278.00,793469.00,54628.00
3622,35704.00,27750.00,98561.00,64948.00,51416.00,12588.00,205259.00,896645.00,75548.00
3623,31788.00,24698.00,90751.00,53636.00,51645.00,12465.00,205233.00,793385.00,54592.00
3624,35647.00,27750.00,98047.00,52812.00,28924.00,12552.00,205274.00,793152.00,54548.00
3625,35786.00,27693.00,112673.00,67911.00,51343.00,12551.00,227130.00,810115.00,65853.00
3626,51560.00,24480.00,105349.00,53439.00,50655.00,12479.00,205324.00,794012.00,54754.00
3627,35614.00,27563.00,97753.00,52792.00,28890.00,12561.00,205300.00,793501.00,54756.00
3628,43109.00,27491.00,102188.00,75182.00,50763.00,12580.00,208423.00,787642.00,68362.00
3629,31927.00,24567.00,86691.00,53552.00,50645.00,12523.00,205115.00,793386.00,54505.00
3630,35587.00,27564.00,98543.00,52799.00,28952.00,12523.00,205032.00,793416.00,54551.00
3631,43482.00,27742.00,102199.00,66323.00,50804.00,12551.00,208658.00,788600.00,64706.00
3632,31987.00,27375.00,87262.00,53513.00,53950.00,12585.00,205100.00,793338.00,54615.00
3633,35889.00,27526.00,98121.00,52755.00,28947.00,12694.00,204984.00,793160.00,54592.00
3634,44024.00,27762.00,102658.00,66422.00,51883.00,12526.00,208628.00,843485.00,97200.00
3635,35552.00,43191.00,106445.00,58831.00,69284.00,12629.00,205280.00,793437.00,54597.00
3636,35817.00,27735.00,98146.00,64785.00,58976.00,12535.00,205258.00,793985.00,65502.00
3637,31867.00,24461.00,87131.00,56291.00,50751.00,12579.00,205275.00,811385.00,70276.00
3638,34812.00,27168.00,95462.00,58727.00,72152.00,12674.00,236873.00,850891.00,59049.00
3639,38722.00,29969.00,125047.00,52793.00,28851.00,12630.00,208325.00,787527.00,70245.00
3640,31756.00,27211.00,87331.00,53629.00,51929.00,12537.00,205259.00,793135.00,54334.00
3641,35700.00,27702.00,98944.00,52850.00,28808.00,12576.00,205262.00,818930.00,59067.00
3642,38474.00,29842.00,122730.00,52824.00,28848.00,12620.00,208975.00,833579.00,68533.00
3643,31658.00,24684.00,87231.00,53641.00,51697.00,12525.00,205250.00,793568.00,54493.00
3644,35584.00,27628.00,98535.00,52839.00,28822.00,12513.00,205295.00,793157.00,54722.00
3645,31562.00,36347.00,87046.00,53529.00,51180.00,12497.00,208323.00,787164.00,69363.00
3646,31867.00,27191.00,86908.00,53526.00,52120.00,12610.00,205341.00,793682.00,54589.00
3647,35942.00,27932.00,115041.00,55520.00,30357.00,13229.00,245571.00,869081.00,66095.00
3648,31731.00,24526.00,87448.00,53495.00,89758.00,13158.00,216077.00,801386.00,65693.00
3649,31628.00,24619.00,87044.00,53492.00,52759.00,12536.00,205264.00,794047.00,54518.00
3650,35701.00,27771.00,98427.00,65017.00,50648.00,12514.00,205235.00,793268.00,65324.00
3651,31750.00,24462.00,86487.00,56708.00,61727.00,13223.00,216061.00,802423.00,69032.00
3652,31715.00,24684.00,87291.00,53524.00,52422.00,12528.00,205268.00,818358.00,57722.00
3653,37523.00,29006.00,123568.00,67528.00,52180.00,12467.00,208494.00,787370.00,65247.00
3654,31790.00,24554.00,89411.00,53511.00,51480.00,12578.00,205522.00,795693.00,54649.00
3655,35707.00,27564.00,97507.00,52847.00,28840.00,12493.00,205587.00,793548.00,54976.00
3656,35859.00,27663.00,111472.00,67112.00,54145.00,12553.00,208385.00,795421.00,54557.00
3657,35912.00,27556.00,100779.00,52749.00,28925.00,12531.00,205098.00,794279.00,54495.00
3658,35601.00,27691.00,97877.00,52833.00,28886.00,12556.00,205022.00,793294.00,54518.00
3659,35676.00,27586.00,112470.00,67451.00,55923.00,12522.00,250542.00,835581.00,64430.00
3660,31656.00,26965.00,87237.00,53539.00,50924.00,12566.00,205278.00,793533.00,54464.00
3661,35472.00,27532.00,98880.00,52739.00,28948.00,12546.00,205252.00,793383.00,54548.00
3662,44567.00,27602.00,101978.00,66106.00,50732.00,12484.00,208662.00,787604.00,64398.00
3663,31700.00,27496.00,108402.00,58828.00,55302.00,13175.00,216080.00,840672.00,57663.00
3664,37485.00,29178.00,102940.00,55558.00,30396.00,13197.00,216199.00,815591.00,64512.00
3665,31834.00,24620.00,86828.00,53563.00,56325.00,12536.00,205323.00,836167.00,70963.00
3666,34914.00,26888.00,94917.00,58815.00,68835.00,12473.00,205275.00,794032.00,54480.00
3667,35753.00,27571.00,98724.00,65484.00,52002.00,12508.00,205260.00,791839.00,65663.00
3668,31872.00,24763.00,87711.00,56311.00,60762.00,12628.00,205242.00,790026.00,66592.00
3669,31514.00,24449.00,87466.00,53578.00,50325.00,12604.00,205258.00,793319.00,54589.00
3670,35601.00,27504.00,98213.00,81169.00,50417.00,12526.00,208193.00,787016.00,64722.00
3671,31693.00,24594.00,89613.00,53653.00,50968.00,12607.00,205579.00,848377.00,59149.00
3672,38505.00,29630.00,115403.00,65341.00,28776.00,12485.00,205268.00,792732.00,54488.00
3673,35751.00,27639.00,115163.00,66254.00,48211.00,12567.00,208771.00,786955.00,65437.00
3674,34481.00,24663.00,87605.00,53602.00,50547.00,12473.00,205241.00,793328.00,54525.00
3675,35861.00,27606.00,98250.00,52646.00,28880.00,12514.00,205271.00,793214.00,54590.00
3676,35784.00,27743.00,113782.00,67559.00,50310.00,12489.00,228476.00,810240.00,65699.00
3677,31824.00,27126.00,87107.00,53526.00,50665.00,12564.00,205260.00,793628.00,54441.00
3678,35675.00,27690.00,98322.00,52719.00,28845.00,12510.00,205250.00,793280.00,54476.00
3679,45070.00,27571.00,102324.00,67416.00,53884.00,12519.00,208432.00,787535.00,64628.00
3680,31675.00,27317.00,87049.00,53488.00,51261.00,12579.00,205259.00,798248.00,54454.00
3681,35688.00,27585.00,97883.00,52882.00,28850.00,12618.00,205013.00,801141.00,61648.00
3682,35817.00,27757.00,98191.00,52924.00,28853.00,12527.00,209040.00,800175.00,55000.00
3683,39512.00,27681.00,97850.00,52927.00,28829.00,12584.00,205495.00,815296.00,57323.00
3684,37580.00,29038.00,120052.00,66284.00,30516.00,13257.00,242973.00,805357.00,64863.00
3685,31714.00,24708.00,86947.00,53460.00,57181.00,12600.00,208452.00,787558.00,67478.00
3686,31794.00,24746.00,87329.00,53586.00,50732.00,12542.00,205288.00,793659.00,54607.00
3687,35862.00,27458.00,98299.00,52845.00,28863.00,12564.00,205270.00,793773.00,54515.00
3688,31777.00,36592.00,101839.00,68212.00,55750.00,12566.00,208163.00,787439.00,68460.00
3689,34836.00,42025.00,95640.00,58723.00,52825.00,13249.00,219073.00,793564.00,54528.00
3690,35866.00,27714.00,98553.00,52838.00,28911.00,12517.00,205281.00,793935.00,65180.00
3691,31764.00,24714.00,87055.00,53502.00,52439.00,12520.00,208669.00,798559.00,76140.00
3692,119238.00,122317.00,328849.00,201245.00,109030.00,42199.00,375893.00,794838.00,54870.00
3693,35689.00,27644.00,97963.00,52950.00,28919.00,12585.00,205125.00,792861.00,54505.00
3694,35570.00,27593.00,110255.00,68440.00,50985.00,12577.00,210249.00,788648.00,75727.00
3695,31826.00,24596.00,90622.00,53600.00,51724.00,12612.00,205335.00,793793.00,72294.00
3696,38538.00,45284.00,105664.00,57106.00,31246.00,13626.00,240562.00,794152.00,54571.00
3697,35811.00,27855.00,112818.00,66020.00,50538.00,12561.00,208384.00,788736.00,67306.00
3698,31932.00,27321.00,86627.00,53538.00,50928.00,12506.00,205686.00,793438.00,54926.00
3699,35575.00,27549.00,97469.00,52935.00,28951.00,12586.00,205491.00,792959.00,54845.00
3700,35924.00,27490.00,112368.00,66670.00,50991.00,12506.00,208538.00,792693.00,54408.00
3701,52302.00,30971.00,103402.00,55482.00,30422.00,13288.00,223814.00,793484.00,54858.00
3702,35630.00,27431.00,97784.00,52795.00,28884.00,12552.00,205535.00,793938.00,54854.00
3703,42550.00,27657.00,102884.00,66338.00,50723.00,12618.00,208634.00,787100.00,67486.00
3704,31672.00,24465.00,87061.00,53618.00,50809.00,12465.00,205282.00,793440.00,54428.00
3705,35860.00,27619.00,98230.00,52800.00,28863.00,12576.00,205277.00,793380.00,54497.00
3706,42666.00,27600.00,102779.00,77672.00,51629.00,12556.00,208570.00,787121.00,67430.00
3707,31692.00,24530.00,87218.00,53547.00,50872.00,12530.00,205407.00,793271.00,54639.00
3708,35604.00,27651.00,98305.00,52802.00,28957.00,12525.00,205429.00,897548.00,67732.00
3709,34720.00,26985.00,102441.00,53547.00,93441.00,12605.00,205487.00,790248.00,65946.00
3710,31685.00,24524.00,87117.00,53470.00,50870.00,12465.00,205275.00,793921.00,54629.00
3711,35792.00,27796.00,98070.00,54187.00,63722.00,12482.00,205515.00,796687.00,65029.00
3712,31851.00,24714.00,87114.00,56340.00,50595.00,12548.00,205472.00,790253.00,64519.00
3713,31723.00,24579.00,86804.00,53571.00,51026.00,12530.00,205153.00,835701.00,54870.00
3714,35579.00,27532.00,97682.00,57378.00,61764.00,12576.00,205474.00,820918.00,74983.00
3715,31645.00,24546.00,90240.00,53595.00,50614.00,12590.00,205233.00,793870.00,54566.00
3716,35740.00,27681.00,97179.00,52675.00,28848.00,12551.00,205069.00,830367.00,67022.00
3717,35554.00,27667.00,111562.00,67866.00,58762.00,12548.00,208656.00,786866.00,66003.00
3718,31673.00,24647.00,89597.00,53483.00,51238.00,12551.00,205291.00,817361.00,88671.00
3719,50078.00,30090.00,146191.00,57100.00,31322.00,13603.00,235276.00,817744.00,73831.00
3720,31786.00,24384.00,86389.00,53538.00,53935.00,12650.00,205277.00,882647.00,78894.00
3721,31727.00,24612.00,86722.00,53561.00,52673.00,12651.00,205654.00,793749.00,54766.00
3722,35892.00,27501.00,100409.00,71646.00,50980.00,12474.00,208386.00,787291.00,65881.00
3723,31676.00,24535.00,89626.00,53723.00,50613.00,12479.00,205253.00,790901.00,64657.00
3724,31831.00,24693.00,86910.00,53455.00,59674.00,12533.00,205291.00,794000.00,54509.00
3725,35834.00,27762.00,103432.00,84311.00,50846.00,12529.00,208585.00,786941.00,65884.00
3726,31729.00,24536.00,108142.00,58814.00,53150.00,13233.00,225996.00,873450.00,54920.00
3727,35596.00,27706.00,97628.00,52815.00,28910.00,12494.00,205347.00,793132.00,54591.00
3728,41294.00,27830.00,102278.00,69638.00,64119.00,12532.00,208731.00,787324.00,68230.00
3729,31777.00,24427.00,86839.00,53479.00,51582.00,12613.00,205293.00,793063.00,54646.00
3730,35771.00,27656.00,98505.00,52781.00,28857.00,12587.00,205269.00,794094.00,54528.00
3731,44600.00,44584.00,112504.00,58753.00,63541.00,13601.00,225782.00,865964.00,70715.00
3732,31959.00,24632.00,87494.00,53568.00,50985.00,12509.00,205266.00,820308.00,57680.00
3733,46789.00,29098.00,115296.00,92186.00,51813.00,13247.00,236527.00,821690.00,66218.00
3734,51900.00,24620.00,95574.00,58756.00,53338.00,13280.00,220609.00,793228.00,54699.00
3735,35573.00,27705.00,98345.00,52710.00,28914.00,12637.00,205466.00,792900.00,54712.00
3736,31824.00,37190.00,102731.00,67340.00,50767.00,12722.00,207857.00,787085.00,67836.00
3737,44014.00,48340.00,100027.00,59392.00,86864.00,13761.00,222129.00,868777.00,54919.00
3738,35670.00,27709.00,134845.00,57060.00,31386.00,13817.00,234799.00,882200.00,59068.00
3739,37512.00,32445.00,106085.00,60270.00,54327.00,13788.00,232647.00,918747.00,67993.00
3740,35755.00,27552.00,98175.00,52799.00,28866.00,12604.00,205248.00,793614.00,65924.00
3741,31675.00,24616.00,87268.00,56577.00,57479.00,12557.00,205269.00,790014.00,64900.00
3742,31793.00,24610.00,87491.00,53487.00,53936.00,12570.00,205301.00,793319.00,54631.00
3743,35809.00,27707.00,98422.00,65433.00,50775.00,12487.00,205268.00,792124.00,66891.00
3744,31677.00,24702.00,87275.00,73537.00,52717.00,13201.00,216048.00,865021.00,59430.00
3745,49108.00,30062.00,112998.00,53180.00,28875.00,12535.00,205286.00,794013.00,54705.00
3746,35843.00,27526.00,112856.00,66376.00,52330.00,12568.00,208906.00,788334.00,64686.00
3747,31868.00,27355.00,87063.00,53589.00,51308.00,12555.00,205114.00,793276.00,54643.00
3748,35662.00,27651.00,97992.00,52773.00,28925.00,12593.00,205077.00,793457.00,54757.00
3749,35745.00,27646.00,113869.00,68150.00,53088.00,12543.00,208995.00,787432.00,65472.00
3750,31788.00,27418.00,87094.00,53502.00,51687.00,12526.00,205264.00,823682.00,54528.00
3751,35802.00,27639.00,98806.00,52830.00,28929.00,12568.00,205361.00,836996.00,54684.00
3752,31713.00,36355.00,86836.00,53613.00,58874.00,12623.00,208092.00,787429.00,69331.00
3753,31489.00,24630.00,87098.00,53575.00,59307.00,12534.00,205244.00,811870.00,57659.00
3754,37647.00,29208.00,102961.00,80293.00,30493.00,13179.00,216474.00,872826.00,66290.00
3755,31902.00,24583.00,87773.00,57704.00,75431.00,13367.00,216546.00,864670.00,73537.00
3756,34705.00,38720.00,95486.00,59043.00,54861.00,13978.00,216728.00,901156.00,62317.00
3757,35577.00,43918.00,97810.00,60263.00,61629.00,13685.00,221940.00,902204.00,71687.00
3758,35816.00,27723.00,114248.00,53572.00,50482.00,12491.00,205399.00,928961.00,65819.00
3759,31671.00,24728.00,87889.00,53630.00,50630.00,15474.00,236906.00,837627.00,84527.00
3760,35716.00,27597.00,97740.00,64774.00,52674.00,12470.00,205324.00,859815.00,55370.00
3761,35616.00,27765.00,112525.00,66543.00,51460.00,12559.00,231135.00,811705.00,65351.00
3762,51909.00,27062.00,97692.00,60308.00,54584.00,13573.00,227456.00,843860.00,66040.00
3763,35696.00,27455.00,99360.00,52713.00,28926.00,12592.00,205256.00,856969.00,64759.00
3764,31820.00,24533.00,86799.00,56436.00,65974.00,13617.00,221902.00,841128.00,72208.00
3765,35759.00,28429.00,111357.00,53515.00,61154.00,12476.00,205275.00,842331.00,54993.00
3766,44769.00,27514.00,102326.00,66762.00,51395.00,12615.00,235630.00,807335.00,94451.00
3767,35675.00,27766.00,97950.00,60234.00,81410.00,12496.00,205268.00,841163.00,54643.00
3768,35562.00,27594.00,98094.00,65765.00,51054.00,12501.00,205452.00,890127.00,66541.00
3769,34449.00,24690.00,112689.00,60341.00,53735.00,13537.00,221997.00,829457.00,68504.00
3770,35504.00,27648.00,98063.00,53199.00,28822.00,12579.00,205559.00,850752.00,77670.00
3771,31861.00,24604.00,87355.00,53587.00,54098.00,29103.00,222079.00,835136.00,71299.00
3772,35628.00,27773.00,98439.00,64356.00,51213.00,12634.00,205273.00,853449.00,54760.00
3773,35708.00,27505.00,113938.00,66480.00,51277.00,12587.00,227768.00,805580.00,65403.00
3774,31795.00,27457.00,110438.00,58823.00,55859.00,13228.00,219257.00,823835.00,67455.00
3775,35601.00,27556.00,98316.00,52848.00,28873.00,12562.00,205604.00,837167.00,85297.00
3776,31614.00,24569.00,87632.00,53428.00,82480.00,13229.00,216050.00,824192.00,70363.00
3777,34858.00,27048.00,105640.00,53534.00,51754.00,12520.00,205280.00,834694.00,54479.00
3778,35599.00,27806.00,111583.00,67493.00,50304.00,12574.00,246044.00,821641.00,65724.00
3779,34752.00,43274.00,95375.00,58775.00,53316.00,13210.00,216007.00,834090.00,54601.00
3780,35722.00,27726.00,98726.00,52811.00,28906.00,12547.00,205432.00,892046.00,75894.00
3781,31753.00,24592.00,87116.00,73363.00,60898.00,13691.00,241396.00,816093.00,57605.00
3782,48180.00,29129.00,97425.00,52857.00,28930.00,12688.00,205267.00,836245.00,54643.00
3783,35523.00,27513.00,113592.00,67420.00,52792.00,12616.00,230030.00,846419.00,94270.00
3784,34801.00,26965.00,96286.00,58726.00,81143.00,12645.00,205257.00,832797.00,54676.00
3785,35456.00,27580.00,97418.00,65117.00,50797.00,12510.00,205264.00,830749.00,65551.00
3786,31888.00,24504.00,106790.00,58807.00,52245.00,13209.00,223898.00,793533.00,54651.00
3787,35690.00,27695.00,97482.00,52772.00,28895.00,12541.00,205415.00,837395.00,55037.00
3788,35776.00,27700.00,114469.00,67650.00,55142.00,12610.00,209233.00,787272.00,69141.00
3789,34795.00,24604.00,86492.00,53637.00,51426.00,12494.00,205253.00,793559.00,54485.00
3790,35885.00,27781.00,98197.00,52866.00,28779.00,12514.00,205250.00,792621.00,54447.00
3791,35675.00,27797.00,114962.00,70727.00,50822.00,12556.00,208390.00,787467.00,66736.00
3792,34613.00,24632.00,86698.00,53617.00,50923.00,12512.00,246429.00,842495.00,54629.00
3793,35693.00,27643.00,97878.00,52817.00,28871.00,12564.00,205029.00,793478.00,65195.00
3794,31723.00,24676.00,86622.00,53451.00,51426.00,12508.00,208485.00,787135.00,68427.00
3795,31897.00,24618.00,86344.00,53494.00,51771.00,12526.00,205251.00,848317.00,59086.00
3796,38381.00,29994.00,116174.00,63128.00,30390.00,13236.00,225897.00,837516.00,68904.00
3797,31543.00,24553.00,87230.00,56663.00,64721.00,13166.00,226784.00,790227.00,77336.00
3798,31900.00,24607.00,87578.00,53566.00,56564.00,12610.00,205320.00,793721.00,54834.00
3799,35881.00,27751.00,100728.00,72054.00,50603.00,12597.00,208644.00,825192.00,66645.00
3800,31757.00,24660.00,110345.00,58815.00,54652.00,13175.00,225261.00,792597.00,54652.00
3801,35579.00,27839.00,98215.00,52761.00,28930.00,12536.00,205370.00,793476.00,54719.00
3802,35761.00,27585.00,114324.00,66315.00,51638.00,12723.00,208258.00,787728.00,64758.00
3803,34424.00,24579.00,86803.00,53555.00,51452.00,12527.00,205279.00,793018.00,54592.00
3804,35669.00,27718.00,98564.00,52792.00,28846.00,12559.00,205279.00,842896.00,59202.00
3805,47672.00,29841.00,124422.00,95295.00,53356.00,15988.00,230561.00,826386.00,79992.00
3806,31841.00,24555.00,87524.00,53607.00,51023.00,12499.00,205274.00,793926.00,54575.00
3807,35550.00,27749.00,98476.00,54686.00,59326.00,12512.00,205043.00,871218.00,58019.00
3808,37681.00,29133.00,106982.00,65559.00,28901.00,12503.00,229437.00,824764.00,54891.00
3809,35741.00,27461.00,115707.00,55512.00,30573.00,13175.00,215915.00,823301.00,54776.00
3810,43046.00,27664.00,102249.00,66348.00,50563.00,12541.00,209348.00,787266.00,139168.00
3811,35814.00,27481.00,99065.00,60119.00,71996.00,13562.00,226382.00,807138.00,54725.00
3812,36034.00,27708.00,98210.00,65484.00,52046.00,12538.00,205592.00,834834.00,64536.00
3813,31608.00,24601.00,105896.00,58811.00,67075.00,12548.00,205258.00,793294.00,54423.00
3814,35741.00,27733.00,97857.00,52710.00,28798.00,12508.00,205299.00,793518.00,54552.00
3815,35664.00,27588.00,112239.00,67886.00,52235.00,12491.00,208387.00,787347.00,66488.00
3816,31784.00,24634.00,89666.00,53631.00,51189.00,12515.00,205298.00,819906.00,57660.00
3817,37558.00,29121.00,109725.00,52740.00,45659.00,23610.00,247893.00,861569.00,64811.00
3818,31537.00,24583.00,87404.00,53549.00,51403.00,12584.00,208430.00,787642.00,66290.00
3819,31737.00,24608.00,86157.00,53502.00,51293.00,12565.00,205232.00,793316.00,54583.00
3820,35843.00,27409.00,98248.00,52823.00,28923.00,12530.00,205265.00,793315.00,55657.00
3821,31679.00,34510.00,87376.00,53509.00,50376.00,12578.00,208380.00,788882.00,67193.00
3822,31785.00,24510.00,86849.00,53555.00,51451.00,12595.00,205277.00,793762.00,54799.00
3823,35736.00,27604.00,97474.00,52755.00,28842.00,12591.00,205303.00,793731.00,54731.00
3824,43234.00,27792.00,102113.00,68208.00,60393.00,12485.00,208349.00,787056.00,68244.00
3825,34759.00,41015.00,95292.00,58762.00,53734.00,13140.00,220387.00,793219.00,54615.00
3826,35658.00,27584.00,98903.00,52833.00,28899.00,12609.00,205254.00,792934.00,65186.00
3827,31618.00,24586.00,87526.00,53542.00,52413.00,12548.00,207652.00,787691.00,77252.00
3828,31933.00,24561.00,87376.00,53533.00,51471.00,12510.00,205243.00,799734.00,54610.00
3829,35695.00,27550.00,115317.00,55560.00,30405.00,13167.00,237443.00,854460.00,77607.00
3830,34837.00,41455.00,95611.00,61356.00,53756.00,13177.00,216114.00,800495.00,75663.00
3831,31811.00,24665.00,88057.00,53517.00,52182.00,12563.00,205297.00,793645.00,54583.00
3832,35857.00,27671.00,100280.00,77399.00,51229.00,12502.00,208343.00,787437.00,66213.00
3833,31930.00,24406.00,90216.00,53506.00,59499.00,12620.00,205242.00,793436.00,54512.00
3834,35639.00,27715.00,98117.00,52837.00,28851.00,12517.00,205284.00,836013.00,54945.00
3835,35656.00,27555.00,111681.00,85008.00,52572.00,12514.00,208624.00,787188.00,68763.00
3836,34333.00,24402.00,86858.00,53468.00,50930.00,12495.00,205286.00,793306.00,54604.00
3837,35816.00,27678.00,98351.00,52733.00,28843.00,12516.00,205286.00,836565.00,54838.00
3838,35722.00,27489.00,115050.00,68126.00,51481.00,12524.00,230556.00,804664.00,68848.00
3839,31723.00,24515.00,87206.00,53622.00,50442.00,12601.00,205254.00,793303.00,54706.00
3840,35660.00,27768.00,98078.00,52707.00,28854.00,12552.00,205269.00,793654.00,54463.00
3841,31627.00,37272.00,102121.00,67228.00,52544.00,12482.00,208355.00,897604.00,73006.00
3842,35588.00,27806.00,98037.00,69658.00,76236.00,12591.00,205283.00,793180.00,54619.00
3843,35585.00,27633.00,99686.00,77677.00,51286.00,12544.00,208436.00,787433.00,75414.00
3844,31565.00,24631.00,90299.00,53539.00,55886.00,12561.00,205262.00,793277.00,54531.00
3845,35827.00,27547.00,98101.00,52837.00,28873.00,12516.00,205238.00,793974.00,54515.00
3846,35816.00,27495.00,101309.00,83256.00,51180.00,12482.00,208257.00,789258.00,65502.00
3847,31712.00,24750.00,89714.00,53561.00,53642.00,12581.00,205613.00,793948.00,54393.00
3848,35688.00,27690.00,98038.00,52815.00,28808.00,12502.00,205277.00,793552.00,54404.00
3849,35709.00,27511.00,111280.00,66217.00,50796.00,12578.00,208026.00,788495.00,64569.00
3850,31744.00,24504.00,89325.00,53468.00,51184.00,12544.00,205245.00,815657.00,57553.00
3851,37452.00,29210.00,112744.00,52713.00,28845.00,12613.00,205055.00,793105.00,54498.00
3852,35699.00,27659.00,112612.00,67856.00,51309.00,12520.00,208412.00,786940.00,66450.00
3853,31772.00,24710.00,90051.00,53542.00,50463.00,12448.00,205270.00,840208.00,59259.00
3854,38448.00,29925.00,115130.00,55602.00,30457.00,13174.00,216124.00,793861.00,54609.00
3855,43027.00,27756.00,102417.00,66204.00,51793.00,12615.00,208381.00,787093.00,67881.00
3856,31899.00,24637.00,87552.00,53514.00,51623.00,12463.00,205266.00,793779.00,54584.00
3857,35701.00,27594.00,98046.00,52695.00,28939.00,12497.00,205246.00,793422.00,54663.00
3858,43580.00,27694.00,102360.00,68029.00,55948.00,12612.00,208391.00,788739.00,67804.00
3859,31651.00,24575.00,86631.00,53614.00,50521.00,12489.00,205289.00,793335.00,54520.00
3860,35542.00,27615.00,98330.00,52914.00,28876.00,12545.00,205271.00,793340.00,54474.00
3861,35778.00,27604.00,112666.00,66118.00,50672.00,12522.00,208381.00,788478.00,64486.00
3862,31828.00,27121.00,87274.00,53551.00,51503.00,12615.00,205252.00,840784.00,54868.00
3863,35863.00,27643.00,98107.00,52790.00,28943.00,12549.00,205356.00,838374.00,64722.00
3864,31724.00,24427.00,87077.00,53536.00,50871.00,12550.00,209008.00,787326.00,67456.00
3865,31745.00,24641.00,87583.00,53583.00,51562.00,12568.00,205453.00,793234.00,54670.00
3866,35818.00,27607.00,97797.00,52790.00,28894.00,12557.00,227186.00,904952.00,69404.00
3867,31856.00,24524.00,87680.00,56616.00,50734.00,12583.00,205453.00,790832.00,64525.00
3868,31635.00,24518.00,87479.00,53590.00,52047.00,12652.00,205233.00,793285.00,54530.00
3869,35555.00,27653.00,98508.00,55117.00,59335.00,12546.00,205248.00,795639.00,66661.00
3870,31838.00,24621.00,87165.00,56332.00,60686.00,12623.00,205461.00,874518.00,81469.00
3871,34644.00,26875.00,101025.00,53537.00,50412.00,12600.00,205591.00,793256.00,54804.00
3872,35643.00,27717.00,114420.00,68139.00,51116.00,12573.00,208416.00,787299.00,64401.00
3873,34386.00,24428.00,87280.00,53486.00,50762.00,12569.00,205268.00,792934.00,54767.00
3874,35912.00,27843.00,98079.00,52861.00,28915.00,12528.00,205256.00,793172.00,54711.00
3875,35797.00,27596.00,113652.00,75524.00,51643.00,12534.00,209080.00,787364.00,65559.00
3876,34810.00,24582.00,110203.00,58724.00,53306.00,13223.00,222108.00,816133.00,57593.00
3877,37383.00,29050.00,103096.00,55987.00,30519.00,13247.00,224321.00,794017.00,64927.00
3878,31732.00,24614.00,87286.00,53528.00,52303.00,12623.00,208591.00,902251.00,64542.00
3879,31762.00,24509.00,86791.00,53557.00,51113.00,12530.00,223205.00,942391.00,59172.00
3880,37624.00,29017.00,122028.00,73427.00,59300.00,13278.00,240630.00,856751.00,71419.00
3881,34861.00,27079.00,95337.00,67665.00,51884.00,12527.00,206278.00,836420.00,54922.00
3882,35570.00,27652.00,99187.00,79035.00,59877.00,12514.00,208475.00,816364.00,80848.00
3883,38176.00,26890.00,98414.00,53481.00,58000.00,12528.00,205352.00,794375.00,54695.00
3884,35533.00,27490.00,97509.00,52813.00,28847.00,12687.00,205289.00,819591.00,57593.00
3885,47832.00,29070.00,115761.00,66547.00,50368.00,12499.00,208590.00,787347.00,68385.00
3886,31657.00,24626.00,87056.00,53526.00,51032.00,12516.00,205258.00,793372.00,54588.00
3887,35554.00,27604.00,98169.00,52701.00,28907.00,12579.00,205259.00,793506.00,54719.00
3888,44237.00,27514.00,102115.00,90137.00,51787.00,12529.00,231827.00,805460.00,75711.00
3889,31647.00,24503.00,87360.00,53512.00,51358.00,12526.00,205247.00,1193786.00,85590.00
3890,35601.00,27638.00,448516.00,58886.00,53605.00,13150.00,235901.00,876693.00,54965.00
3891,35800.00,27768.00,113638.00,67200.00,50679.00,12669.00,229439.00,908518.00,70605.00
3892,34806.00,27260.00,96215.00,58803.00,69940.00,12588.00,205344.00,793748.00,54678.00
3893,35820.00,27734.00,98421.00,66852.00,51050.00,12547.00,205375.00,831452.00,76662.00
3894,31703.00,24616.00,107196.00,58765.00,54140.00,13224.00,223630.00,885924.00,69942.00
3895,35607.00,39151.00,97393.00,52999.00,28943.00,12557.00,205083.00,897132.00,69847.00
3896,38901.00,30025.00,120353.00,83199.00,30506.00,13349.00,216844.00,892114.00,58112.00
3897,46534.00,28953.00,98434.00,59645.00,31267.00,12680.00,247051.00,912524.00,54916.00
3898,35694.00,27547.00,112800.00,67880.00,60125.00,12634.00,205280.00,813356.00,70709.00
3899,34785.00,26991.00,103409.00,53490.00,54077.00,12479.00,205418.00,834561.00,54653.00
3900,35860.00,27604.00,115282.00,67899.00,59525.00,12555.00,230987.00,855076.00,96621.00
3901,35611.00,27612.00,97727.00,60275.00,55568.00,13662.00,247300.00,912417.00,55307.00
3902,35642.00,27729.00,113773.00,81214.00,50303.00,12614.00,208217.00,835586.00,69442.00
3903,31668.00,24600.00,86916.00,53586.00,51703.00,12540.00,221556.00,826600.00,54696.00
3904,35772.00,27772.00,98489.00,52739.00,28846.00,12560.00,205375.00,793234.00,63761.00
3905,31559.00,24611.00,87920.00,53477.00,57326.00,12574.00,208394.00,788352.00,75779.00
3906,31739.00,24593.00,86716.00,53557.00,51815.00,12641.00,205260.00,793260.00,54498.00
3907,35880.00,27710.00,98411.00,52865.00,28864.00,12499.00,205259.00,794115.00,64985.00
3908,31714.00,24566.00,86697.00,53532.00,50681.00,12534.00,208378.00,788143.00,67005.00
3909,31769.00,24653.00,86994.00,53553.00,51841.00,12527.00,205292.00,793419.00,54615.00
3910,35500.00,27758.00,98623.00,52744.00,28937.00,12543.00,205244.00,836732.00,55327.00
3911,31813.00,35128.00,87517.00,53487.00,58860.00,12572.00,208075.00,810603.00,72180.00
3912,34667.00,26964.00,95925.00,58808.00,54448.00,13235.00,217258.00,828966.00,54608.00
3913,35702.00,27664.00,98620.00,52696.00,28797.00,12559.00,205035.00,858500.00,71856.00
3914,34898.00,26912.00,116996.00,60273.00,77172.00,13696.00,237536.00,794050.00,54797.00
3915,35721.00,27654.00,97358.00,52745.00,28866.00,12605.00,205628.00,793474.00,54817.00
3916,35848.00,27558.00,113023.00,66033.00,50817.00,12490.00,208684.00,787378.00,64342.00
3917,31671.00,24584.00,90199.00,53557.00,50647.00,12553.00,205286.00,793411.00,54431.00
3918,35754.00,27737.00,97992.00,52890.00,28816.00,12577.00,205250.00,793180.00,54566.00
3919,35602.00,27576.00,112761.00,66019.00,51240.00,12616.00,208687.00,787003.00,65179.00
3920,31838.00,24575.00,91318.00,53498.00,58067.00,12478.00,205286.00,794010.00,54485.00
3921,35874.00,27790.00,98449.00,52797.00,28843.00,12512.00,205275.00,793607.00,54577.00
3922,35715.00,27692.00,112820.00,68309.00,56644.00,12465.00,208366.00,787327.00,65739.00
3923,31731.00,24449.00,90473.00,53500.00,50598.00,12541.00,205431.00,793715.00,54518.00
3924,35749.00,27690.00,98164.00,52817.00,28898.00,12652.00,205433.00,793699.00,54723.00
3925,35674.00,27487.00,113171.00,78049.00,51748.00,12525.00,227523.00,808885.00,64809.00
3926,35545.00,61463.00,97991.00,60243.00,66692.00,13529.00,235726.00,793562.00,54340.00
3927,35773.00,27716.00,98489.00,52793.00,28754.00,12622.00,205252.00,793412.00,63924.00
3928,31787.00,24499.00,87509.00,53618.00,51252.00,12476.00,208115.00,787039.00,69046.00
3929,31576.00,24716.00,86882.00,53507.00,51579.00,12510.00,205323.00,793150.00,54608.00
3930,35679.00,27607.00,98235.00,52749.00,28879.00,12568.00,205265.00,793191.00,55252.00
3931,31766.00,35703.00,87107.00,53536.00,51644.00,12627.00,208302.00,786954.00,68951.00
3932,31605.00,24563.00,86942.00,53591.00,51786.00,12474.00,205295.00,793241.00,54597.00
3933,35689.00,27657.00,99008.00,52764.00,28849.00,12601.00,205279.00,793500.00,54582.00
3934,43873.00,27663.00,102384.00,66667.00,51245.00,12601.00,208308.00,787292.00,64451.00
3935,31681.00,27233.00,87177.00,53619.00,50237.00,12559.00,205259.00,793322.00,54648.00
3936,35775.00,27635.00,98277.00,52867.00,28842.00,12466.00,205241.00,793344.00,54581.00
3937,44931.00,27549.00,102450.00,67835.00,54867.00,12501.00,208319.00,787195.00,65327.00
3938,49338.00,27472.00,95812.00,58792.00,53829.00,13172.00,220662.00,858310.00,59364.00
3939,48348.00,29832.00,102724.00,63584.00,28916.00,12569.00,205371.00,799917.00,64358.00
3940,31564.00,24623.00,86948.00,53557.00,52993.00,12611.00,205369.00,789500.00,72455.00
3941,31816.00,24533.00,86908.00,53526.00,52083.00,12478.00,205285.00,793666.00,54437.00
3942,35673.00,27647.00,98120.00,52777.00,28885.00,12569.00,205277.00,802429.00,65804.00
3943,31652.00,24510.00,87260.00,53493.00,54053.00,12603.00,205333.00,789505.00,65089.00
3944,31591.00,24649.00,87131.00,53492.00,50916.00,12624.00,205272.00,793658.00,54623.00
3945,35746.00,27521.00,97506.00,52787.00,28964.00,12590.00,205261.00,793578.00,63829.00
3946,31607.00,24598.00,86722.00,53583.00,55359.00,12595.00,208394.00,787191.00,66713.00
3947,31967.00,24724.00,86858.00,53529.00,52148.00,12469.00,205256.00,793248.00,54570.00
3948,35690.00,27593.00,98786.00,52824.00,28880.00,12524.00,205243.00,793694.00,55455.00
3949,31752.00,34716.00,86714.00,53538.00,50296.00,12528.00,208327.00,787595.00,67238.00
3950,31828.00,24569.00,87072.00,53610.00,51578.00,12552.00,205228.00,822134.00,74879.00
3951,38631.00,29917.00,105982.00,57210.00,31202.00,13584.00,230095.00,813681.00,66593.00
3952,31718.00,24648.00,87508.00,53506.00,60079.00,12556.00,205281.00,789757.00,64616.00
3953,31593.00,24601.00,87168.00,53630.00,51672.00,12572.00,205263.00,793528.00,54478.00
3954,35807.00,27651.00,98232.00,52701.00,28909.00,12592.00,205271.00,793500.00,104378.00
3955,34802.00,26890.00,95587.00,58750.00,56099.00,13128.00,224943.00,791273.00,94528.00
3956,34757.00,26777.00,95681.00,58848.00,53460.00,13192.00,224752.00,794950.00,54435.00
3957,35594.00,27709.00,110938.00,69717.00,57529.00,12570.00,208410.00,873696.00,99370.00
3958,34789.00,26999.00,106434.00,53524.00,52069.00,12585.00,205249.00,793328.00,54617.00
3959,35728.00,27557.00,98154.00,52776.00,28985.00,12498.00,205252.00,793191.00,54522.00
3960,31739.00,36273.00,87251.00,53617.00,55258.00,12485.00,208317.00,786935.00,78834.00
3961,31647.00,24519.00,87299.00,53548.00,51091.00,12492.00,205250.00,793612.00,54458.00
3962,35717.00,27612.00,99284.00,52670.00,28863.00,12545.00,205256.00,793659.00,54625.00
3963,43106.00,27588.00,102429.00,67891.00,50715.00,12584.00,246987.00,857420.00,66708.00
3964,31836.00,24591.00,86847.00,53528.00,60064.00,12592.00,205255.00,792932.00,54528.00
3965,35742.00,27868.00,98712.00,52832.00,28964.00,12586.00,205268.00,801088.00,64654.00
3966,31817.00,24573.00,87078.00,53583.00,61317.00,12594.00,205250.00,790755.00,64876.00
3967,31785.00,24491.00,87334.00,53584.00,51428.00,12647.00,205095.00,793620.00,54508.00
3968,35663.00,27673.00,97394.00,52834.00,28888.00,12624.00,205093.00,846783.00,65731.00
3969,31631.00,24517.00,86782.00,53609.00,54961.00,12617.00,205275.00,790173.00,65924.00
3970,31683.00,24590.00,87343.00,53636.00,52051.00,12505.00,205455.00,793179.00,54509.00
3971,35762.00,27691.00,98706.00,52762.00,28868.00,12574.00,205487.00,793439.00,70818.00
3972,31652.00,24650.00,87386.00,53600.00,50570.00,15468.00,205267.00,791147.00,83816.00
3973,31824.00,24612.00,87034.00,53591.00,51568.00,12608.00,205274.00,794501.00,54462.00
3974,35868.00,27707.00,98239.00,52847.00,28775.00,12463.00,205259.00,793455.00,78201.00
3975,31859.00,24652.00,87674.00,53564.00,51294.00,15542.00,205285.00,856346.00,71094.00
3976,35672.00,27565.00,106065.00,66392.00,52035.00,12537.00,205250.00,792871.00,54598.00
3977,35801.00,27411.00,98114.00,65311.00,51433.00,12468.00,205254.00,792665.00,65241.00
3978,48244.00,24450.00,98688.00,58797.00,53270.00,13224.00,216225.00,808432.00,54547.00
3979,35447.00,27609.00,97725.00,52826.00,28942.00,12644.00,205279.00,793697.00,54829.00
3980,35696.00,27658.00,111935.00,69234.00,51437.00,12545.00,208155.00,786762.00,65071.00
3981,31643.00,24668.00,89486.00,53532.00,50765.00,12532.00,205252.00,793259.00,54481.00
3982,35597.00,27686.00,98227.00,52994.00,28751.00,12565.00,205255.00,793598.00,54548.00
3983,35737.00,27679.00,111445.00,66595.00,50585.00,12522.00,208365.00,787489.00,66130.00
3984,31791.00,24613.00,89609.00,53479.00,51348.00,12561.00,205266.00,793312.00,54507.00
3985,35655.00,27631.00,97607.00,52782.00,28918.00,12528.00,205325.00,837191.00,55025.00
3986,35822.00,27804.00,112288.00,67402.00,64260.00,12514.00,207996.00,787519.00,65558.00
3987,34491.00,24537.00,87285.00,53513.00,50546.00,12561.00,205285.00,793233.00,54527.00
3988,35613.00,27654.00,98594.00,52784.00,45321.00,13107.00,234859.00,857239.00,55238.00
3989,31677.00,35313.00,86933.00,53631.00,50730.00,12454.00,239619.00,787052.00,67612.00
3990,31741.00,24702.00,86909.00,53490.00,52503.00,12599.00,205320.00,793468.00,54609.00
3991,35386.00,27629.00,97871.00,52760.00,28923.00,12476.00,205390.00,793478.00,55551.00
3992,31705.00,34910.00,86732.00,53554.00,50325.00,12506.00,208362.00,787621.00,67362.00
3993,31633.00,24582.00,86861.00,53520.00,51319.00,12524.00,205284.00,793358.00,54488.00
3994,35648.00,27575.00,97927.00,52739.00,28859.00,12514.00,205237.00,793533.00,54467.00
3995,44055.00,27567.00,102443.00,67297.00,52701.00,12616.00,208362.00,787161.00,66703.00
3996,31753.00,27378.00,87000.00,53485.00,50887.00,12683.00,205222.00,793667.00,54556.00
3997,35490.00,27614.00,98538.00,52846.00,28877.00,12476.00,205243.00,793420.00,54600.00
3998,44317.00,27705.00,103014.00,66744.00,50566.00,12587.00,208384.00,787328.00,72216.00
3999,31797.00,27346.00,86650.00,53408.00,51931.00,12605.00,205518.00,793614.00,54622.00
4000,35693.00,27642.00,97876.00,52857.00,28935.00,12492.00,205512.00,885951.00,64553.00
4001,31527.00,24499.00,87197.00,53499.00,54965.00,12568.00,233601.00,807026.00,64646.00
4002,31691.00,24529.00,86933.00,53512.00,52184.00,12564.00,205272.00,792753.00,54584.00
4003,35841.00,27700.00,98472.00,52736.00,28853.00,12491.00,205276.00,793326.00,78762.00
4004,31768.00,24649.00,87167.00,53570.00,58859.00,15487.00,205271.00,789985.00,64485.00
4005,31847.00,24561.00,87176.00,53524.00,51167.00,12436.00,205265.00,793870.00,54515.00
4006,35730.00,27654.00,97947.00,52852.00,28827.00,12575.00,205284.00,793752.00,65921.00
4007,31706.00,24538.00,87120.00,53544.00,51129.00,12425.00,208402.00,786601.00,67198.00
4008,31938.00,24801.00,86914.00,53525.00,51988.00,12575.00,205248.00,793969.00,71438.00
4009,37354.00,29151.00,102587.00,55617.00,30308.00,13209.00,220349.00,793917.00,64254.00
4010,31674.00,24523.00,86998.00,53570.00,50662.00,12529.00,208423.00,787105.00,68578.00
4011,31683.00,24553.00,86962.00,53592.00,52014.00,12541.00,205515.00,793317.00,54623.00
4012,35695.00,27834.00,98181.00,52765.00,28975.00,12630.00,205437.00,793420.00,54832.00
4013,31639.00,35838.00,87209.00,70878.00,58315.00,29633.00,226004.00,831016.00,90718.00
4014,34852.00,26973.00,95529.00,58696.00,69429.00,12486.00,205255.00,836074.00,54701.00
4015,35654.00,27616.00,99399.00,77802.00,54920.00,12580.00,208752.00,786924.00,65517.00
4016,31931.00,24489.00,89750.00,53519.00,57882.00,12466.00,205278.00,793813.00,54454.00
4017,35640.00,27693.00,98653.00,52689.00,28838.00,12518.00,205267.00,793362.00,54517.00
4018,35753.00,27558.00,111205.00,68321.00,52667.00,12501.00,208316.00,786960.00,67897.00
4019,31600.00,24529.00,89852.00,53455.00,59967.00,12520.00,205248.00,793236.00,54458.00
4020,35581.00,27590.00,98471.00,52714.00,28880.00,12460.00,205257.00,793222.00,54670.00
4021,35582.00,27653.00,111831.00,66309.00,51238.00,12523.00,208357.00,787345.00,66391.00
4022,31635.00,24583.00,89815.00,53503.00,51531.00,12555.00,205583.00,795792.00,54848.00
4023,35696.00,27521.00,97753.00,52788.00,28875.00,12570.00,205498.00,800802.00,54674.00
4024,35667.00,27664.00,110919.00,67046.00,51555.00,12536.00,207778.00,787215.00,66849.00
4025,31894.00,24472.00,88524.00,53480.00,51107.00,12590.00,224254.00,863804.00,54650.00
4026,35753.00,27750.00,97855.00,52815.00,28842.00,12585.00,205466.00,793745.00,54686.00
4027,35745.00,27762.00,112122.00,67209.00,54785.00,12451.00,229895.00,806844.00,67847.00
4028,31678.00,24615.00,87182.00,53522.00,52608.00,12504.00,205296.00,793496.00,54679.00
4029,35675.00,27661.00,98068.00,52925.00,28845.00,12580.00,205271.00,793248.00,54634.00
4030,41445.00,27651.00,102365.00,67083.00,51221.00,12537.00,208166.00,787045.00,69452.00
4031,31675.00,24462.00,87146.00,53657.00,52271.00,12588.00,205588.00,793207.00,54877.00
4032,35791.00,27594.00,97759.00,52960.00,28846.00,12565.00,222411.00,820776.00,65605.00
4033,31756.00,24553.00,86812.00,53550.00,57510.00,12491.00,208323.00,786928.00,68137.00
4034,31816.00,24515.00,87101.00,53492.00,51010.00,12448.00,205261.00,793697.00,54588.00
4035,35686.00,27451.00,98019.00,52783.00,28922.00,12602.00,205259.00,793611.00,54582.00
4036,31512.00,36863.00,102900.00,66731.00,56591.00,12559.00,208262.00,787892.00,67479.00
4037,31755.00,24621.00,87016.00,53544.00,51381.00,12581.00,205256.00,813001.00,73455.00
4038,38740.00,29725.00,105739.00,56951.00,31221.00,13674.00,230998.00,816340.00,65564.00
4039,31881.00,24661.00,87324.00,53613.00,61781.00,12596.00,205368.00,808494.00,70795.00
4040,34771.00,27083.00,95653.00,58687.00,53073.00,23404.00,205563.00,793276.00,54774.00
4041,35556.00,27649.00,98129.00,65927.00,57945.00,12540.00,248844.00,870076.00,87369.00
4042,35857.00,46342.00,97093.00,66427.00,78343.00,13552.00,222528.00,880644.00,59668.00
4043,38771.00,29978.00,150393.00,81328.00,30504.00,13209.00,221130.00,811975.00,68837.00
4044,31731.00,24616.00,111593.00,58839.00,61343.00,13271.00,222277.00,821167.00,66895.00
4045,35769.00,27678.00,98359.00,52745.00,29004.00,12591.00,205581.00,836786.00,55369.00
4046,31765.00,34993.00,86736.00,53670.00,51825.00,12572.00,232799.00,842128.00,100725.00
4047,34849.00,27044.00,95426.00,58748.00,70182.00,12632.00,205260.00,833289.00,54523.00
4048,35711.00,27795.00,100378.00,76346.00,58288.00,12466.00,226640.00,810408.00,64498.00
4049,31663.00,24423.00,113084.00,58887.00,53166.00,13126.00,223141.00,885525.00,57539.00
4050,47552.00,28979.00,98193.00,52923.00,28942.00,12593.00,205366.00,841988.00,65777.00
4051,31655.00,24600.00,87033.00,53569.00,73666.00,13257.00,216048.00,855491.00,75704.00
4052,34965.00,26919.00,138471.00,60316.00,54576.00,13541.00,232483.00,887198.00,69691.00
4053,35763.00,27820.00,98367.00,60239.00,58248.00,13579.00,222044.00,900641.00,60248.00
4054,38503.00,29828.00,115579.00,55630.00,30563.00,13212.00,215961.00,877768.00,68082.00
4055,40455.00,31126.00,105800.00,67729.00,30552.00,13194.00,219291.00,885222.00,57596.00
4056,37738.00,29214.00,102807.00,55594.00,30516.00,13182.00,233952.00,918383.00,57358.00
4057,37455.00,29211.00,113961.00,79490.00,50922.00,12572.00,230743.00,805333.00,68252.00
4058,34896.00,41356.00,96028.00,58704.00,52211.00,13150.00,217054.00,811644.00,57458.00
4059,37685.00,28997.00,102862.00,55503.00,30374.00,13319.00,215889.00,830221.00,73736.00
4060,31704.00,24561.00,87414.00,53392.00,52274.00,12507.00,205246.00,790324.00,66282.00
4061,31668.00,24565.00,87236.00,53505.00,62982.00,12415.00,205306.00,884411.00,54655.00
4062,35610.00,27569.00,110623.00,76598.00,51553.00,12594.00,208453.00,787074.00,65639.00
4063,31805.00,24454.00,90466.00,53530.00,50750.00,12546.00,205264.00,816589.00,57511.00
4064,37593.00,29149.00,102696.00,65921.00,28821.00,12543.00,205273.00,793280.00,54552.00
4065,35931.00,27551.00,114431.00,67482.00,54884.00,12465.00,228628.00,808236.00,65270.00
4066,31779.00,26591.00,87111.00,53555.00,50452.00,12650.00,205402.00,822672.00,57624.00
4067,46591.00,29124.00,97261.00,52967.00,28957.00,12578.00,205330.00,793060.00,55037.00
4068,31581.00,36144.00,87320.00,53523.00,51512.00,12473.00,208659.00,788105.00,64323.00
4069,34916.00,53130.00,113966.00,60373.00,54088.00,13636.00,227918.00,793938.00,54707.00
4070,35814.00,27503.00,97786.00,52746.00,28873.00,12572.00,205302.00,793127.00,63801.00
4071,31792.00,24576.00,86900.00,53530.00,51127.00,12525.00,208423.00,789215.00,67984.00
4072,31712.00,24621.00,87598.00,53466.00,51840.00,12505.00,205235.00,793835.00,54409.00
4073,35894.00,27558.00,98584.00,52741.00,28824.00,12576.00,205284.00,835112.00,64557.00
4074,47962.00,24557.00,116261.00,74683.00,66168.00,13506.00,231246.00,804048.00,64325.00
4075,31811.00,24625.00,86270.00,53616.00,52224.00,12539.00,205269.00,794042.00,54529.00
4076,35713.00,27605.00,98179.00,65204.00,65617.00,12497.00,205264.00,833216.00,66866.00
4077,31809.00,24515.00,108123.00,69311.00,51070.00,12542.00,232506.00,793288.00,54864.00
4078,35845.00,27567.00,97545.00,52783.00,28870.00,12633.00,205415.00,793701.00,54757.00
4079,35875.00,27633.00,113830.00,70818.00,58474.00,12503.00,208388.00,787378.00,66102.00
4080,34593.00,24550.00,87229.00,53547.00,50915.00,12542.00,205271.00,793091.00,54590.00
4081,35677.00,27752.00,98853.00,52881.00,28812.00,12533.00,205266.00,793521.00,54670.00
4082,35744.00,27920.00,114141.00,66486.00,50527.00,12569.00,208224.00,786987.00,64501.00
4083,34561.00,24499.00,87048.00,53564.00,51697.00,12542.00,205528.00,793271.00,54942.00
4084,35834.00,27603.00,97457.00,52704.00,28876.00,12523.00,205459.00,793263.00,54805.00
4085,35655.00,27581.00,114167.00,80041.00,51255.00,12511.00,208367.00,787582.00,96134.00
4086,35752.00,47215.00,97864.00,60237.00,76473.00,13530.00,238674.00,793685.00,54664.00
4087,35678.00,27521.00,97691.00,52676.00,28927.00,12561.00,205564.00,793603.00,76268.00
4088,31875.00,24611.00,87573.00,53593.00,51440.00,15656.00,205327.00,790694.00,95516.00
4089,35028.00,26958.00,95767.00,58675.00,57033.00,13167.00,216376.00,793560.00,54700.00
4090,35593.00,27490.00,97252.00,53850.00,65515.00,12479.00,205253.00,795047.00,70670.00
4091,31777.00,24548.00,86762.00,56274.00,51537.00,12541.00,205294.00,790195.00,65503.00
4092,31635.00,24646.00,87366.00,53538.00,52198.00,12674.00,205318.00,793060.00,54692.00
4093,35823.00,27555.00,98548.00,54579.00,58621.00,12548.00,205522.00,796084.00,65838.00
4094,31708.00,24511.00,87129.00,56315.00,50712.00,12537.00,205251.00,791468.00,64602.00
4095,31740.00,24528.00,87406.00,53552.00,52251.00,12563.00,205490.00,793326.00,54806.00
4096,35575.00,27445.00,98091.00,54030.00,61090.00,12591.00,205097.00,796112.00,64610.00
4097,31758.00,24746.00,86876.00,56313.00,51059.00,12547.00,205268.00,789823.00,65282.00
4098,31880.00,24630.00,87423.00,53510.00,51728.00,12476.00,205244.00,912268.00,58965.00
4099,37862.00,40208.00,124829.00,67185.00,60488.00,12460.00,208797.00,787283.00,64511.00
4100,34314.00,24577.00,87064.00,53491.00,50874.00,12606.00,205273.00,793214.00,54605.00
4101,35862.00,27669.00,99059.00,52791.00,28796.00,12449.00,205256.00,860696.00,57515.00
4102,44908.00,29144.00,121573.00,66304.00,51860.00,12543.00,250920.00,856008.00,72114.00
4103,34726.00,26869.00,105051.00,53633.00,51214.00,12527.00,227323.00,825824.00,54591.00
4104,35427.00,27758.00,112961.00,70810.00,51587.00,12651.00,208735.00,786990.00,84292.00
4105,54675.00,27091.00,98193.00,60268.00,71119.00,13587.00,230577.00,809843.00,54883.00
4106,35787.00,27749.00,98301.00,52731.00,28886.00,12560.00,205328.00,793765.00,66214.00
4107,31779.00,24498.00,87209.00,53512.00,50372.00,12539.00,208208.00,787849.00,68599.00
4108,31795.00,24615.00,86754.00,53538.00,51812.00,12531.00,205241.00,793883.00,54581.00
4109,35786.00,27620.00,98250.00,52819.00,28870.00,12556.00,205273.00,793218.00,54631.00
4110,42337.00,27665.00,102695.00,67773.00,57257.00,12484.00,208308.00,874827.00,64758.00
4111,31650.00,24592.00,87075.00,53531.00,51168.00,12628.00,205553.00,793819.00,54923.00
4112,35779.00,27597.00,97746.00,52832.00,28828.00,12617.00,205562.00,793108.00,71461.00
4113,31810.00,24593.00,87185.00,53569.00,64070.00,12625.00,205238.00,789895.00,64476.00
4114,31743.00,24629.00,86589.00,53538.00,52931.00,12523.00,205266.00,826421.00,65514.00
4115,35565.00,27888.00,98231.00,52830.00,28795.00,12528.00,205275.00,826265.00,70898.00
4116,31668.00,35490.00,87131.00,171702.00,52649.00,13294.00,224361.00,792447.00,54599.00
4117,35808.00,27672.00,98181.00,52809.00,28866.00,12581.00,205006.00,794184.00,54546.00
4118,35712.00,27681.00,113482.00,66810.00,50591.00,12527.00,208438.00,787816.00,65461.00
4119,31674.00,24645.00,89918.00,53532.00,50461.00,12430.00,205282.00,793728.00,54784.00
4120,35756.00,27555.00,98079.00,52814.00,28881.00,12550.00,205264.00,793649.00,54613.00
4121,35541.00,27691.00,114761.00,66879.00,50593.00,12517.00,208357.00,786849.00,65625.00
4122,31841.00,24490.00,90217.00,53708.00,51043.00,12484.00,205258.00,820850.00,57486.00
4123,35459.00,39352.00,115918.00,55683.00,30411.00,13283.00,236770.00,822954.00,65452.00
4124,31771.00,24703.00,87392.00,53609.00,50559.00,12524.00,208478.00,787082.00,75537.00
4125,31861.00,24530.00,87507.00,53487.00,50656.00,12529.00,205279.00,793727.00,54524.00
4126,35719.00,27571.00,98669.00,52858.00,28919.00,12508.00,205274.00,840522.00,65077.00
4127,31821.00,24563.00,87186.00,53533.00,51055.00,12541.00,252855.00,839312.00,64561.00
4128,31714.00,24489.00,86851.00,53687.00,52938.00,12531.00,205255.00,793565.00,54533.00
4129,35792.00,27696.00,98169.00,53474.00,61796.00,12554.00,205252.00,796697.00,78398.00
4130,31800.00,24452.00,87108.00,56298.00,51074.00,12566.00,205251.00,790112.00,65669.00
4131,31847.00,24663.00,87050.00,53577.00,51792.00,12553.00,205277.00,793278.00,54476.00
4132,35695.00,27620.00,98145.00,54855.00,58663.00,12549.00,205285.00,795877.00,64664.00
4133,31695.00,24508.00,87103.00,56347.00,57657.00,12525.00,205264.00,790256.00,65539.00
4134,31700.00,24737.00,86696.00,53570.00,52007.00,12528.00,205256.00,793084.00,54617.00
4135,35605.00,27580.00,115026.00,58756.00,79492.00,13524.00,226184.00,823421.00,65814.00
4136,31853.00,24703.00,89352.00,53589.00,51719.00,12514.00,205273.00,793623.00,54441.00
4137,35799.00,27769.00,98255.00,52739.00,28765.00,12532.00,205252.00,793654.00,54626.00
4138,35727.00,27690.00,111911.00,70064.00,50834.00,12583.00,208416.00,787301.00,72512.00
4139,31788.00,24494.00,89959.00,53528.00,51681.00,12553.00,205267.00,817089.00,57776.00
4140,37542.00,29070.00,111313.00,52736.00,28871.00,12583.00,205476.00,792947.00,54629.00
4141,35680.00,27622.00,113826.00,66211.00,51170.00,12509.00,208501.00,787301.00,65281.00
4142,34299.00,24477.00,87353.00,53598.00,54610.00,12476.00,205250.00,793594.00,54465.00
4143,35862.00,27729.00,98283.00,52795.00,28897.00,12511.00,205279.00,793554.00,54439.00
4144,35830.00,27566.00,113374.00,76940.00,50611.00,12549.00,208591.00,887966.00,84048.00
4145,35865.00,27691.00,106242.00,58858.00,78452.00,13272.00,232461.00,880296.00,54546.00
4146,35830.00,27520.00,111620.00,67797.00,78065.00,13163.00,241625.00,801784.00,68725.00
4147,31814.00,24751.00,87151.00,53629.00,51389.00,12449.00,228697.00,895490.00,54796.00
4148,35694.00,27623.00,97783.00,52800.00,28950.00,12569.00,205270.00,800475.00,65701.00
4149,31647.00,24596.00,87146.00,53495.00,53103.00,12576.00,205286.00,789793.00,64476.00
4150,31741.00,24561.00,87450.00,53516.00,51205.00,12532.00,205262.00,793277.00,54540.00
4151,35934.00,27898.00,98636.00,52834.00,28766.00,12586.00,205248.00,793495.00,73754.00
4152,31686.00,24495.00,87176.00,53504.00,51038.00,16720.00,231122.00,806892.00,65816.00
4153,31744.00,24530.00,87343.00,53579.00,59056.00,12532.00,205278.00,793373.00,54478.00
4154,35629.00,27612.00,97973.00,52727.00,28793.00,12534.00,205238.00,801984.00,66715.00
4155,31616.00,24594.00,87373.00,53503.00,62085.00,12589.00,205274.00,823190.00,71819.00
4156,34752.00,27037.00,98493.00,53530.00,51283.00,12496.00,205260.00,793351.00,54438.00
4157,35686.00,27739.00,98997.00,56246.00,58934.00,12492.00,205057.00,794105.00,64534.00
4158,31756.00,24494.00,86770.00,56188.00,51719.00,12628.00,205253.00,790137.00,64709.00
4159,31644.00,24676.00,87021.00,53499.00,52370.00,12547.00,205260.00,869826.00,67652.00
4160,35582.00,27512.00,103342.00,77184.00,50330.00,12509.00,208527.00,786970.00,68985.00
4161,31909.00,24613.00,90053.00,53628.00,51060.00,12496.00,205283.00,793431.00,54553.00
4162,35753.00,27649.00,98550.00,52815.00,28872.00,12541.00,205260.00,793640.00,54489.00
4163,35661.00,27678.00,112752.00,68266.00,57189.00,12448.00,208107.00,787487.00,65435.00
4164,32012.00,24620.00,90152.00,53612.00,50901.00,12524.00,205253.00,818052.00,57309.00
4165,37542.00,29097.00,112173.00,52720.00,28838.00,12632.00,205565.00,825240.00,54543.00
4166,35701.00,27554.00,112619.00,67709.00,50760.00,12537.00,208567.00,787197.00,65744.00
4167,31672.00,27277.00,86464.00,53606.00,51787.00,12510.00,205260.00,793923.00,54518.00
4168,35824.00,27682.00,98058.00,52799.00,28873.00,12409.00,205287.00,793058.00,54579.00
4169,44468.00,27511.00,102487.00,67999.00,60811.00,12569.00,208365.00,787326.00,65715.00
4170,31775.00,27364.00,87564.00,53502.00,51116.00,12623.00,205283.00,793949.00,54617.00
4171,35503.00,27487.00,97994.00,52840.00,28827.00,12485.00,205285.00,793501.00,54503.00
4172,44461.00,27659.00,127172.00,72648.00,52590.00,13166.00,245413.00,846153.00,66597.00
4173,31751.00,24354.00,87437.00,53525.00,51306.00,12583.00,205282.00,793823.00,54500.00
4174,35627.00,27495.00,98965.00,52801.00,28844.00,12601.00,205264.00,801249.00,66491.00
4175,31844.00,24480.00,87236.00,53535.00,59952.00,12596.00,205069.00,789749.00,65569.00
4176,31631.00,24535.00,86981.00,53544.00,51331.00,12640.00,205289.00,793766.00,54554.00
4177,35494.00,27719.00,98192.00,52778.00,28927.00,12582.00,205241.00,846231.00,69730.00
4178,31804.00,24617.00,86878.00,53475.00,51732.00,12558.00,205580.00,789573.00,66013.00
4179,49330.00,24611.00,95946.00,58797.00,52883.00,13235.00,226172.00,793630.00,54685.00
4180,35797.00,27503.00,98240.00,65209.00,50504.00,12625.00,204966.00,793158.00,65674.00
4181,31746.00,24583.00,87133.00,56296.00,50602.00,12503.00,205597.00,789904.00,65034.00
4182,31631.00,24576.00,87385.00,53458.00,50503.00,12548.00,205265.00,793496.00,54545.00
4183,35592.00,27721.00,97847.00,64958.00,51783.00,12647.00,205247.00,793870.00,65611.00
4184,31804.00,24500.00,87171.00,56281.00,50343.00,12586.00,205465.00,873502.00,75070.00
4185,31809.00,24532.00,87403.00,53547.00,52200.00,12588.00,205282.00,793200.00,54633.00
4186,35806.00,27603.00,112788.00,66401.00,50811.00,12515.00,208415.00,787426.00,64593.00
4187,31606.00,24649.00,89213.00,53584.00,50626.00,12596.00,205274.00,793277.00,54673.00
4188,35788.00,27550.00,98235.00,52840.00,28884.00,12482.00,205284.00,793316.00,54615.00
4189,35432.00,27566.00,112893.00,72231.00,50391.00,12489.00,208374.00,828995.00,54838.00
4190,39633.00,27820.00,123805.00,55515.00,30458.00,13179.00,243997.00,834959.00,57696.00
4191,37625.00,29057.00,111076.00,52806.00,28847.00,12476.00,222449.00,940185.00,102566.00
4192,31688.00,24684.00,114719.00,58759.00,52964.00,13212.00,223906.00,821726.00,57528.00
4193,47846.00,29127.00,97975.00,52785.00,28951.00,12588.00,205523.00,837422.00,55741.00
4194,31819.00,34580.00,87174.00,53554.00,50496.00,12467.00,232400.00,804984.00,96729.00
4195,34812.00,26978.00,95366.00,58781.00,53398.00,23191.00,205458.00,836939.00,54604.00
4196,35739.00,27565.00,98026.00,64921.00,52812.00,12542.00,205300.00,874753.00,82242.00
4197,34914.00,26964.00,97888.00,58730.00,57810.00,13162.00,216120.00,853003.00,69696.00
4198,37543.00,29155.00,103002.00,55676.00,30424.00,13166.00,216212.00,844874.00,70665.00
4199,34769.00,26774.00,95552.00,58732.00,58628.00,13216.00,216408.00,834686.00,71171.00
4200,34666.00,26970.00,95668.00,58754.00,53216.00,13220.00,215998.00,865377.00,59085.00
4201,48488.00,29809.00,122636.00,74615.00,52003.00,13213.00,240058.00,867939.00,83386.00
4202,35817.00,27671.00,97630.00,60221.00,66620.00,13599.00,228323.00,897555.00,59330.00
4203,38538.00,29805.00,136212.00,74862.00,61886.00,13230.00,240963.00,881267.00,57526.00
4204,37360.00,29194.00,102765.00,55619.00,40700.00,12578.00,205536.00,832740.00,54855.00
4205,35886.00,27649.00,100609.00,85413.00,53313.00,12627.00,207734.00,787254.00,65234.00
4206,31820.00,24614.00,108271.00,58793.00,54702.00,13133.00,223210.00,820105.00,57823.00
4207,37544.00,28943.00,109152.00,52926.00,28902.00,12602.00,205086.00,871750.00,59150.00
4208,35684.00,38408.00,98255.00,60179.00,53327.00,17875.00,231875.00,820511.00,69745.00
4209,34816.00,27017.00,95478.00,67259.00,63783.00,12524.00,205602.00,836276.00,54685.00
4210,35559.00,27737.00,98883.00,76348.00,50972.00,12545.00,225553.00,810157.00,74801.00
4211,31836.00,24570.00,112679.00,58819.00,56898.00,13252.00,219538.00,792593.00,54793.00
4212,35704.00,27756.00,97940.00,52679.00,28827.00,12622.00,205499.00,834623.00,54620.00
4213,43041.00,27753.00,102601.00,68677.00,51485.00,28633.00,237983.00,921814.00,70753.00
4214,34806.00,27007.00,102566.00,53549.00,52173.00,12535.00,205249.00,836458.00,54611.00
4215,35821.00,27552.00,134420.00,84238.00,51969.00,13232.00,250639.00,823757.00,95207.00
4216,34901.00,26971.00,96565.00,68990.00,51168.00,12638.00,205246.00,793451.00,54543.00
4217,35714.00,27763.00,98513.00,53203.00,64075.00,12539.00,205183.00,796132.00,64743.00
4218,31726.00,24750.00,87330.00,56406.00,58446.00,12587.00,205467.00,790042.00,65669.00
4219,31653.00,24534.00,87074.00,53549.00,51660.00,12500.00,205259.00,793847.00,72507.00
4220,37588.00,29034.00,103380.00,86080.00,81693.00,13146.00,239127.00,825023.00,64603.00
4221,35093.00,24624.00,87274.00,53507.00,51663.00,12663.00,205503.00,793283.00,54821.00
4222,35523.00,27722.00,97516.00,52793.00,28950.00,12637.00,205461.00,793409.00,54554.00
4223,35576.00,27561.00,114213.00,67741.00,50616.00,12602.00,208569.00,787282.00,64735.00
4224,34683.00,24724.00,87097.00,53470.00,52316.00,12506.00,205281.00,792861.00,54666.00
4225,35867.00,27561.00,98250.00,52841.00,28779.00,12600.00,205287.00,793367.00,54707.00
4226,35866.00,27750.00,114040.00,67712.00,52438.00,12537.00,208448.00,786964.00,65576.00
4227,34959.00,24550.00,111402.00,58758.00,52901.00,13180.00,224372.00,793053.00,54505.00
4228,35674.00,27526.00,97913.00,52868.00,28819.00,12646.00,205489.00,793347.00,54725.00
4229,43626.00,27665.00,102622.00,66486.00,50897.00,12494.00,207722.00,788842.00,76520.00
4230,31718.00,24588.00,86543.00,53571.00,51133.00,12493.00,205280.00,793680.00,54581.00
4231,35886.00,27653.00,97977.00,52724.00,28885.00,12553.00,205250.00,793428.00,54625.00
4232,43864.00,27537.00,102480.00,69652.00,74793.00,13319.00,240560.00,827526.00,66478.00
4233,31618.00,24552.00,87313.00,53576.00,58272.00,12606.00,205325.00,793765.00,54663.00
4234,35909.00,27595.00,97012.00,52756.00,28842.00,12606.00,205339.00,793715.00,72200.00
4235,31744.00,24408.00,87491.00,53568.00,50779.00,15791.00,205455.00,790000.00,65831.00
4236,31585.00,24596.00,87560.00,53554.00,51314.00,12590.00,205253.00,793617.00,54470.00
4237,35703.00,27710.00,98005.00,52778.00,28833.00,12536.00,205294.00,793660.00,64692.00
4238,31838.00,24576.00,86848.00,53478.00,51050.00,12448.00,208330.00,787438.00,90912.00
4239,34931.00,27050.00,113216.00,60401.00,53894.00,13469.00,230414.00,845782.00,54777.00
4240,35741.00,27627.00,98083.00,65251.00,56285.00,12470.00,205261.00,791912.00,76535.00
4241,31614.00,24583.00,87473.00,56463.00,51284.00,12524.00,205334.00,790472.00,70247.00
4242,31559.00,24683.00,87324.00,53542.00,52014.00,12544.00,205277.00,793689.00,54616.00
4243,35904.00,27742.00,98017.00,76779.00,51109.00,12498.00,208396.00,787641.00,65041.00
4244,31901.00,24582.00,89832.00,53570.00,51386.00,12588.00,205249.00,849230.00,59145.00
4245,38477.00,30117.00,114771.00,65345.00,28882.00,12550.00,205263.00,794834.00,54545.00
4246,35718.00,27559.00,114050.00,67702.00,58395.00,12535.00,208771.00,787305.00,64428.00
4247,34364.00,24440.00,86645.00,53492.00,50432.00,12556.00,205264.00,793423.00,54593.00
4248,35451.00,27535.00,97633.00,52710.00,28855.00,12538.00,205258.00,793714.00,54517.00
4249,35740.00,27608.00,137648.00,71881.00,52830.00,13228.00,219809.00,798435.00,85505.00
4250,50639.00,24599.00,95137.00,58693.00,53414.00,13273.00,215872.00,806361.00,54574.00
4251,35708.00,27740.00,97839.00,52716.00,28893.00,12535.00,205090.00,851062.00,97976.00
4252,45311.00,27927.00,95365.00,78863.00,54261.00,13521.00,227694.00,805242.00,54731.00
4253,35602.00,27763.00,97729.00,52867.00,28800.00,12535.00,205260.00,793488.00,54717.00
4254,35836.00,27726.00,113357.00,66171.00,51471.00,12543.00,208412.00,787621.00,64758.00
4255,31850.00,24685.00,89887.00,53674.00,50532.00,12539.00,205285.00,793119.00,54558.00
4256,35836.00,27604.00,98251.00,52805.00,28952.00,12543.00,205264.00,846237.00,59306.00
4257,38610.00,29996.00,132340.00,93093.00,50412.00,12504.00,208841.00,787258.00,65031.00
4258,31664.00,27371.00,86889.00,53538.00,62318.00,13202.00,216128.00,806986.00,54653.00
4259,35590.00,27528.00,98184.00,52768.00,28992.00,12612.00,205451.00,829988.00,68354.00
4260,34967.00,26986.00,101601.00,53536.00,51689.00,12592.00,208562.00,787688.00,66636.00
4261,31649.00,24532.00,86795.00,53649.00,51807.00,12536.00,205247.00,793505.00,54675.00
4262,35848.00,27726.00,98253.00,52767.00,28813.00,12497.00,205276.00,793655.00,65250.00
4263,31688.00,24709.00,87366.00,53618.00,58110.00,12579.00,208291.00,786842.00,67226.00
4264,31831.00,24507.00,87176.00,53543.00,50407.00,12522.00,205462.00,822373.00,57672.00
4265,47760.00,29151.00,98527.00,52769.00,28930.00,12569.00,205429.00,820417.00,64614.00
4266,31824.00,24570.00,87108.00,53540.00,50684.00,12578.00,208385.00,787167.00,67454.00
4267,31819.00,24578.00,87140.00,53538.00,50877.00,12511.00,205316.00,793602.00,54560.00
4268,35673.00,27720.00,98163.00,52831.00,28905.00,12472.00,205280.00,793571.00,55408.00
4269,31841.00,34907.00,87545.00,53567.00,50398.00,12495.00,225331.00,882489.00,68755.00
4270,31745.00,24589.00,87532.00,53502.00,51655.00,12505.00,205246.00,793831.00,54666.00
4271,35795.00,27621.00,98697.00,52870.00,28920.00,12528.00,205276.00,819431.00,70615.00
4272,34860.00,26972.00,112439.00,63945.00,56882.00,13568.00,221899.00,818067.00,64760.00
4273,32007.00,24593.00,87372.00,53450.00,61831.00,12558.00,205330.00,793799.00,72819.00
4274,37605.00,29058.00,118936.00,71568.00,68204.00,12609.00,208440.00,788034.00,64485.00
4275,34468.00,24674.00,86745.00,53465.00,51485.00,12567.00,223149.00,823872.00,54561.00
4276,35573.00,27603.00,97946.00,52867.00,28875.00,12558.00,225167.00,823641.00,55095.00
4277,31757.00,35878.00,86682.00,53554.00,51071.00,12542.00,231627.00,806670.00,86600.00
4278,34659.00,27057.00,102604.00,53469.00,58441.00,12583.00,205267.00,793125.00,54526.00
4279,35849.00,27714.00,99352.00,52766.00,28857.00,12523.00,205254.00,793085.00,74097.00
4280,31711.00,24655.00,87127.00,53545.00,51871.00,15602.00,205441.00,787313.00,95949.00
4281,34656.00,27094.00,95979.00,58793.00,52396.00,13185.00,265405.00,871119.00,54733.00
4282,35764.00,27743.00,112208.00,67218.00,56608.00,12505.00,208654.00,786833.00,65252.00
4283,31813.00,24573.00,90277.00,53584.00,51767.00,12598.00,205251.00,793396.00,54440.00
4284,35623.00,27804.00,98880.00,52756.00,28792.00,12626.00,205276.00,793594.00,54466.00
4285,35771.00,27676.00,113641.00,67420.00,50423.00,12754.00,208490.00,787167.00,66007.00
4286,31875.00,24558.00,89843.00,53514.00,61292.00,12568.00,205268.00,793835.00,54548.00
4287,35782.00,27645.00,98408.00,52838.00,28911.00,12442.00,205234.00,793553.00,54457.00
4288,35721.00,27502.00,113419.00,67416.00,50796.00,12579.00,208379.00,787724.00,65908.00
4289,31596.00,24533.00,89974.00,53511.00,50289.00,12558.00,205550.00,793414.00,54781.00
4290,35600.00,27536.00,97901.00,52752.00,28886.00,12537.00,205459.00,834089.00,54704.00
4291,35760.00,27582.00,114170.00,69596.00,51179.00,12575.00,207879.00,787732.00,64610.00
4292,31690.00,27371.00,87245.00,53574.00,53500.00,12506.00,205624.00,792967.00,54809.00
4293,35550.00,27671.00,98250.00,52670.00,28900.00,12679.00,205433.00,830463.00,59034.00
4294,46928.00,29946.00,140610.00,83779.00,86948.00,13328.00,217588.00,789621.00,64495.00
4295,31772.00,24461.00,87231.00,53512.00,50801.00,12637.00,205514.00,793814.00,54891.00
4296,35906.00,27506.00,98005.00,52860.00,28966.00,12751.00,205593.00,801279.00,65637.00
4297,31805.00,24547.00,87350.00,53569.00,61660.00,12649.00,205272.00,789612.00,65245.00
4298,31829.00,24555.00,86862.00,53492.00,50997.00,12528.00,205277.00,793151.00,54583.00
4299,35678.00,27639.00,98247.00,52747.00,28822.00,12557.00,205235.00,793269.00,73038.00
4300,31617.00,24595.00,86796.00,53525.00,50432.00,15610.00,205319.00,787080.00,66829.00
4301,31734.00,24487.00,86879.00,53707.00,50536.00,12575.00,205267.00,793242.00,54550.00
4302,35705.00,27570.00,97907.00,52771.00,28810.00,12613.00,205256.00,834261.00,87964.00
4303,31604.00,24581.00,87230.00,53544.00,54535.00,12546.00,231673.00,828675.00,78542.00
4304,34935.00,27145.00,95663.00,66912.00,51589.00,12611.00,205101.00,793551.00,54562.00
4305,35719.00,27698.00,98840.00,78559.00,51697.00,12631.00,208368.00,787648.00,65947.00
4306,31928.00,24669.00,89793.00,53609.00,55332.00,12572.00,229239.00,906375.00,57481.00
4307,46883.00,29082.00,98223.00,52809.00,28842.00,12557.00,205578.00,793442.00,54821.00
4308,31634.00,36812.00,102290.00,67251.00,54594.00,12668.00,208452.00,787240.00,68522.00
4309,31649.00,24660.00,87090.00,53535.00,51342.00,12634.00,205269.00,793418.00,54531.00
4310,35866.00,27742.00,98395.00,52752.00,28876.00,12546.00,205240.00,793453.00,54532.00
4311,41394.00,27687.00,101867.00,66764.00,51035.00,12480.00,208367.00,787525.00,67334.00
4312,31797.00,24485.00,87269.00,53521.00,51915.00,12630.00,205279.00,822403.00,57869.00
4313,47628.00,29192.00,97432.00,52825.00,28789.00,12660.00,205510.00,833612.00,64012.00
4314,31833.00,24570.00,87724.00,53653.00,53501.00,12532.00,234641.00,804316.00,69532.00
4315,31480.00,24528.00,86871.00,71098.00,52641.00,13230.00,216059.00,843141.00,54820.00
4316,35755.00,27680.00,97889.00,65388.00,50905.00,12514.00,205280.00,790232.00,65423.00
4317,31669.00,24493.00,86925.00,56541.00,52307.00,12505.00,205239.00,790576.00,73682.00
4318,31862.00,24532.00,87146.00,53487.00,52174.00,12531.00,205482.00,883769.00,71343.00
4319,37498.00,29116.00,124198.00,92074.00,52777.00,13291.00,239685.00,881685.00,110390.00
4320,35827.00,27621.00,97584.00,70625.00,59510.00,13297.00,216033.00,792854.00,54777.00
4321,35772.00,27561.00,112837.00,67589.00,51268.00,12553.00,208551.00,787602.00,69688.00
4322,31801.00,24629.00,89962.00,53489.00,51206.00,12568.00,205262.00,793714.00,54611.00
4323,35712.00,27585.00,98439.00,52768.00,28859.00,12511.00,205257.00,793978.00,54623.00
4324,35608.00,27737.00,112916.00,67822.00,58956.00,12570.00,208509.00,786741.00,71209.00
4325,31580.00,24789.00,89399.00,53533.00,51088.00,12543.00,205604.00,836919.00,54695.00
4326,35548.00,27605.00,98187.00,52744.00,28879.00,12637.00,205545.00,793635.00,54688.00
4327,35750.00,27633.00,112474.00,67654.00,55069.00,12458.00,208406.00,831030.00,84875.00
4328,34951.00,26977.00,95390.00,58794.00,53154.00,13269.00,220109.00,792991.00,54498.00
4329,35701.00,27590.00,98876.00,52861.00,28920.00,12453.00,205268.00,816459.00,78856.00
4330,34972.00,26982.00,95958.00,58792.00,69695.00,12477.00,205296.00,857332.00,96234.00
4331,34832.00,27003.00,113334.00,60208.00,82405.00,13221.00,217023.00,794079.00,54680.00
4332,35743.00,27577.00,112966.00,66676.00,50964.00,12647.00,208251.00,787089.00,66038.00
4333,31774.00,27247.00,86908.00,53589.00,50378.00,12530.00,205493.00,793796.00,54679.00
4334,35716.00,27640.00,98210.00,52802.00,28946.00,12599.00,205438.00,793233.00,54678.00
4335,35444.00,27682.00,113577.00,68404.00,59865.00,12570.00,208387.00,796265.00,54661.00
4336,35447.00,30971.00,97533.00,52748.00,28888.00,12519.00,205185.00,793495.00,54456.00
4337,35679.00,27563.00,97403.00,52736.00,28878.00,12577.00,205087.00,793442.00,54591.00
4338,35812.00,27507.00,113738.00,66347.00,51118.00,12468.00,209423.00,787140.00,65655.00
4339,34341.00,24514.00,86537.00,53508.00,51103.00,12496.00,205261.00,793029.00,54602.00
4340,35634.00,27613.00,98492.00,52769.00,28920.00,12474.00,205253.00,838341.00,54618.00
4341,44363.00,27742.00,102577.00,68499.00,56775.00,12548.00,208081.00,787128.00,100088.00
4342,34676.00,26964.00,96007.00,58791.00,54133.00,13242.00,225047.00,836321.00,59195.00
4343,38831.00,30004.00,106323.00,57946.00,76157.00,13173.00,217205.00,791275.00,65608.00
4344,31704.00,24581.00,86976.00,56363.00,62221.00,12512.00,205398.00,789946.00,69826.00
4345,31750.00,24666.00,86923.00,53542.00,51732.00,12442.00,205280.00,793995.00,54476.00
4346,35836.00,27620.00,99797.00,87440.00,51197.00,12589.00,208546.00,787331.00,66712.00
4347,31823.00,24468.00,90418.00,53519.00,56677.00,12577.00,205349.00,838399.00,54749.00
4348,35452.00,27590.00,98063.00,52806.00,28966.00,12664.00,205431.00,793341.00,54680.00
4349,35745.00,27592.00,112443.00,67870.00,56152.00,12649.00,208405.00,787597.00,65536.00
4350,31733.00,24573.00,89607.00,72110.00,54153.00,13234.00,216108.00,836049.00,57402.00
4351,37684.00,28994.00,102001.00,55570.00,30430.00,13247.00,215867.00,804510.00,55632.00
4352,31794.00,34849.00,87862.00,53551.00,50887.00,12512.00,208694.00,786736.00,67616.00
4353,35003.00,40590.00,95198.00,58850.00,53550.00,13155.00,219791.00,822739.00,54710.00
4354,35827.00,27577.00,98470.00,52933.00,28837.00,12519.00,205069.00,793451.00,63729.00
4355,31807.00,24552.00,106742.00,58881.00,78860.00,13499.00,237934.00,858674.00,81641.00
4356,34774.00,27190.00,94747.00,66267.00,51917.00,12502.00,205371.00,793082.00,54554.00
4357,35550.00,27642.00,112154.00,66779.00,52770.00,12540.00,207653.00,814314.00,71328.00
4358,37168.00,27025.00,99414.00,53575.00,50723.00,12624.00,205328.00,821098.00,57593.00
4359,47298.00,29142.00,97938.00,52784.00,28784.00,12605.00,205432.00,869944.00,79571.00
4360,31716.00,36568.00,86789.00,53573.00,53631.00,12471.00,231796.00,873145.00,78466.00
4361,35632.00,27667.00,107768.00,65011.00,51503.00,12559.00,205265.00,881013.00,54517.00
4362,44669.00,27714.00,124410.00,83329.00,60610.00,13206.00,245038.00,832878.00,54744.00
4363,35841.00,27618.00,98176.00,52852.00,28897.00,12511.00,205415.00,793801.00,54772.00
4364,35721.00,27659.00,97336.00,52825.00,28896.00,12665.00,205394.00,801025.00,72507.00
4365,31644.00,24608.00,87433.00,53491.00,53972.00,28912.00,216126.00,824743.00,69976.00
4366,34741.00,27016.00,98520.00,53523.00,53846.00,12589.00,205476.00,793482.00,54812.00
4367,37422.00,43909.00,133076.00,98669.00,59892.00,13561.00,233220.00,797701.00,65085.00
4368,31793.00,27348.00,87011.00,53530.00,51135.00,12605.00,205253.00,793677.00,54627.00
4369,35761.00,27652.00,97485.00,52828.00,28835.00,12496.00,205256.00,793322.00,54464.00
4370,35798.00,27651.00,112825.00,68042.00,51951.00,12551.00,208209.00,789343.00,65949.00
4371,31663.00,27558.00,87689.00,53623.00,51678.00,12478.00,205286.00,793689.00,54447.00
4372,35585.00,27513.00,98321.00,52862.00,28936.00,12501.00,205284.00,792842.00,54618.00
4373,35626.00,27584.00,114527.00,70581.00,51600.00,12527.00,208325.00,787013.00,64563.00
4374,31689.00,27247.00,87343.00,53601.00,52359.00,12551.00,205257.00,793396.00,54608.00
4375,35824.00,27637.00,98769.00,52634.00,28896.00,12533.00,205249.00,793691.00,54380.00
4376,35625.00,27545.00,112877.00,67722.00,54285.00,12553.00,208381.00,787640.00,65576.00
4377,31681.00,27221.00,86981.00,53476.00,54169.00,12582.00,205406.00,793468.00,54580.00
4378,35654.00,27524.00,97742.00,52775.00,28909.00,12560.00,205402.00,837133.00,54526.00
4379,44457.00,27752.00,102163.00,67250.00,50723.00,12438.00,207949.00,889549.00,107007.00
4380,34648.00,26940.00,95638.00,67053.00,52240.00,12503.00,205258.00,792938.00,54672.00
4381,35496.00,27656.00,99678.00,75562.00,51073.00,12519.00,208600.00,787395.00,66498.00
4382,31892.00,24589.00,89580.00,53490.00,54676.00,12506.00,205256.00,789959.00,64815.00
4383,31799.00,24715.00,86744.00,53551.00,61185.00,12514.00,205267.00,793493.00,54675.00
4384,35700.00,27562.00,111490.00,68206.00,60734.00,12545.00,209204.00,787013.00,65937.00
4385,31641.00,24452.00,89575.00,53633.00,59248.00,12576.00,205276.00,793502.00,54601.00
4386,35762.00,27761.00,98299.00,52886.00,28827.00,12502.00,205239.00,793437.00,54385.00
4387,35488.00,27589.00,111813.00,67346.00,50569.00,12502.00,208356.00,787448.00,64540.00
4388,31570.00,24658.00,89745.00,53503.00,52533.00,12561.00,205275.00,793370.00,54616.00
4389,35606.00,27625.00,98498.00,52700.00,28809.00,12460.00,205237.00,794155.00,54606.00
4390,35648.00,27568.00,111861.00,66410.00,50948.00,12526.00,208337.00,787447.00,70790.00
4391,31672.00,24536.00,106641.00,58732.00,53239.00,13112.00,225896.00,851489.00,68574.00
4392,37484.00,29160.00,111386.00,52846.00,28882.00,12570.00,205578.00,794112.00,54717.00
4393,31839.00,36197.00,87259.00,53475.00,56655.00,12498.00,208495.00,787693.00,68243.00
4394,31753.00,24536.00,87204.00,53573.00,51317.00,12612.00,205279.00,793276.00,54565.00
4395,35876.00,27591.00,98084.00,52803.00,28883.00,12474.00,205248.00,793662.00,54568.00
4396,45306.00,27585.00,102507.00,66378.00,51129.00,12459.00,208476.00,835708.00,68876.00
4397,31729.00,24580.00,86973.00,53443.00,50897.00,12602.00,205255.00,861184.00,54854.00
4398,35709.00,27631.00,97629.00,52685.00,28940.00,12577.00,205446.00,803314.00,65152.00
4399,31729.00,24705.00,107785.00,75068.00,60154.00,13564.00,221908.00,825059.00,64671.00
4400,31786.00,24425.00,87167.00,53494.00,52244.00,12525.00,205441.00,793750.00,54583.00
4401,35901.00,27584.00,98618.00,79189.00,50791.00,12574.00,208419.00,787830.00,65440.00
4402,31870.00,24529.00,90054.00,53565.00,50494.00,12665.00,205553.00,789792.00,67413.00
4403,31673.00,24639.00,87231.00,53611.00,50641.00,12567.00,205325.00,836867.00,71071.00
4404,37649.00,29225.00,125475.00,73010.00,52647.00,13145.00,263251.00,825048.00,65644.00
4405,31651.00,24551.00,87518.00,53452.00,51257.00,12560.00,205263.00,793332.00,54465.00
4406,35549.00,27582.00,98342.00,52853.00,28928.00,12480.00,205272.00,793704.00,55741.00
4407,31706.00,34333.00,86628.00,53587.00,51898.00,12533.00,208421.00,787514.00,77966.00
4408,31871.00,24459.00,86614.00,53522.00,50936.00,12584.00,205251.00,794000.00,54653.00
4409,35747.00,27751.00,98376.00,52871.00,28853.00,12478.00,205283.00,793441.00,54647.00
4410,42009.00,27552.00,102779.00,66794.00,50347.00,12507.00,208446.00,787236.00,68277.00
4411,31734.00,24680.00,86735.00,53552.00,50992.00,12520.00,205452.00,793422.00,54744.00
4412,35721.00,27538.00,97279.00,52922.00,28884.00,12648.00,218534.00,793870.00,54727.00
4413,42059.00,27407.00,102407.00,68061.00,59755.00,12604.00,208387.00,787562.00,69197.00
4414,31786.00,24435.00,86915.00,53593.00,51550.00,12504.00,205245.00,793278.00,54541.00
4415,35685.00,27596.00,98959.00,52886.00,28947.00,12508.00,205217.00,793577.00,54448.00
4416,41349.00,27586.00,102740.00,66418.00,50749.00,12550.00,232132.00,859360.00,66339.00
4417,31676.00,24598.00,87526.00,53582.00,65400.00,12540.00,205251.00,793617.00,54554.00
4418,35699.00,27623.00,98421.00,52820.00,28795.00,12509.00,205263.00,793833.00,76853.00
4419,31555.00,24650.00,87288.00,53556.00,54864.00,12573.00,205274.00,790929.00,64445.00
4420,31783.00,24434.00,87097.00,53471.00,51942.00,12644.00,205506.00,793396.00,54686.00
4421,35643.00,27649.00,97825.00,52797.00,28913.00,12611.00,205439.00,793703.00,77314.00
4422,31700.00,24625.00,87316.00,53510.00,50844.00,15583.00,205259.00,786884.00,65853.00
4423,31698.00,24571.00,86700.00,53573.00,51564.00,12537.00,205248.00,793754.00,54657.00
4424,35724.00,27593.00,98689.00,52815.00,28881.00,12524.00,205266.00,793626.00,56685.00
4425,47623.00,34475.00,95806.00,58917.00,53341.00,13184.00,229651.00,790031.00,83047.00
4426,34880.00,26924.00,96883.00,58758.00,53151.00,13162.00,223980.00,793190.00,54728.00
4427,35625.00,27575.00,97945.00,54519.00,60253.00,12493.00,205283.00,795843.00,65962.00
4428,31720.00,24644.00,86961.00,56372.00,50773.00,12493.00,205275.00,835005.00,73272.00
4429,35756.00,27618.00,98157.00,60219.00,54414.00,13563.00,222048.00,852551.00,54611.00
4430,35712.00,27769.00,114688.00,67606.00,57829.00,12548.00,208517.00,786946.00,64817.00
4431,31620.00,28172.00,87312.00,53565.00,50456.00,12528.00,205323.00,793614.00,54500.00
4432,35749.00,27639.00,98698.00,52769.00,28862.00,12560.00,205261.00,793503.00,54529.00
4433,35795.00,27588.00,112718.00,66878.00,50967.00,12611.00,208670.00,829050.00,68898.00
4434,31760.00,24511.00,87070.00,53473.00,51222.00,12593.00,205326.00,793517.00,54450.00
4435,35657.00,27773.00,98757.00,52725.00,28712.00,12449.00,205247.00,793045.00,54482.00
4436,42333.00,27650.00,102719.00,68134.00,52238.00,12532.00,208679.00,787645.00,68300.00
4437,31589.00,24683.00,87363.00,53518.00,51230.00,12556.00,205245.00,793639.00,54564.00
4438,35775.00,27500.00,98029.00,52832.00,28838.00,12535.00,205272.00,793436.00,54634.00
4439,42355.00,27660.00,102622.00,66161.00,51562.00,12499.00,208388.00,786871.00,68630.00
4440,31881.00,24600.00,86913.00,53573.00,51626.00,12640.00,205256.00,793544.00,54481.00
4441,35727.00,27630.00,98438.00,71215.00,46608.00,13624.00,221917.00,879708.00,64783.00
4442,31719.00,24605.00,87381.00,53528.00,68777.00,13147.00,217466.00,790153.00,64672.00
4443,31573.00,24723.00,87234.00,53565.00,51443.00,12466.00,205260.00,793560.00,54478.00
4444,35663.00,27541.00,97746.00,53563.00,62374.00,12519.00,205267.00,796682.00,65770.00
4445,31567.00,24613.00,86680.00,56326.00,51582.00,12548.00,205116.00,789931.00,64637.00
4446,31883.00,24574.00,87054.00,53557.00,51510.00,12560.00,205291.00,793589.00,54517.00
4447,35573.00,27671.00,97790.00,52924.00,70088.00,12696.00,205285.00,795892.00,65253.00
4448,31654.00,24664.00,86855.00,56082.00,50669.00,12475.00,205280.00,789879.00,64801.00
4449,31773.00,24497.00,87090.00,53563.00,51805.00,12579.00,205496.00,793667.00,54750.00
4450,35899.00,27560.00,98277.00,53259.00,81760.00,13211.00,216072.00,811115.00,74139.00
4451,31901.00,24623.00,90184.00,53579.00,53789.00,12554.00,205263.00,790051.00,64454.00
4452,31789.00,24508.00,87588.00,53572.00,51674.00,12542.00,204991.00,793454.00,54568.00
4453,35760.00,27698.00,98429.00,79490.00,52469.00,12528.00,208409.00,874030.00,78112.00
4454,39691.00,27517.00,106727.00,58763.00,53780.00,13159.00,223346.00,829381.00,54706.00
4455,35749.00,27732.00,97994.00,52804.00,28887.00,12606.00,205453.00,793948.00,56568.00
4456,31842.00,35231.00,87097.00,53528.00,55206.00,12574.00,208382.00,787460.00,69145.00
4457,31780.00,24512.00,87082.00,53509.00,51575.00,12664.00,205163.00,793511.00,54547.00
4458,35436.00,27681.00,98482.00,52792.00,28816.00,12562.00,205086.00,793315.00,54515.00
4459,31837.00,37062.00,102189.00,67981.00,56272.00,12489.00,208428.00,787402.00,71150.00
4460,31757.00,24560.00,87085.00,53552.00,51194.00,12597.00,205117.00,793023.00,54664.00
4461,35704.00,27622.00,97858.00,52728.00,28945.00,12626.00,205057.00,793452.00,54664.00
4462,31608.00,37103.00,102714.00,74475.00,51005.00,12514.00,208391.00,787701.00,67376.00
4463,31544.00,24560.00,86909.00,53575.00,50931.00,12636.00,205241.00,793469.00,54583.00
4464,35594.00,27652.00,115857.00,55495.00,30418.00,13235.00,216110.00,809116.00,64514.00
4465,31596.00,24518.00,87663.00,53501.00,50627.00,12610.00,208365.00,834850.00,87495.00
4466,35400.00,27650.00,107544.00,58738.00,52343.00,13297.00,218310.00,831432.00,54643.00
4467,35767.00,27617.00,98530.00,65315.00,50440.00,12464.00,205268.00,831722.00,65941.00
4468,31705.00,24672.00,89928.00,53542.00,51086.00,12616.00,205196.00,793883.00,54857.00
4469,35631.00,27550.00,97311.00,52752.00,28948.00,12552.00,205178.00,793399.00,54583.00
4470,35911.00,27680.00,110266.00,68328.00,51250.00,12593.00,208230.00,787655.00,65436.00
4471,31715.00,24641.00,90436.00,53590.00,51556.00,12555.00,205542.00,793228.00,54833.00
4472,35750.00,27563.00,97863.00,52750.00,28923.00,12718.00,205578.00,792864.00,54759.00
4473,35736.00,27655.00,100615.00,77971.00,52064.00,12618.00,208555.00,828455.00,82683.00
4474,31719.00,24681.00,89596.00,53641.00,58746.00,12517.00,205267.00,793783.00,54584.00
4475,35603.00,27706.00,98440.00,52752.00,28863.00,12539.00,205279.00,793727.00,54652.00
4476,35551.00,27747.00,113273.00,84849.00,63501.00,13122.00,238810.00,865894.00,68027.00
4477,31850.00,24590.00,87379.00,53495.00,58169.00,12529.00,205253.00,828008.00,57682.00
4478,37710.00,28934.00,109035.00,52799.00,28876.00,28594.00,233069.00,841074.00,65244.00
4479,31704.00,24568.00,90016.00,53466.00,50856.00,12642.00,236843.00,817271.00,57750.00
4480,37503.00,29118.00,111229.00,52775.00,28958.00,12569.00,205302.00,793672.00,54734.00
4481,35658.00,27714.00,113044.00,66460.00,50679.00,12538.00,208559.00,788573.00,66104.00
4482,31889.00,24694.00,89855.00,53572.00,52527.00,12540.00,205253.00,793435.00,54488.00
4483,35707.00,27588.00,97680.00,52813.00,28851.00,12564.00,216654.00,793529.00,54626.00
4484,35769.00,27552.00,113193.00,69135.00,52105.00,12561.00,208130.00,787580.00,64715.00
4485,34650.00,24644.00,87261.00,53497.00,51414.00,12431.00,205256.00,793736.00,54542.00
4486,35667.00,27553.00,98227.00,52669.00,28840.00,12558.00,205307.00,793571.00,54582.00
4487,35836.00,27717.00,113698.00,67300.00,50425.00,12566.00,208460.00,787464.00,65762.00
4488,34431.00,24601.00,87127.00,53504.00,50531.00,12555.00,205264.00,793237.00,54563.00
4489,35773.00,27681.00,98367.00,52751.00,28858.00,12483.00,205256.00,793384.00,54509.00
4490,35772.00,27729.00,113723.00,73107.00,51623.00,12446.00,208415.00,868188.00,68972.00
4491,31756.00,24522.00,86756.00,53568.00,51923.00,12491.00,205265.00,793418.00,54834.00
4492,35639.00,27603.00,98088.00,52788.00,28847.00,12491.00,205265.00,839315.00,65070.00
4493,31892.00,24546.00,87569.00,53585.00,55282.00,12525.00,207837.00,787554.00,68289.00
4494,31594.00,24718.00,86635.00,53427.00,50898.00,12611.00,205556.00,793517.00,54714.00
4495,35640.00,27747.00,97578.00,52792.00,28900.00,12578.00,205525.00,793203.00,55374.00
4496,31593.00,36316.00,87355.00,53412.00,50655.00,12504.00,208380.00,787006.00,68110.00
4497,31935.00,24521.00,87235.00,53506.00,51005.00,12447.00,205287.00,793562.00,54628.00
4498,35462.00,27765.00,98614.00,52743.00,28907.00,12486.00,205255.00,793767.00,54521.00
4499,44244.00,27677.00,102389.00,67507.00,57259.00,12490.00,208408.00,787270.00,68761.00
4500,31730.00,24488.00,86835.00,53555.00,50426.00,12526.00,205263.00,841274.00,54503.00
4501,35718.00,27699.00,98204.00,52805.00,29048.00,12609.00,222353.00,825834.00,79055.00
4502,31688.00,24650.00,88096.00,53600.00,52163.00,15746.00,205288.00,790014.00,107666.00
4503,35805.00,43380.00,98325.00,60234.00,63710.00,13519.00,231842.00,847436.00,54947.00
4504,35632.00,27621.00,112982.00,71171.00,51664.00,12531.00,208040.00,788007.00,64530.00
4505,31844.00,24593.00,111457.00,58729.00,52136.00,13257.00,222085.00,821035.00,66616.00
4506,35626.00,27679.00,98213.00,52792.00,28994.00,12605.00,205467.00,793658.00,54492.00
4507,43271.00,27529.00,102475.00,68232.00,58858.00,12538.00,208432.00,821552.00,79489.00
4508,31675.00,24617.00,87198.00,53523.00,51069.00,12628.00,205137.00,793666.00,54538.00
4509,35656.00,27560.00,97193.00,52731.00,28845.00,12515.00,205060.00,793285.00,64584.00
4510,31826.00,24522.00,87369.00,53515.00,52729.00,12479.00,208323.00,787868.00,68436.00
4511,31693.00,24520.00,86758.00,53539.00,51275.00,12614.00,205257.00,793522.00,54895.00
4512,35625.00,27548.00,97921.00,52821.00,28919.00,12527.00,205284.00,794007.00,54593.00
4513,31720.00,36770.00,102194.00,67171.00,50813.00,12584.00,208279.00,787280.00,68894.00
4514,31741.00,24553.00,87152.00,53579.00,50717.00,12650.00,205527.00,793326.00,54788.00
4515,35589.00,27719.00,97771.00,52774.00,28886.00,12531.00,224341.00,861216.00,80138.00
4516,42271.00,27038.00,87100.00,53508.00,83409.00,13176.00,216100.00,801744.00,64739.00
4517,31809.00,24315.00,87280.00,53490.00,51859.00,12571.00,205274.00,849027.00,57647.00
4518,37539.00,29071.00,117743.00,72973.00,52117.00,13243.00,245178.00,809980.00,64577.00
4519,34440.00,24532.00,109868.00,58738.00,54170.00,13211.00,220203.00,871110.00,68753.00
4520,47407.00,28957.00,97905.00,52738.00,28910.00,12579.00,205331.00,875597.00,71294.00
4521,35764.00,27590.00,102021.00,60151.00,64448.00,13559.00,230855.00,912069.00,57707.00
4522,62751.00,29029.00,102578.00,55650.00,30324.00,13233.00,240706.00,847126.00,55406.00
4523,31761.00,36392.00,87272.00,53556.00,76790.00,13213.00,216044.00,823155.00,70239.00
4524,34786.00,26937.00,95513.00,68346.00,56732.00,12457.00,205275.00,834650.00,54703.00
4525,35813.00,27649.00,112858.00,77444.00,51113.00,12591.00,207751.00,787425.00,83691.00
4526,31810.00,26593.00,86758.00,53561.00,52035.00,12547.00,205254.00,793804.00,54591.00
4527,35876.00,27549.00,115373.00,72809.00,31215.00,13602.00,221931.00,825150.00,64874.00
4528,31922.00,24576.00,87563.00,53537.00,60252.00,12671.00,208521.00,787393.00,67127.00
4529,31880.00,24607.00,87331.00,53614.00,52491.00,12504.00,205336.00,823767.00,67513.00
4530,35700.00,27778.00,97789.00,52734.00,28988.00,12565.00,205464.00,824914.00,76316.00
4531,31893.00,24514.00,87230.00,53517.00,59686.00,12602.00,205278.00,790258.00,68350.00
4532,31812.00,24615.00,86915.00,53519.00,52043.00,12584.00,205558.00,793679.00,54969.00
4533,35823.00,27786.00,98481.00,52745.00,28799.00,12642.00,205470.00,793532.00,78659.00
4534,31902.00,24466.00,87047.00,53539.00,56657.00,15640.00,205262.00,790989.00,64523.00
4535,31787.00,24521.00,86969.00,53500.00,52073.00,12525.00,205256.00,793626.00,54662.00
4536,35671.00,27666.00,97914.00,52829.00,28920.00,12500.00,205287.00,793206.00,64448.00
4537,31736.00,24577.00,87241.00,53509.00,53813.00,12504.00,208440.00,787709.00,68269.00
4538,31853.00,24676.00,86735.00,53509.00,51833.00,12505.00,205259.00,793638.00,54473.00
4539,35809.00,27498.00,98093.00,52749.00,28874.00,12500.00,205245.00,887932.00,75649.00
4540,34792.00,27080.00,113684.00,63860.00,93020.00,13204.00,216095.00,827885.00,89980.00
4541,31785.00,24572.00,87111.00,53532.00,52328.00,12520.00,205317.00,792297.00,54635.00
4542,35648.00,27629.00,113609.00,70196.00,51049.00,12538.00,227916.00,808657.00,75987.00
4543,50832.00,27794.00,95417.00,58797.00,54301.00,23579.00,205503.00,792671.00,54626.00
4544,35684.00,27508.00,97795.00,52750.00,28818.00,12522.00,231304.00,819300.00,64019.00
4545,31684.00,24502.00,86980.00,53657.00,57943.00,12544.00,234741.00,813498.00,66300.00
4546,31700.00,24579.00,87384.00,53497.00,51624.00,12639.00,205602.00,809932.00,57598.00
4547,38645.00,45176.00,106123.00,68988.00,73872.00,13514.00,231124.00,801100.00,66590.00
4548,31654.00,24534.00,90386.00,53556.00,53550.00,12536.00,205254.00,793037.00,54547.00
4549,35775.00,27642.00,98225.00,52773.00,28881.00,12585.00,205279.00,793551.00,54621.00
4550,35767.00,27547.00,111268.00,66314.00,51451.00,12467.00,208414.00,787509.00,64974.00
4551,31642.00,24669.00,89564.00,53544.00,51518.00,12533.00,205255.00,854178.00,59087.00
4552,48531.00,29894.00,110334.00,52754.00,28973.00,12541.00,205154.00,792839.00,54496.00
4553,35872.00,27623.00,113068.00,66455.00,50617.00,12591.00,208434.00,787323.00,65451.00
4554,34388.00,24589.00,86900.00,53489.00,50975.00,12551.00,205103.00,793284.00,54433.00
4555,35716.00,27548.00,97665.00,52736.00,28872.00,12533.00,205102.00,838105.00,54590.00
4556,44594.00,27647.00,102723.00,67988.00,58825.00,12599.00,207837.00,787197.00,67635.00
4557,31642.00,24442.00,86824.00,53643.00,51959.00,12653.00,205527.00,793450.00,54864.00
4558,35769.00,27582.00,97740.00,52739.00,28969.00,12525.00,205516.00,793229.00,54762.00
4559,44628.00,27832.00,102702.00,66302.00,50813.00,12583.00,208556.00,787596.00,67458.00
4560,31665.00,24605.00,87418.00,53612.00,50992.00,12538.00,205236.00,793318.00,54493.00
4561,35674.00,27489.00,97743.00,52716.00,28858.00,12531.00,205275.00,793772.00,54566.00
4562,43458.00,27646.00,102527.00,66321.00,51411.00,12563.00,208683.00,787164.00,78705.00
4563,31926.00,24575.00,87608.00,53395.00,53163.00,12617.00,205248.00,793554.00,54518.00
4564,35678.00,27593.00,115198.00,55508.00,30284.00,13194.00,224885.00,897448.00,65643.00
4565,31576.00,24640.00,86921.00,53604.00,56313.00,12635.00,205241.00,790874.00,65959.00
4566,31703.00,24581.00,86900.00,53551.00,53465.00,12521.00,205272.00,793199.00,54604.00
4567,35704.00,27670.00,97977.00,52817.00,28828.00,12561.00,205254.00,801789.00,64514.00
4568,31811.00,24613.00,87090.00,53601.00,54436.00,12688.00,232265.00,814329.00,65527.00
4569,31549.00,24637.00,87091.00,53569.00,51799.00,12598.00,205099.00,793434.00,54594.00
4570,35602.00,27674.00,97155.00,54371.00,60304.00,12486.00,205263.00,796731.00,65316.00
4571,31563.00,24734.00,86861.00,56275.00,61414.00,12568.00,205543.00,790119.00,74320.00
4572,31739.00,24559.00,87267.00,53555.00,51834.00,12537.00,205270.00,793381.00,54508.00
4573,35835.00,27441.00,98829.00,65132.00,51185.00,12531.00,205264.00,794469.00,66686.00
4574,31695.00,24558.00,86628.00,56247.00,56934.00,12535.00,205259.00,789787.00,83104.00
4575,48470.00,24631.00,95933.00,58829.00,54144.00,13257.00,225304.00,809490.00,57549.00
4576,37490.00,29028.00,120625.00,72756.00,52400.00,13252.00,219936.00,853377.00,92027.00
4577,34905.00,27032.00,95668.00,58816.00,54624.00,23025.00,205515.00,825926.00,66088.00
4578,35711.00,27764.00,98104.00,52793.00,28793.00,12575.00,205561.00,800959.00,65746.00
4579,31644.00,24572.00,87156.00,53552.00,53837.00,12593.00,205150.00,790701.00,65217.00
4580,31780.00,24456.00,86827.00,53543.00,51297.00,12540.00,205257.00,837282.00,54590.00
4581,37474.00,44135.00,102721.00,56863.00,73491.00,12610.00,205287.00,830923.00,72363.00
4582,31672.00,24652.00,89746.00,53609.00,51348.00,12595.00,205467.00,793396.00,54730.00
4583,35659.00,27795.00,97957.00,52667.00,28817.00,12698.00,205407.00,793491.00,54858.00
4584,35710.00,27492.00,110922.00,66971.00,51139.00,12599.00,208508.00,787208.00,64515.00
4585,31427.00,24572.00,89693.00,53500.00,50923.00,12477.00,205262.00,793366.00,54617.00
4586,35809.00,27626.00,97956.00,52736.00,28866.00,12537.00,205266.00,793313.00,54578.00
4587,35707.00,27690.00,100384.00,74453.00,56935.00,12568.00,208390.00,787183.00,65019.00
4588,31875.00,24684.00,90346.00,53667.00,51298.00,12580.00,205072.00,825912.00,57460.00
4589,53518.00,29160.00,114233.00,72691.00,31247.00,13555.00,234957.00,793070.00,54595.00
4590,43864.00,27651.00,102510.00,66347.00,50981.00,12527.00,208237.00,787225.00,77804.00
4591,31788.00,24653.00,87172.00,53573.00,50750.00,12475.00,205294.00,793532.00,54507.00
4592,35717.00,27557.00,98456.00,52793.00,28921.00,12527.00,205250.00,793406.00,54587.00
4593,43904.00,27742.00,102435.00,67006.00,50592.00,12651.00,231001.00,844309.00,73831.00
4594,31695.00,24598.00,86961.00,53543.00,58799.00,12562.00,205267.00,793867.00,54693.00
4595,35895.00,27642.00,98770.00,52858.00,28846.00,12514.00,205272.00,794045.00,78523.00
4596,31870.00,24521.00,87638.00,53471.00,54641.00,15520.00,205264.00,790774.00,64522.00
4597,31760.00,24539.00,87247.00,53525.00,50606.00,12556.00,223655.00,822715.00,54770.00
4598,35686.00,27618.00,97074.00,52875.00,28829.00,12492.00,205431.00,802753.00,64624.00
4599,31706.00,24491.00,87108.00,53553.00,53666.00,12578.00,205278.00,789949.00,65756.00
4600,31615.00,24451.00,87075.00,53521.00,52259.00,12637.00,205277.00,792914.00,54705.00
4601,52999.00,27711.00,106273.00,57074.00,31201.00,13684.00,231067.00,814697.00,74856.00
4602,31818.00,24382.00,86687.00,56341.00,50962.00,12659.00,205281.00,789279.00,71357.00
4603,31892.00,24626.00,87229.00,53459.00,51206.00,12464.00,205267.00,793843.00,54562.00
4604,35715.00,27514.00,97961.00,53526.00,64374.00,12445.00,205254.00,826180.00,81380.00
4605,43034.00,27116.00,89888.00,53537.00,51647.00,12547.00,205263.00,815734.00,69876.00
4606,34818.00,26939.00,95167.00,66083.00,52756.00,12570.00,205282.00,861903.00,54733.00
4607,45251.00,27599.00,102552.00,68011.00,59328.00,12537.00,208682.00,787451.00,68690.00
4608,31696.00,24554.00,86989.00,53458.00,50832.00,12568.00,205251.00,793887.00,54366.00
4609,35488.00,27535.00,97860.00,52818.00,28856.00,12607.00,205270.00,793590.00,54560.00
4610,43058.00,27623.00,102254.00,67647.00,51457.00,12484.00,208378.00,787420.00,69661.00
4611,31743.00,24706.00,87056.00,53508.00,51782.00,12468.00,204995.00,793634.00,54566.00
4612,35708.00,27799.00,97834.00,52773.00,28881.00,12526.00,205115.00,793487.00,54574.00
4613,44538.00,27573.00,102145.00,66494.00,51428.00,12541.00,208415.00,883556.00,66368.00
4614,31790.00,24556.00,87478.00,53476.00,53086.00,12523.00,205261.00,793597.00,54548.00
4615,35669.00,27585.00,97780.00,52708.00,28859.00,12564.00,205256.00,793094.00,74709.00
4616,31729.00,24656.00,87695.00,53565.00,50518.00,12539.00,208434.00,787770.00,67044.00
4617,31873.00,24615.00,87137.00,53549.00,51286.00,12502.00,205271.00,793457.00,54504.00
4618,35843.00,27491.00,98658.00,52799.00,28958.00,12546.00,205275.00,841685.00,75249.00
4619,31839.00,24572.00,86986.00,53452.00,58499.00,28963.00,220439.00,792018.00,64560.00
4620,31612.00,24775.00,87246.00,53612.00,50702.00,12550.00,205243.00,793785.00,54593.00
4621,35971.00,27845.00,98197.00,52654.00,28841.00,12512.00,231216.00,816129.00,65029.00
4622,31572.00,24501.00,87061.00,53481.00,52088.00,12524.00,205249.00,789732.00,64718.00
4623,31598.00,24672.00,87631.00,53566.00,51609.00,12509.00,205333.00,793327.00,54727.00
4624,35557.00,27633.00,97682.00,52767.00,28914.00,12572.00,205367.00,801444.00,66662.00
4625,31788.00,24642.00,87015.00,53504.00,60042.00,12578.00,205269.00,847193.00,81213.00
4626,34707.00,37572.00,95476.00,66048.00,50383.00,12536.00,205247.00,827040.00,54890.00
4627,35747.00,27479.00,111619.00,68166.00,58218.00,12549.00,208717.00,786963.00,65419.00
4628,31779.00,24604.00,89671.00,53461.00,50654.00,12560.00,205251.00,793794.00,54627.00
4629,35802.00,27749.00,98536.00,52769.00,28872.00,12463.00,205291.00,793246.00,54751.00
4630,35683.00,27551.00,113083.00,66467.00,51137.00,12581.00,208524.00,795270.00,54778.00
4631,35719.00,27654.00,123495.00,55487.00,30475.00,13231.00,223999.00,820495.00,66242.00
4632,35742.00,27599.00,97737.00,52767.00,28968.00,12535.00,205253.00,792535.00,54501.00
4633,35824.00,27572.00,112232.00,67952.00,51127.00,12582.00,208521.00,787219.00,65143.00
4634,31724.00,27156.00,87166.00,53476.00,50849.00,12572.00,205261.00,794225.00,54529.00
4635,35415.00,27549.00,98116.00,52655.00,28886.00,12467.00,205272.00,793786.00,54571.00
4636,45078.00,27654.00,102593.00,67400.00,50970.00,12636.00,208374.00,787249.00,65996.00
4637,31788.00,27194.00,86471.00,53561.00,52046.00,12608.00,205262.00,793490.00,54493.00
4638,35665.00,27586.00,98450.00,52751.00,45018.00,13207.00,216060.00,888753.00,78285.00
4639,31688.00,24622.00,87955.00,53485.00,53088.00,12610.00,205100.00,790807.00,64903.00
4640,31806.00,24613.00,86640.00,53516.00,51443.00,12614.00,205342.00,793125.00,54727.00
4641,35509.00,27525.00,97835.00,52852.00,28910.00,12576.00,205292.00,793257.00,64142.00
4642,31626.00,24453.00,87144.00,53560.00,51888.00,12576.00,208337.00,786911.00,68259.00
4643,31598.00,24577.00,87672.00,53559.00,52505.00,12505.00,205275.00,793432.00,54457.00
4644,35698.00,27658.00,98754.00,52751.00,28779.00,12614.00,205258.00,836619.00,64709.00
4645,31710.00,24524.00,88003.00,53503.00,51284.00,12557.00,208004.00,787671.00,67982.00
4646,31762.00,24442.00,87088.00,53517.00,52567.00,12541.00,205244.00,793713.00,54582.00
4647,35688.00,27633.00,98746.00,52683.00,28842.00,12483.00,205260.00,793113.00,55590.00
4648,31796.00,34770.00,86840.00,53483.00,50501.00,12569.00,208350.00,787080.00,67369.00
4649,31601.00,24512.00,87279.00,53506.00,52386.00,12515.00,205496.00,793462.00,54708.00
4650,35629.00,27727.00,98292.00,52796.00,28799.00,12640.00,205478.00,891511.00,65597.00
4651,31597.00,24532.00,86979.00,53440.00,51317.00,15932.00,205357.00,787279.00,66560.00
4652,31758.00,24468.00,86746.00,53471.00,58904.00,12631.00,205263.00,793937.00,54500.00
4653,35855.00,27539.00,98215.00,52747.00,28872.00,12496.00,205293.00,793747.00,64588.00
4654,31871.00,24529.00,86783.00,53538.00,54800.00,12481.00,208470.00,788903.00,67418.00
4655,31848.00,24527.00,87375.00,53545.00,50358.00,12543.00,205452.00,793381.00,54573.00
4656,35635.00,27680.00,98675.00,52888.00,28920.00,12613.00,205458.00,793085.00,54744.00
4657,31724.00,36360.00,102535.00,66467.00,55963.00,12414.00,232467.00,812055.00,76411.00
4658,31695.00,24622.00,87555.00,53460.00,58553.00,12604.00,205261.00,793586.00,54542.00
4659,35767.00,27627.00,98383.00,52837.00,28900.00,12613.00,205257.00,793651.00,80818.00
4660,31808.00,24591.00,87611.00,53425.00,52577.00,15683.00,205283.00,789902.00,65362.00
4661,31728.00,24548.00,87399.00,53566.00,51828.00,12597.00,205260.00,793728.00,54583.00
4662,35608.00,27780.00,97861.00,52747.00,28953.00,12549.00,205251.00,793193.00,64868.00
4663,31810.00,24583.00,86506.00,53447.00,64295.00,13216.00,239734.00,831168.00,64547.00
4664,31649.00,24515.00,87512.00,53530.00,59278.00,12552.00,205260.00,793447.00,54480.00
4665,35610.00,27586.00,98116.00,52825.00,28803.00,12560.00,205249.00,801510.00,65360.00
4666,31866.00,24574.00,87241.00,53518.00,53278.00,12588.00,205298.00,791446.00,64645.00
4667,31775.00,24492.00,86981.00,53529.00,52595.00,12531.00,205395.00,793031.00,71121.00
4668,37559.00,29108.00,104150.00,55475.00,30329.00,13155.00,219034.00,800690.00,64626.00
4669,31747.00,24517.00,87050.00,53548.00,62740.00,12539.00,205255.00,808847.00,69907.00
4670,34787.00,27108.00,95556.00,58663.00,70074.00,12616.00,205099.00,793048.00,54554.00
4671,35724.00,27462.00,97132.00,65358.00,52555.00,12480.00,205286.00,794376.00,65172.00
4672,31592.00,24479.00,87212.00,56124.00,59352.00,12628.00,205379.00,789794.00,75708.00
4673,31590.00,24619.00,88066.00,53550.00,52153.00,12507.00,205278.00,793615.00,54460.00
4674,35844.00,27715.00,99579.00,80462.00,53025.00,12509.00,208401.00,787658.00,66545.00
4675,31797.00,24608.00,89537.00,53652.00,50601.00,12549.00,224169.00,902167.00,58867.00
4676,47387.00,29164.00,97954.00,52925.00,28907.00,12601.00,205131.00,792764.00,54639.00
4677,42210.00,27651.00,102707.00,69424.00,51712.00,12516.00,207953.00,787372.00,68234.00
4678,31634.00,24679.00,86968.00,53520.00,51160.00,12528.00,205481.00,822810.00,57510.00
4679,37712.00,29119.00,103582.00,55689.00,30351.00,13248.00,236769.00,847072.00,66164.00
4680,31679.00,24492.00,87180.00,53528.00,78011.00,29406.00,222277.00,869255.00,70842.00
4681,34863.00,26836.00,122695.00,58761.00,67845.00,13538.00,229744.00,887955.00,58945.00
4682,38546.00,29891.00,122340.00,55539.00,33582.00,13258.00,215888.00,824223.00,69919.00
4683,34799.00,27015.00,95207.00,67719.00,54125.00,12599.00,205263.00,792816.00,54670.00
4684,35745.00,27462.00,98166.00,65614.00,60639.00,12488.00,205269.00,830121.00,65540.00
4685,31717.00,24640.00,89567.00,53430.00,57527.00,12478.00,205257.00,817258.00,57627.00
4686,37462.00,29207.00,110188.00,52732.00,28942.00,12545.00,205454.00,835037.00,54874.00
4687,35653.00,27681.00,114592.00,69227.00,56398.00,12485.00,208806.00,921415.00,54744.00
4688,35637.00,27523.00,98107.00,52825.00,28989.00,12583.00,205529.00,793646.00,54887.00
4689,35620.00,27740.00,98497.00,52805.00,28973.00,12619.00,205442.00,793322.00,74811.00
4690,31748.00,24662.00,87000.00,53578.00,63499.00,12570.00,205266.00,789919.00,66102.00
4691,31719.00,24619.00,86616.00,53653.00,52120.00,12610.00,205438.00,793469.00,54797.00
4692,35576.00,27637.00,97634.00,52867.00,28933.00,12504.00,205422.00,853508.00,66602.00
4693,31709.00,24505.00,87386.00,53495.00,60638.00,12684.00,226064.00,832539.00,65631.00
4694,31743.00,24530.00,86784.00,53600.00,52078.00,12474.00,205268.00,836831.00,54421.00
4695,35764.00,27640.00,101926.00,100853.00,54979.00,13225.00,266401.00,829100.00,85520.00
4696,35075.00,26904.00,95746.00,58854.00,53616.00,13215.00,217423.00,830661.00,54973.00
4697,35770.00,27707.00,97792.00,52831.00,28904.00,12580.00,205603.00,801036.00,65456.00
4698,31786.00,24570.00,86870.00,53524.00,54712.00,12458.00,205265.00,790565.00,64882.00
4699,31829.00,24628.00,86924.00,53495.00,51737.00,12525.00,205252.00,850014.00,54817.00
4700,51576.00,27655.00,103227.00,72699.00,31195.00,13659.00,241842.00,815881.00,66018.00
4701,31812.00,24533.00,90359.00,53563.00,50704.00,12492.00,205288.00,793545.00,54606.00
4702,35711.00,27701.00,98578.00,52845.00,28840.00,12597.00,205262.00,793477.00,54494.00
4703,35679.00,27565.00,111349.00,66288.00,50911.00,12530.00,208592.00,788977.00,65978.00
4704,31849.00,24531.00,90268.00,53572.00,53617.00,12561.00,205284.00,793027.00,54493.00
4705,35707.00,27747.00,98346.00,52807.00,28859.00,12474.00,205260.00,800322.00,54651.00
4706,35830.00,27561.00,101142.00,77390.00,51093.00,12582.00,208457.00,787760.00,66394.00
4707,31660.00,24632.00,106692.00,58761.00,57215.00,13273.00,225492.00,822028.00,54772.00
4708,35841.00,27518.00,98149.00,52834.00,29036.00,12515.00,205454.00,793926.00,54379.00
4709,35734.00,27836.00,114511.00,67861.00,59169.00,12548.00,208585.00,786948.00,64812.00
4710,35574.00,24516.00,87377.00,53601.00,51012.00,12535.00,205269.00,792839.00,54540.00
4711,35688.00,27653.00,97873.00,52732.00,28862.00,12459.00,205246.00,793705.00,70941.00
4712,53805.00,29084.00,132880.00,75507.00,54299.00,13636.00,243068.00,791066.00,72395.00
4713,31734.00,24639.00,87268.00,53532.00,51993.00,12591.00,205276.00,793449.00,54647.00
4714,35721.00,27624.00,98881.00,52805.00,28833.00,12533.00,205268.00,794124.00,63796.00
4715,31657.00,24698.00,87964.00,53549.00,50619.00,12576.00,208412.00,787407.00,76378.00
4716,31816.00,24516.00,86743.00,53605.00,51555.00,12487.00,205272.00,793474.00,54512.00
4717,35858.00,27449.00,98453.00,52844.00,28906.00,12622.00,205294.00,793171.00,55691.00
4718,31690.00,34766.00,87348.00,53512.00,51336.00,12565.00,208729.00,787328.00,68089.00
4719,31597.00,24683.00,87183.00,53607.00,52333.00,12525.00,205258.00,822318.00,57520.00
4720,47656.00,28954.00,97863.00,52785.00,28864.00,12522.00,205079.00,829042.00,66369.00
4721,31836.00,24596.00,87190.00,53543.00,50717.00,12568.00,208471.00,787198.00,69513.00
4722,31679.00,24556.00,87334.00,53567.00,51598.00,12481.00,205281.00,793501.00,54654.00
4723,35680.00,27745.00,97746.00,52887.00,28853.00,12435.00,205280.00,793430.00,55931.00
4724,31710.00,35304.00,87416.00,53555.00,51021.00,12628.00,208393.00,869640.00,76790.00
4725,35561.00,27734.00,107672.00,68270.00,50350.00,12636.00,205228.00,847050.00,54622.00
4726,35551.00,27691.00,99430.00,74864.00,50790.00,12491.00,208593.00,826841.00,65237.00
4727,31844.00,24585.00,89648.00,53592.00,53182.00,12581.00,205256.00,793865.00,54555.00
4728,35730.00,27644.00,98598.00,52735.00,28776.00,12486.00,205242.00,793902.00,54654.00
4729,35757.00,27667.00,112551.00,66182.00,50880.00,12603.00,208332.00,787180.00,70479.00
4730,31679.00,24634.00,88786.00,53526.00,50972.00,12522.00,205014.00,793525.00,54632.00
4731,35787.00,27591.00,97683.00,52826.00,28845.00,12640.00,205023.00,793079.00,54633.00
4732,35941.00,27636.00,113883.00,67377.00,60351.00,12606.00,208261.00,787474.00,66519.00
4733,31722.00,24669.00,109764.00,58662.00,52495.00,13237.00,223453.00,793262.00,54694.00
4734,35827.00,27799.00,98020.00,52781.00,28847.00,12623.00,205296.00,793677.00,54789.00
4735,35831.00,27607.00,113988.00,67125.00,51783.00,12595.00,208171.00,787067.00,65348.00
4736,34531.00,24651.00,86858.00,53532.00,51770.00,12538.00,205284.00,849961.00,59244.00
4737,37711.00,40227.00,102898.00,63613.00,28908.00,12571.00,205249.00,793823.00,65171.00
4738,31796.00,24552.00,86994.00,53560.00,51471.00,12606.00,208119.00,787267.00,67456.00
4739,31825.00,24555.00,87081.00,53574.00,50636.00,12640.00,205405.00,793336.00,54510.00
4740,35690.00,27585.00,97460.00,52780.00,28825.00,12583.00,205450.00,793539.00,54735.00
4741,42296.00,27596.00,102503.00,66354.00,51936.00,12528.00,208439.00,787235.00,69307.00
4742,31676.00,24566.00,86438.00,53452.00,53891.00,12585.00,205618.00,793282.00,54648.00
4743,35623.00,27739.00,97289.00,52804.00,28899.00,12512.00,205567.00,793323.00,54779.00
4744,42927.00,27619.00,102536.00,67545.00,54432.00,12520.00,208387.00,787199.00,67247.00
4745,31755.00,24442.00,87397.00,53576.00,53633.00,12509.00,205267.00,854641.00,68877.00
4746,46573.00,29231.00,97913.00,52752.00,28880.00,12544.00,205015.00,792954.00,73951.00
4747,31752.00,24494.00,87167.00,53608.00,51194.00,12595.00,208753.00,787640.00,66437.00
4748,31661.00,24535.00,87264.00,53555.00,52352.00,12478.00,205288.00,793595.00,54455.00
4749,35734.00,27562.00,98952.00,52807.00,28909.00,12443.00,230276.00,923479.00,65767.00
4750,31831.00,24533.00,86445.00,56512.00,58946.00,12590.00,205490.00,789941.00,65723.00
4751,31915.00,24579.00,87014.00,53584.00,51803.00,12634.00,205304.00,793965.00,54579.00
4752,35792.00,27639.00,99012.00,79482.00,59863.00,12474.00,208398.00,807609.00,71356.00
4753,34915.00,27035.00,99529.00,58776.00,70885.00,12501.00,205072.00,793747.00,54546.00
4754,35750.00,27699.00,97743.00,52655.00,28865.00,12597.00,205026.00,793544.00,54569.00
4755,35769.00,27686.00,113200.00,66838.00,54233.00,12451.00,208465.00,787546.00,66228.00
4756,31916.00,24457.00,89797.00,53535.00,51168.00,12571.00,205259.00,794079.00,54526.00
4757,35701.00,27667.00,99173.00,52837.00,28851.00,12555.00,205284.00,793331.00,54640.00
4758,35790.00,27743.00,113276.00,66346.00,51635.00,12546.00,227929.00,810616.00,66544.00
4759,31741.00,27011.00,86369.00,53554.00,50636.00,12646.00,205388.00,793256.00,54684.00
4760,35813.00,27576.00,97982.00,52782.00,28868.00,12547.00,205443.00,793184.00,54668.00
4761,35898.00,27753.00,113174.00,68318.00,50873.00,12462.00,208395.00,899409.00,104712.00
4762,38296.00,45696.00,114186.00,55634.00,30417.00,13267.00,216259.00,882471.00,54709.00
4763,35841.00,27681.00,112472.00,68059.00,51441.00,12433.00,227513.00,807051.00,64902.00
4764,59070.00,28146.00,87538.00,53516.00,51149.00,12560.00,205260.00,793622.00,54579.00
4765,35638.00,27634.00,97627.00,52829.00,28917.00,12543.00,205281.00,793380.00,54548.00
4766,42927.00,27616.00,102459.00,67878.00,56041.00,12487.00,209543.00,787238.00,76021.00
4767,31729.00,24615.00,86837.00,53496.00,52016.00,12600.00,205312.00,793657.00,54679.00
4768,35714.00,27620.00,98799.00,52843.00,28798.00,12490.00,205286.00,793504.00,54530.00
4769,31764.00,37006.00,102649.00,74113.00,50612.00,12495.00,208381.00,827851.00,65535.00
4770,31802.00,24573.00,86893.00,53619.00,51488.00,12522.00,205269.00,825186.00,66487.00
4771,35799.00,27475.00,98476.00,52796.00,28841.00,12554.00,205284.00,792935.00,71905.00
4772,31853.00,24715.00,87373.00,53594.00,50713.00,15817.00,205247.00,789905.00,64997.00
4773,31789.00,24652.00,86831.00,53586.00,57663.00,12523.00,227545.00,932133.00,58905.00
4774,38798.00,29792.00,120165.00,94813.00,53351.00,13184.00,223352.00,787396.00,65440.00
4775,31854.00,27437.00,87586.00,53595.00,51464.00,12544.00,205256.00,793136.00,54514.00
4776,35667.00,27498.00,97720.00,52749.00,28951.00,12529.00,205268.00,793502.00,54578.00
4777,35616.00,27611.00,113448.00,66218.00,50832.00,12517.00,208397.00,787475.00,64703.00
4778,31703.00,27458.00,105606.00,58615.00,53888.00,13333.00,221453.00,830598.00,57740.00
4779,47132.00,29093.00,97888.00,52877.00,28942.00,12535.00,205510.00,833846.00,72205.00
4780,31717.00,24501.00,87518.00,53510.00,55131.00,12641.00,205067.00,790079.00,68386.00
4781,31769.00,24641.00,86928.00,53580.00,58302.00,12604.00,205461.00,793330.00,54857.00
4782,35728.00,27667.00,98254.00,52842.00,28921.00,12542.00,205431.00,793218.00,77123.00
4783,31643.00,24522.00,87615.00,53655.00,54815.00,16059.00,232171.00,805500.00,65673.00
4784,31678.00,24556.00,86798.00,53606.00,59556.00,12542.00,205262.00,793594.00,54642.00
4785,35579.00,27711.00,97852.00,52967.00,28771.00,12474.00,229080.00,867355.00,89314.00
4786,45909.00,27695.00,99720.00,58765.00,67147.00,12569.00,205240.00,793941.00,54510.00
4787,35740.00,27648.00,98975.00,52786.00,28779.00,12547.00,205256.00,793580.00,54474.00
4788,35552.00,27612.00,112332.00,67731.00,50926.00,12491.00,208431.00,787416.00,65520.00
4789,31694.00,24644.00,89418.00,53486.00,52533.00,12578.00,205256.00,793288.00,54561.00
4790,35653.00,27773.00,98253.00,52840.00,28754.00,12500.00,205244.00,793996.00,54443.00
4791,35622.00,27614.00,113935.00,67235.00,51512.00,12562.00,208623.00,788075.00,71428.00
4792,31811.00,24559.00,90087.00,53581.00,51498.00,12558.00,205284.00,793812.00,54411.00
4793,35700.00,27612.00,98841.00,52910.00,28730.00,12516.00,205250.00,793613.00,54515.00
4794,35735.00,27542.00,112611.00,66770.00,52540.00,12525.00,208352.00,787149.00,66591.00
4795,31686.00,24552.00,89760.00,53613.00,51188.00,12593.00,205248.00,817647.00,57768.00
4796,37684.00,29147.00,113783.00,52746.00,29000.00,12586.00,205355.00,822386.00,54784.00
4797,35750.00,27568.00,112776.00,67300.00,50862.00,12608.00,208515.00,787185.00,64700.00
4798,31600.00,27470.00,87254.00,53579.00,52775.00,12578.00,225672.00,905730.00,54738.00
4799,35669.00,27632.00,97486.00,52857.00,28901.00,12589.00,205285.00,844229.00,66546.00
4800,31630.00,24667.00,86735.00,55664.00,64913.00,13128.00,216054.00,845226.00,65868.00
4801,31745.00,24668.00,86905.00,53509.00,51987.00,29088.00,220782.00,794351.00,54667.00
4802,35703.00,27589.00,113189.00,66170.00,52200.00,12592.00,208672.00,786983.00,64536.00
4803,31821.00,24649.00,90661.00,53443.00,50663.00,12592.00,205249.00,793695.00,54412.00
4804,35565.00,27556.00,98336.00,52727.00,28828.00,12602.00,205278.00,793337.00,54614.00
4805,35601.00,27755.00,113027.00,68037.00,51097.00,12561.00,208371.00,787130.00,65032.00
4806,31841.00,24583.00,89530.00,53573.00,50768.00,12541.00,205257.00,793433.00,54661.00
4807,35673.00,27607.00,98368.00,52723.00,28783.00,12623.00,205244.00,793517.00,54492.00
4808,35674.00,27609.00,112726.00,68126.00,51361.00,12528.00,227528.00,811980.00,65454.00
4809,50746.00,24478.00,95878.00,58764.00,73641.00,12573.00,205274.00,793657.00,54572.00
4810,35750.00,27628.00,98279.00,52818.00,28882.00,12569.00,205295.00,882343.00,73906.00
4811,31894.00,24550.00,87240.00,53488.00,53932.00,12575.00,205295.00,790356.00,64878.00
4812,31699.00,24564.00,87316.00,53492.00,51963.00,12542.00,205258.00,793680.00,54515.00
4813,35539.00,27626.00,97825.00,52789.00,28903.00,12560.00,205265.00,793261.00,64297.00
4814,31855.00,24535.00,87501.00,53562.00,50740.00,12587.00,208532.00,787620.00,67261.00
4815,31549.00,24484.00,86806.00,53588.00,52897.00,12574.00,204982.00,793311.00,54581.00
4816,35505.00,27575.00,97741.00,52692.00,28957.00,12580.00,205055.00,793751.00,55093.00
4817,31646.00,35636.00,87439.00,53496.00,50878.00,12478.00,208402.00,788376.00,64580.00
4818,31762.00,27331.00,87053.00,53614.00,51049.00,12471.00,205243.00,793766.00,54569.00
4819,35749.00,27708.00,98530.00,52749.00,28877.00,12606.00,205278.00,793827.00,54513.00
4820,44273.00,27628.00,102590.00,67115.00,52725.00,12510.00,208378.00,787807.00,64607.00
4821,31641.00,27026.00,86785.00,53508.00,50899.00,12567.00,205543.00,821967.00,57555.00
4822,46534.00,28990.00,97431.00,52880.00,28872.00,12487.00,205457.00,793514.00,54986.00
4823,41795.00,27739.00,108884.00,58741.00,67388.00,13562.00,233981.00,857012.00,71126.00
4824,34823.00,27015.00,95581.00,66677.00,50584.00,12547.00,205030.00,836970.00,54746.00
4825,35761.00,27546.00,99392.00,77798.00,50588.00,12546.00,226147.00,811701.00,65273.00
4826,31782.00,24651.00,89454.00,53521.00,54454.00,12553.00,205267.00,844125.00,59443.00
4827,48796.00,29946.00,102991.00,55582.00,30467.00,13179.00,235428.00,873466.00,72720.00
4828,31730.00,24626.00,87773.00,70621.00,74675.00,13598.00,222033.00,862856.00,72027.00
4829,51461.00,26975.00,123585.00,60357.00,53975.00,13651.00,236493.00,899181.00,69324.00
4830,37334.00,29125.00,116292.00,56536.00,28966.00,12541.00,205284.00,789833.00,65096.00
4831,31789.00,24610.00,87058.00,53584.00,51741.00,12550.00,205481.00,793370.00,54814.00
4832,35672.00,27696.00,98120.00,52785.00,28912.00,12576.00,205460.00,803467.00,66400.00
4833,31880.00,24518.00,87438.00,53573.00,54444.00,12520.00,205275.00,790396.00,91265.00
4834,34714.00,26860.00,94915.00,58790.00,54191.00,23144.00,205255.00,875734.00,98216.00
4835,37542.00,29055.00,112157.00,52736.00,28991.00,12642.00,209162.00,787306.00,65375.00
4836,31614.00,24500.00,89795.00,53633.00,50297.00,12530.00,205278.00,793274.00,54589.00
4837,35605.00,27680.00,98018.00,52856.00,28854.00,12547.00,225419.00,863110.00,54635.00
4838,44360.00,27752.00,102857.00,66738.00,50829.00,12488.00,208690.00,824286.00,75224.00
4839,31725.00,24700.00,86707.00,53549.00,51932.00,12482.00,205277.00,834286.00,54708.00
4840,35575.00,27520.00,97644.00,71666.00,30377.00,13141.00,216056.00,831316.00,65733.00
4841,31668.00,24577.00,86889.00,75052.00,65451.00,13297.00,216073.00,831558.00,70479.00
4842,34857.00,27009.00,95313.00,58715.00,52459.00,13240.00,216072.00,868009.00,57369.00
4843,38510.00,45295.00,135075.00,78242.00,52117.00,13145.00,220085.00,805313.00,82774.00
4844,34924.00,27026.00,95406.00,58834.00,76953.00,12498.00,205274.00,792992.00,54531.00
4845,35970.00,27629.00,97563.00,54421.00,62190.00,12545.00,205273.00,834372.00,65203.00
4846,31871.00,24486.00,87142.00,75797.00,52509.00,13204.00,216090.00,838784.00,74632.00
4847,38501.00,29831.00,114700.00,55623.00,30446.00,13222.00,223986.00,834802.00,54826.00
4848,42067.00,27567.00,102491.00,67879.00,54949.00,12456.00,207742.00,787406.00,87307.00
4849,34693.00,26955.00,95873.00,58849.00,54475.00,23454.00,205357.00,793287.00,54665.00
4850,35603.00,27676.00,97309.00,52683.00,28870.00,12588.00,205398.00,834279.00,77365.00
4851,31797.00,24578.00,87472.00,53472.00,69496.00,12549.00,231374.00,826461.00,71848.00
4852,34799.00,26998.00,105218.00,53638.00,51744.00,12570.00,205279.00,793002.00,54574.00
4853,35672.00,27660.00,111410.00,67338.00,50533.00,12571.00,208617.00,787109.00,65427.00
4854,31543.00,24532.00,89418.00,53551.00,50375.00,12514.00,205452.00,793432.00,54539.00
4855,35792.00,27528.00,98453.00,52697.00,28980.00,12553.00,205441.00,793391.00,54646.00
4856,35726.00,27670.00,99209.00,75282.00,50553.00,12567.00,208242.00,786973.00,64619.00
4857,31764.00,24602.00,89667.00,53483.00,50915.00,12541.00,205284.00,790046.00,65259.00
4858,31688.00,24698.00,86598.00,53536.00,52087.00,12465.00,205238.00,831549.00,57641.00
4859,38560.00,45999.00,121625.00,112822.00,53400.00,13153.00,222301.00,787204.00,67436.00
4860,31762.00,24640.00,87468.00,53495.00,51792.00,12534.00,205275.00,793451.00,54627.00
4861,35765.00,27688.00,98834.00,52804.00,28843.00,12532.00,205261.00,793645.00,54738.00
4862,42291.00,27688.00,102476.00,68299.00,60581.00,12523.00,208329.00,788186.00,67186.00
4863,31831.00,24589.00,86847.00,53604.00,51865.00,12493.00,205278.00,829483.00,65887.00
4864,35577.00,27676.00,99004.00,52736.00,28864.00,12520.00,205267.00,793688.00,64797.00
4865,31830.00,24529.00,87354.00,53534.00,50372.00,12516.00,208625.00,787404.00,68615.00
4866,31813.00,24463.00,87321.00,53434.00,52725.00,12522.00,205267.00,793376.00,54469.00
4867,35738.00,27655.00,97995.00,52825.00,28896.00,12456.00,205281.00,793428.00,54581.00
4868,41250.00,27797.00,102170.00,66694.00,51093.00,12597.00,208333.00,787015.00,68207.00
4869,31579.00,24621.00,86789.00,53497.00,51465.00,12628.00,205587.00,811219.00,59117.00
4870,38713.00,29857.00,115234.00,65899.00,28915.00,12644.00,205214.00,836550.00,74866.00
4871,31563.00,24609.00,87315.00,53528.00,54354.00,12494.00,232026.00,914987.00,54912.00
4872,35632.00,27601.00,97730.00,52834.00,28820.00,12580.00,205667.00,793580.00,54791.00
4873,35624.00,27707.00,111332.00,66816.00,56194.00,12474.00,208386.00,810236.00,71572.00
4874,34701.00,26975.00,98823.00,58930.00,52206.00,13180.00,219728.00,865245.00,57845.00
4875,37603.00,29178.00,111865.00,52673.00,28931.00,12519.00,205114.00,793372.00,65431.00
4876,31614.00,24540.00,87327.00,53528.00,51763.00,12579.00,208840.00,786768.00,67573.00
4877,31931.00,24696.00,87276.00,53541.00,51728.00,12475.00,205276.00,793630.00,54579.00
4878,35853.00,27622.00,97968.00,52760.00,28942.00,12611.00,205274.00,793489.00,54569.00
4879,31804.00,37207.00,102410.00,67883.00,59516.00,12531.00,208670.00,787221.00,68688.00
4880,31669.00,24505.00,87179.00,53506.00,51739.00,12469.00,205234.00,793620.00,54502.00
4881,35745.00,27724.00,98857.00,52803.00,28909.00,12644.00,205262.00,793575.00,54486.00
4882,31715.00,37347.00,102455.00,66391.00,51162.00,12492.00,208355.00,789007.00,68099.00
4883,31747.00,24664.00,87033.00,53599.00,50577.00,12664.00,205171.00,843915.00,58829.00
4884,48422.00,29862.00,103044.00,55663.00,30344.00,13244.00,234827.00,838556.00,64899.00
4885,31602.00,24476.00,87333.00,56434.00,50407.00,12631.00,205322.00,790092.00,65795.00
4886,31756.00,24573.00,87257.00,53446.00,52074.00,12460.00,205280.00,793681.00,54552.00
4887,35710.00,27641.00,99053.00,53449.00,66695.00,12596.00,205496.00,797105.00,64973.00
4888,31611.00,24645.00,87360.00,56449.00,74702.00,13147.00,216052.00,809634.00,64491.00
4889,31751.00,24587.00,87219.00,53541.00,50321.00,12532.00,205275.00,793739.00,54562.00
4890,35812.00,27607.00,98789.00,79679.00,50500.00,12530.00,208185.00,787349.00,65095.00
4891,31698.00,24603.00,90486.00,53568.00,50494.00,12561.00,205503.00,790192.00,75783.00
4892,31714.00,24607.00,86538.00,53492.00,52156.00,12540.00,205263.00,793071.00,54540.00
4893,35608.00,27639.00,111076.00,76817.00,50939.00,12467.00,229090.00,837617.00,65209.00
4894,36451.00,24603.00,87341.00,53548.00,50968.00,12474.00,205369.00,793011.00,54441.00
4895,35709.00,27446.00,98944.00,52857.00,28873.00,12594.00,205231.00,849940.00,54741.00
4896,35676.00,27640.00,134925.00,116028.00,58200.00,13659.00,222345.00,841340.00,69827.00
4897,34890.00,26970.00,101229.00,53452.00,51874.00,12568.00,205250.00,794123.00,54612.00
4898,35586.00,27744.00,99352.00,77963.00,56578.00,12495.00,208408.00,787035.00,65317.00
4899,31735.00,24427.00,89977.00,53703.00,51410.00,12612.00,205294.00,789861.00,65820.00
4900,31900.00,24605.00,86543.00,53590.00,50716.00,12570.00,205272.00,837644.00,54655.00
4901,35652.00,27704.00,112815.00,66913.00,51596.00,12549.00,208388.00,787047.00,64925.00
4902,31898.00,24560.00,90029.00,53621.00,50552.00,12541.00,205394.00,793606.00,54525.00
4903,35657.00,27598.00,98143.00,52828.00,29030.00,12599.00,205393.00,793461.00,54619.00
4904,35723.00,27663.00,113122.00,70641.00,51382.00,12570.00,208739.00,787309.00,64645.00
4905,31759.00,24582.00,90472.00,53456.00,53486.00,12521.00,205290.00,795564.00,54636.00
4906,35785.00,27728.00,98741.00,52751.00,28921.00,12513.00,205272.00,793740.00,54634.00
4907,35748.00,27644.00,115026.00,67916.00,61814.00,12474.00,208146.00,787088.00,65293.00
4908,31605.00,24565.00,90028.00,53576.00,50543.00,12693.00,205552.00,888266.00,59195.00
4909,48418.00,30021.00,103111.00,64403.00,29000.00,12529.00,205560.00,834349.00,77112.00
4910,31843.00,24558.00,86986.00,53523.00,60207.00,12652.00,205471.00,790560.00,65275.00
4911,31817.00,24633.00,86925.00,53576.00,50433.00,12506.00,205289.00,793205.00,54469.00
4912,35863.00,27448.00,98176.00,52732.00,28918.00,12555.00,205291.00,793570.00,76524.00
4913,31628.00,24465.00,87181.00,53643.00,52453.00,16425.00,205303.00,787044.00,65728.00
4914,31824.00,24523.00,86620.00,53493.00,52990.00,12581.00,205585.00,793652.00,55100.00
4915,35912.00,27471.00,97804.00,52905.00,28919.00,12610.00,205610.00,793602.00,64969.00
4916,31834.00,24589.00,87750.00,53522.00,51780.00,12604.00,209477.00,821284.00,74769.00
4917,31847.00,36040.00,87671.00,53608.00,51552.00,12574.00,205256.00,794071.00,54545.00
4918,35675.00,27566.00,98184.00,52788.00,28828.00,12583.00,205271.00,793470.00,64418.00
4919,31830.00,24593.00,87644.00,53502.00,55554.00,12567.00,208343.00,787061.00,67348.00
4920,31770.00,24691.00,87050.00,53602.00,51392.00,12497.00,205261.00,840213.00,59117.00
4921,38656.00,30021.00,113877.00,55530.00,30493.00,23618.00,205300.00,801484.00,72318.00
4922,31738.00,24571.00,87242.00,53717.00,69126.00,13174.00,216095.00,803991.00,64652.00
4923,31863.00,24543.00,87646.00,53590.00,51352.00,12586.00,205281.00,793763.00,54446.00
4924,35632.00,27716.00,98329.00,55066.00,59841.00,12572.00,205268.00,795414.00,65416.00
4925,31759.00,24585.00,87002.00,56264.00,51611.00,12553.00,205148.00,824399.00,54623.00
4926,35773.00,27670.00,98454.00,52906.00,28913.00,12602.00,205086.00,793581.00,54386.00
4927,35623.00,27496.00,98675.00,56820.00,67078.00,12505.00,205325.00,792824.00,66619.00
4928,31867.00,24507.00,86301.00,56243.00,51190.00,12616.00,205271.00,790285.00,65484.00
4929,31673.00,24697.00,87204.00,53536.00,52478.00,12500.00,205254.00,793281.00,54554.00
4930,35772.00,27647.00,97973.00,65486.00,54537.00,12564.00,205576.00,792786.00,65645.00
4931,31535.00,24552.00,87609.00,56579.00,51314.00,12570.00,205268.00,789933.00,69737.00
4932,31575.00,24478.00,86982.00,53567.00,51266.00,12625.00,205572.00,793815.00,54746.00
4933,35809.00,27726.00,97686.00,65017.00,51110.00,12516.00,226588.00,865306.00,72271.00
4934,31501.00,24463.00,111343.00,58770.00,52772.00,13250.00,216092.00,836183.00,57486.00
4935,37685.00,29162.00,103474.00,55564.00,39617.00,12537.00,205236.00,840545.00,64334.00
4936,31557.00,24673.00,87676.00,53561.00,50900.00,12558.00,208681.00,786952.00,67668.00
4937,31906.00,24657.00,87117.00,53568.00,50628.00,12533.00,205278.00,793768.00,54547.00
4938,35705.00,27602.00,97816.00,52858.00,28891.00,12556.00,205273.00,793767.00,57926.00
4939,31775.00,34439.00,102126.00,77951.00,52082.00,12541.00,208397.00,825694.00,90154.00
4940,31811.00,24596.00,87575.00,53576.00,74497.00,13256.00,243427.00,815190.00,54589.00
4941,35615.00,27563.00,99440.00,87887.00,52702.00,12562.00,208417.00,787425.00,64729.00
4942,31840.00,24618.00,89640.00,53627.00,50629.00,12531.00,205046.00,793549.00,54665.00
4943,35738.00,27727.00,97327.00,52850.00,28910.00,12546.00,205073.00,792827.00,54585.00
4944,35622.00,27833.00,100303.00,75401.00,50577.00,12423.00,208394.00,787466.00,67940.00
4945,31822.00,24644.00,89905.00,53593.00,51639.00,12568.00,205408.00,916547.00,54430.00
4946,35866.00,27651.00,97855.00,52809.00,28808.00,12595.00,205118.00,793692.00,54529.00
4947,35758.00,27681.00,112770.00,66128.00,51026.00,12420.00,230798.00,808394.00,67353.00
4948,31651.00,24454.00,87227.00,53642.00,51675.00,12553.00,205246.00,849176.00,57458.00
4949,37441.00,29027.00,103084.00,55549.00,30539.00,13274.00,222256.00,817438.00,71607.00
4950,34904.00,27049.00,95770.00,62098.00,59188.00,13165.00,220002.00,879712.00,64900.00
4951,31630.00,24615.00,87073.00,53579.00,52014.00,12530.00,205579.00,866481.00,69146.00
4952,37578.00,28912.00,114528.00,68144.00,50625.00,12473.00,207937.00,818457.00,66289.00
4953,31673.00,24535.00,87136.00,53609.00,50852.00,12524.00,205271.00,793763.00,54592.00
4954,35849.00,27781.00,98110.00,52750.00,28866.00,12463.00,205248.00,793511.00,65311.00
4955,31631.00,24480.00,87398.00,53558.00,58041.00,12565.00,208644.00,787193.00,67180.00
4956,31681.00,24664.00,86948.00,53540.00,50414.00,12545.00,205325.00,793271.00,54469.00
4957,35722.00,27715.00,98669.00,52927.00,28865.00,12600.00,205268.00,829818.00,58837.00
4958,51605.00,36594.00,98166.00,60300.00,100020.00,12630.00,205273.00,790100.00,73427.00
4959,31645.00,24643.00,86960.00,53492.00,51377.00,12559.00,205452.00,837514.00,54788.00
4960,35778.00,27651.00,97904.00,54617.00,57937.00,12528.00,205078.00,793640.00,65823.00
4961,31592.00,24479.00,86699.00,56383.00,50658.00,12619.00,205558.00,789927.00,64672.00
4962,31618.00,24598.00,87733.00,53574.00,51513.00,12650.00,205538.00,944662.00,79834.00
4963,35648.00,27699.00,97869.00,52946.00,28830.00,12577.00,227306.00,806999.00,65807.00
4964,51322.00,28456.00,98174.00,60340.00,54561.00,13478.00,229621.00,825659.00,57394.00
4965,46447.00,29170.00,97946.00,52882.00,28906.00,12572.00,205108.00,802921.00,66499.00
4966,31626.00,24463.00,87149.00,53663.00,60000.00,12547.00,205249.00,790030.00,64668.00
4967,31727.00,24487.00,87037.00,53599.00,51865.00,12515.00,205258.00,793379.00,54399.00
4968,35570.00,27698.00,98394.00,52767.00,28842.00,12450.00,205259.00,793642.00,63901.00
4969,31910.00,24533.00,87369.00,53494.00,50790.00,12597.00,208354.00,839018.00,72244.00
4970,35852.00,27681.00,98064.00,60212.00,79345.00,12517.00,205238.00,793413.00,54608.00
4971,35804.00,27735.00,98663.00,65850.00,50763.00,12584.00,205269.00,794023.00,66277.00
4972,31660.00,24494.00,86759.00,79727.00,56788.00,13231.00,216076.00,802007.00,71532.00
4973,31822.00,24537.00,87533.00,53539.00,52185.00,12464.00,205240.00,793564.00,54593.00
4974,35940.00,27680.00,111222.00,66253.00,51344.00,12702.00,225939.00,840868.00,66383.00
4975,34804.00,24567.00,87236.00,53490.00,50768.00,12557.00,205427.00,793652.00,54569.00
4976,35750.00,27684.00,97838.00,52850.00,28936.00,12574.00,205419.00,793005.00,54596.00
4977,35698.00,27607.00,114604.00,66353.00,51251.00,12490.00,208078.00,788834.00,64589.00
4978,34444.00,24479.00,87213.00,53547.00,50647.00,12483.00,205262.00,793197.00,54716.00
4979,35761.00,27569.00,98575.00,52793.00,28839.00,12520.00,205260.00,792986.00,54577.00
4980,35642.00,27683.00,114615.00,67403.00,50835.00,12516.00,208501.00,786866.00,65864.00
4981,34445.00,24508.00,87224.00,53536.00,51008.00,12525.00,205234.00,793764.00,54587.00
4982,35714.00,27560.00,97988.00,52756.00,28851.00,12441.00,228901.00,861357.00,55131.00
4983,31831.00,35362.00,86920.00,53664.00,50417.00,12489.00,231001.00,803455.00,66944.00
4984,31619.00,24526.00,86827.00,53520.00,51194.00,12643.00,205320.00,838052.00,57552.00
4985,37513.00,29133.00,102833.00,55594.00,30409.00,13214.00,216393.00,859293.00,67201.00
4986,31748.00,24546.00,86951.00,56390.00,50325.00,28885.00,216087.00,859524.00,65211.00
4987,31739.00,24484.00,86659.00,53530.00,63094.00,12596.00,205252.00,893190.00,57673.00
4988,44143.00,37607.00,87134.00,53597.00,50757.00,12548.00,252708.00,869398.00,90209.00
4989,35640.00,27709.00,116883.00,69476.00,53990.00,13304.00,233589.00,895936.00,66261.00
4990,42643.00,27599.00,103113.00,83439.00,55863.00,17221.00,237545.00,836281.00,79990.00
4991,34721.00,26822.00,95734.00,66253.00,56993.00,12575.00,205489.00,834928.00,54800.00
4992,35645.00,27707.00,111693.00,76142.00,50552.00,12516.00,207847.00,787361.00,64700.00
4993,31898.00,24649.00,90003.00,53577.00,51897.00,12612.00,205244.00,830764.00,59053.00
4994,38405.00,29972.00,106336.00,57116.00,31322.00,24154.00,218125.00,821638.00,66798.00
4995,31890.00,36104.00,86954.00,53543.00,50489.00,12617.00,208527.00,837498.00,65636.00
4996,31804.00,24588.00,86796.00,53584.00,52259.00,12564.00,205279.00,825717.00,66483.00
4997,35853.00,27688.00,98003.00,52851.00,28885.00,12527.00,205250.00,838308.00,65506.00
4998,31807.00,24485.00,87190.00,53562.00,60069.00,12658.00,205286.00,790252.00,65033.00
4999,31804.00,24650.00,87167.00,53544.00,51717.00,12526.00,205245.00,793681.00,54616.00
5000,35758.00,27577.00,98998.00,52757.00,28877.00,12513.00,205247.00,801701.00,66407.00
5001,31833.00,24577.00,87229.00,53566.00,62687.00,12584.00,205461.00,789976.00,66629.00
5002,31889.00,24407.00,86788.00,53664.00,52064.00,12563.00,205248.00,793402.00,54564.00
5003,35936.00,27356.00,98186.00,52791.00,28971.00,12523.00,205284.00,793755.00,87384.00
5004,31836.00,24657.00,87297.00,53594.00,61459.00,12593.00,205264.00,790266.00,64589.00
5005,31779.00,24738.00,86862.00,53541.00,52270.00,12476.00,205255.00,793658.00,54402.00
5006,35758.00,27628.00,98155.00,52842.00,28867.00,12543.00,205254.00,909041.00,65379.00
5007,31738.00,24525.00,86851.00,56666.00,50942.00,12586.00,205259.00,790129.00,65302.00
5008,31565.00,24588.00,86992.00,53600.00,58173.00,12532.00,205259.00,817775.00,57689.00
5009,37521.00,28952.00,115525.00,81885.00,56849.00,12465.00,208586.00,787164.00,66537.00
5010,31723.00,24584.00,108444.00,58742.00,54663.00,13296.00,225225.00,792295.00,54460.00
5011,35640.00,27542.00,98135.00,52779.00,28947.00,12566.00,204962.00,793630.00,54627.00
5012,35676.00,27755.00,113816.00,67774.00,59523.00,12549.00,208467.00,787254.00,64705.00
5013,34403.00,24688.00,87685.00,53580.00,51561.00,12589.00,205260.00,793367.00,54540.00
5014,35479.00,27603.00,98233.00,52839.00,28849.00,12533.00,205277.00,793913.00,54785.00
5015,35745.00,27631.00,114676.00,75335.00,51811.00,12488.00,208287.00,789263.00,64824.00
5016,34285.00,24660.00,87313.00,53578.00,51786.00,12577.00,205387.00,792944.00,54745.00
5017,35772.00,27718.00,97712.00,52746.00,28924.00,12568.00,205273.00,793735.00,54647.00
5018,35678.00,27657.00,115750.00,66355.00,52644.00,12666.00,208170.00,875839.00,66914.00
5019,31857.00,24514.00,86740.00,53551.00,51514.00,12492.00,205285.00,793844.00,54623.00
5020,35723.00,27510.00,98344.00,52821.00,28862.00,12544.00,205257.00,814834.00,67938.00
5021,34843.00,27000.00,122690.00,58778.00,56192.00,13166.00,215958.00,820536.00,69648.00
5022,34936.00,26748.00,95044.00,66558.00,52160.00,12620.00,205256.00,842617.00,65668.00
5023,35482.00,27639.00,111162.00,67042.00,51668.00,12525.00,207731.00,832244.00,64637.00
5024,34761.00,24445.00,86905.00,53552.00,56778.00,12585.00,223088.00,824020.00,54999.00
5025,35653.00,27590.00,98325.00,52832.00,28882.00,12504.00,205507.00,793937.00,54711.00
5026,43707.00,27712.00,102463.00,74445.00,51341.00,12539.00,208344.00,787115.00,67725.00
5027,31669.00,24670.00,87145.00,53577.00,51308.00,12557.00,205483.00,793305.00,54787.00
5028,35532.00,27605.00,98251.00,52779.00,28883.00,12549.00,205514.00,793587.00,54754.00
5029,43661.00,27670.00,102719.00,67376.00,50618.00,12554.00,208328.00,787391.00,65686.00
5030,31859.00,27294.00,86926.00,53619.00,51485.00,12555.00,205063.00,793373.00,70679.00
5031,37629.00,29130.00,120157.00,57060.00,31244.00,13639.00,228346.00,808529.00,64230.00
5032,31774.00,24603.00,86673.00,53609.00,50413.00,12540.00,208457.00,787271.00,68505.00
5033,31739.00,24545.00,86625.00,53521.00,51262.00,12520.00,205256.00,793265.00,54441.00
5034,35719.00,27755.00,98346.00,52705.00,28832.00,12572.00,205266.00,793519.00,55191.00
5035,31925.00,35479.00,87219.00,53543.00,50820.00,12512.00,231163.00,808627.00,67630.00
5036,31777.00,24664.00,86945.00,53630.00,51361.00,12606.00,205424.00,793897.00,54550.00
5037,35402.00,27655.00,97417.00,52692.00,28869.00,12552.00,205473.00,793127.00,55420.00
5038,31582.00,35132.00,86880.00,53576.00,51138.00,12482.00,208447.00,788114.00,67277.00
5039,31874.00,24662.00,87864.00,53599.00,51796.00,12586.00,205123.00,793790.00,54610.00
5040,35938.00,27649.00,97792.00,52825.00,28979.00,12552.00,205114.00,814938.00,57680.00
5041,44870.00,29071.00,112509.00,88450.00,52653.00,12559.00,208616.00,787141.00,72383.00
5042,31705.00,24799.00,87209.00,53532.00,52158.00,12589.00,205268.00,793404.00,54678.00
5043,35605.00,27624.00,97789.00,52754.00,28838.00,12587.00,228692.00,865217.00,64623.00
5044,31593.00,24484.00,87230.00,53488.00,52529.00,12472.00,205250.00,790147.00,74506.00
5045,31724.00,24579.00,87424.00,53472.00,62711.00,12497.00,205264.00,793826.00,54487.00
5046,35715.00,27731.00,98207.00,53806.00,65389.00,12529.00,205254.00,841309.00,66478.00
5047,31528.00,24598.00,89627.00,53614.00,51084.00,12528.00,205297.00,815902.00,70098.00
5048,34954.00,27008.00,105472.00,53558.00,61162.00,12612.00,205267.00,792687.00,54491.00
5049,35762.00,27711.00,113682.00,68665.00,50879.00,12524.00,208499.00,787109.00,65535.00
5050,31675.00,24664.00,90492.00,53513.00,57477.00,12501.00,205242.00,793646.00,54480.00
5051,35749.00,27849.00,98800.00,52856.00,28908.00,12595.00,205284.00,793131.00,54517.00
5052,35708.00,27525.00,113403.00,68829.00,51741.00,12536.00,208190.00,787111.00,65193.00
5053,31668.00,24634.00,110396.00,58720.00,54242.00,13192.00,225223.00,793034.00,54655.00
5054,35552.00,27620.00,97985.00,52783.00,28911.00,12505.00,205304.00,792735.00,54790.00
5055,35749.00,27759.00,112689.00,68117.00,55439.00,12550.00,208551.00,839347.00,118392.00
5056,35866.00,27664.00,107041.00,58754.00,53361.00,23217.00,205356.00,793233.00,54750.00
5057,35986.00,27471.00,97421.00,53449.00,61358.00,12578.00,205271.00,796660.00,65280.00
5058,31655.00,24584.00,86934.00,56367.00,51134.00,12526.00,205257.00,790933.00,64734.00
5059,31746.00,24527.00,87090.00,53572.00,52207.00,12572.00,205601.00,793627.00,54814.00
5060,35686.00,27704.00,116611.00,57108.00,66490.00,13164.00,216059.00,846477.00,65074.00
5061,31587.00,24459.00,89269.00,53441.00,59118.00,12524.00,205273.00,793764.00,54616.00
5062,35988.00,27666.00,98407.00,52793.00,28874.00,12426.00,205265.00,793039.00,54679.00
5063,35739.00,27428.00,112089.00,66349.00,51707.00,12485.00,208381.00,787358.00,65809.00
5064,31706.00,24509.00,89389.00,53634.00,77501.00,13223.00,216099.00,809736.00,54828.00
5065,35804.00,27848.00,97946.00,52846.00,29017.00,12585.00,205525.00,792967.00,54605.00
5066,35683.00,27555.00,112882.00,66634.00,51393.00,12627.00,208334.00,787185.00,66768.00
5067,31601.00,24572.00,89539.00,53520.00,60783.00,12611.00,205248.00,793331.00,54473.00
5068,35622.00,27623.00,118875.00,55507.00,30319.00,13214.00,221923.00,873131.00,54981.00
5069,31618.00,36118.00,87001.00,53621.00,54328.00,12548.00,207875.00,787249.00,68157.00
5070,31695.00,24488.00,87265.00,53563.00,52091.00,12557.00,205072.00,793234.00,54385.00
5071,35678.00,27635.00,97580.00,52691.00,28929.00,12518.00,205077.00,793149.00,54698.00
5072,31715.00,36421.00,102467.00,66579.00,51157.00,12584.00,208439.00,845667.00,57711.00
5073,37728.00,29130.00,103055.00,55704.00,30505.00,13156.00,217560.00,820233.00,54731.00
5074,35606.00,27792.00,97131.00,52807.00,28918.00,12489.00,205529.00,802234.00,65756.00
5075,31647.00,24580.00,87401.00,53568.00,54640.00,12643.00,205332.00,790276.00,71451.00
5076,31669.00,24571.00,87677.00,53512.00,52244.00,12554.00,205296.00,793403.00,54578.00
5077,35682.00,27666.00,98238.00,52808.00,28870.00,12478.00,205274.00,793279.00,75000.00
5078,31687.00,24658.00,86797.00,53588.00,51060.00,12528.00,208432.00,787037.00,65853.00
5079,31856.00,24644.00,86857.00,53613.00,52045.00,12530.00,205241.00,793546.00,54618.00
5080,35718.00,27515.00,98430.00,52783.00,28876.00,12518.00,205238.00,879513.00,76980.00
5081,31662.00,24465.00,87502.00,53415.00,62890.00,12639.00,205375.00,790224.00,66947.00
5082,31830.00,24575.00,87563.00,53649.00,50508.00,12460.00,205259.00,793393.00,54601.00
5083,35565.00,27722.00,97894.00,52885.00,28862.00,12593.00,205308.00,801048.00,66355.00
5084,31593.00,24630.00,87546.00,53496.00,59205.00,12558.00,205431.00,790002.00,65992.00
5085,31838.00,24583.00,87289.00,53669.00,51930.00,12548.00,205260.00,827204.00,65718.00
5086,35785.00,27569.00,98494.00,53059.00,53562.00,25967.00,205282.00,826728.00,65551.00
5087,31679.00,24621.00,87570.00,56387.00,53056.00,12561.00,205107.00,790461.00,64735.00
5088,31561.00,24519.00,87222.00,53512.00,51792.00,12529.00,205282.00,794082.00,54598.00
5089,35549.00,27635.00,98801.00,65414.00,50559.00,12519.00,205296.00,791146.00,66033.00
5090,31804.00,24496.00,87088.00,56268.00,50664.00,12604.00,205252.00,789678.00,66016.00
5091,31724.00,24693.00,87678.00,53616.00,51241.00,12528.00,205265.00,793608.00,54660.00
5092,35532.00,27576.00,98459.00,65401.00,55920.00,12548.00,205279.00,813302.00,72236.00
5093,34898.00,26760.00,108866.00,53524.00,62104.00,12515.00,221393.00,824131.00,54654.00
5094,35888.00,27715.00,97899.00,52805.00,28825.00,12620.00,205336.00,793590.00,54707.00
5095,35781.00,27609.00,113645.00,66405.00,50955.00,12558.00,208555.00,787195.00,65424.00
5096,34576.00,24578.00,87733.00,53607.00,55481.00,12643.00,205265.00,793671.00,54579.00
5097,35782.00,27653.00,98669.00,52853.00,28805.00,12532.00,205269.00,836262.00,54761.00
5098,35630.00,27597.00,112559.00,67355.00,58391.00,12530.00,207491.00,820144.00,73516.00
5099,34964.00,26919.00,95559.00,58853.00,61987.00,12538.00,205248.00,821488.00,57577.00
5100,37514.00,29177.00,111733.00,52845.00,28853.00,12649.00,205103.00,802501.00,66545.00
5101,31691.00,24655.00,87314.00,53608.00,54910.00,12676.00,205308.00,790417.00,65168.00
5102,31835.00,24668.00,87079.00,53523.00,51110.00,12574.00,205263.00,793812.00,54701.00
5103,35793.00,27695.00,97986.00,52711.00,28799.00,12503.00,205262.00,794033.00,76061.00
5104,31872.00,24662.00,86823.00,53635.00,51148.00,12487.00,208283.00,787148.00,65714.00
5105,31762.00,24495.00,86943.00,53510.00,52807.00,12579.00,247014.00,837397.00,54724.00
5106,35772.00,27707.00,98352.00,55124.00,57606.00,12558.00,205305.00,795567.00,74723.00
5107,31665.00,24629.00,86856.00,56405.00,50818.00,12548.00,205271.00,790848.00,64583.00
5108,31618.00,24555.00,86940.00,53528.00,51202.00,12485.00,205455.00,793395.00,54848.00
5109,35711.00,27741.00,97390.00,65011.00,52438.00,12520.00,205420.00,794918.00,82750.00
5110,31839.00,24675.00,87074.00,56398.00,50856.00,12504.00,205263.00,789678.00,66412.00
5111,31754.00,24592.00,87101.00,53582.00,52291.00,12537.00,205273.00,836362.00,54776.00
5112,35611.00,27544.00,98939.00,78175.00,52519.00,12568.00,208072.00,787365.00,66474.00
5113,31792.00,24593.00,89782.00,53623.00,51123.00,12587.00,205259.00,793710.00,54418.00
5114,35803.00,27532.00,98357.00,52808.00,28767.00,12544.00,205257.00,793388.00,54339.00
5115,35704.00,27698.00,101560.00,77327.00,50839.00,12482.00,208447.00,787713.00,64779.00
5116,31777.00,24617.00,89788.00,53574.00,51122.00,12535.00,205304.00,793790.00,54603.00
5117,35731.00,27702.00,98428.00,52860.00,28776.00,12547.00,205260.00,867592.00,54938.00
5118,35694.00,54696.00,136729.00,71992.00,52587.00,13291.00,227920.00,788130.00,67872.00
5119,31781.00,24421.00,86949.00,53504.00,54959.00,12471.00,205253.00,793357.00,54435.00
5120,35819.00,27663.00,98065.00,52772.00,28830.00,12550.00,205290.00,793293.00,54734.00
5121,31742.00,36643.00,102273.00,67113.00,50528.00,12480.00,208361.00,787157.00,78228.00
5122,31882.00,24567.00,86725.00,53547.00,51898.00,12575.00,205573.00,793449.00,54803.00
5123,35736.00,27591.00,98469.00,52739.00,28962.00,12569.00,205540.00,792865.00,54742.00
5124,42603.00,27665.00,102545.00,73227.00,51010.00,12484.00,232066.00,810070.00,74070.00
5125,31712.00,24628.00,87315.00,53491.00,57974.00,12575.00,205276.00,792788.00,54511.00
5126,35453.00,27601.00,98285.00,52778.00,28924.00,12510.00,205245.00,792655.00,80447.00
5127,31759.00,24645.00,87006.00,53501.00,50521.00,12475.00,208286.00,787121.00,66289.00
5128,31680.00,24596.00,86785.00,53547.00,51656.00,12653.00,205285.00,793481.00,54518.00
5129,35522.00,27739.00,98650.00,52879.00,28912.00,12513.00,205257.00,793595.00,56260.00
5130,47823.00,35889.00,112404.00,60211.00,55518.00,17754.00,221961.00,816546.00,64672.00
5131,31560.00,24602.00,86827.00,53569.00,56567.00,12555.00,205288.00,793520.00,54590.00
5132,35896.00,27639.00,97962.00,52814.00,28811.00,12609.00,205288.00,801403.00,66078.00
5133,31851.00,24546.00,87053.00,53499.00,53962.00,12622.00,205321.00,789839.00,65823.00
5134,31817.00,24626.00,87735.00,53626.00,52186.00,12647.00,205556.00,869167.00,54536.00
5135,35561.00,27738.00,97838.00,54916.00,60607.00,12567.00,205266.00,816250.00,70025.00
5136,34940.00,26881.00,99350.00,58808.00,53744.00,23860.00,205479.00,839224.00,59012.00
5137,38570.00,29816.00,114641.00,55418.00,30404.00,13137.00,217940.00,815966.00,57493.00
5138,46360.00,29088.00,136727.00,92954.00,52369.00,16881.00,221061.00,830501.00,64951.00
5139,31739.00,24617.00,87007.00,53543.00,51394.00,12539.00,205286.00,793268.00,54603.00
5140,35770.00,27653.00,98162.00,52788.00,62249.00,12577.00,205253.00,797010.00,85310.00
5141,31779.00,24495.00,87074.00,56417.00,55956.00,12660.00,205317.00,790207.00,65550.00
5142,31775.00,24542.00,87118.00,53657.00,58250.00,12587.00,231710.00,884052.00,54576.00
5143,35610.00,27694.00,113157.00,67839.00,50885.00,12534.00,228203.00,805962.00,64676.00
5144,34802.00,43514.00,96026.00,58835.00,52472.00,13197.00,218042.00,793123.00,54427.00
5145,35882.00,27534.00,98125.00,52818.00,28799.00,12557.00,205268.00,835356.00,64592.00
5146,31651.00,24596.00,87701.00,53544.00,51580.00,12492.00,230862.00,882968.00,71963.00
5147,35020.00,26933.00,95389.00,65948.00,51249.00,12608.00,205308.00,898545.00,54568.00
5148,35760.00,27821.00,113029.00,66315.00,51329.00,12463.00,254257.00,852513.00,71768.00
5149,35775.00,43135.00,98080.00,60252.00,62391.00,13612.00,243895.00,872574.00,54738.00
5150,35808.00,27741.00,113258.00,68035.00,50823.00,12475.00,208650.00,787272.00,65904.00
5151,34611.00,24710.00,87514.00,53480.00,50988.00,12484.00,205247.00,793948.00,54481.00
5152,35641.00,27648.00,97886.00,52835.00,28811.00,12562.00,205268.00,851009.00,54628.00
5153,35829.00,27726.00,112243.00,82186.00,51149.00,12598.00,208815.00,787399.00,67572.00
5154,31663.00,24683.00,123890.00,60336.00,53397.00,13571.00,258139.00,812878.00,54657.00
5155,35844.00,27691.00,97756.00,55003.00,59357.00,12555.00,205242.00,795542.00,66097.00
5156,31643.00,24486.00,87197.00,56348.00,50439.00,12603.00,205263.00,790145.00,65840.00
5157,31779.00,24612.00,87649.00,53654.00,50847.00,12523.00,205268.00,793479.00,54514.00
5158,35749.00,27677.00,98478.00,54383.00,60357.00,12615.00,205262.00,795318.00,64836.00
5159,31682.00,24550.00,87161.00,56321.00,50910.00,12569.00,205251.00,790117.00,65417.00
5160,31710.00,24596.00,87071.00,53620.00,54126.00,12515.00,205268.00,793632.00,54545.00
5161,35688.00,27653.00,98418.00,53683.00,55542.00,34428.00,205376.00,838665.00,65898.00
5162,31620.00,24529.00,89387.00,53570.00,50628.00,12468.00,205260.00,790243.00,64756.00
5163,31668.00,24552.00,87837.00,53474.00,58817.00,12520.00,205612.00,793496.00,54669.00
5164,35747.00,27772.00,100202.00,76472.00,57155.00,12525.00,208407.00,787343.00,79490.00
5165,31770.00,24657.00,89930.00,53606.00,57011.00,12607.00,205491.00,793267.00,54705.00
5166,35706.00,27769.00,98024.00,52750.00,28850.00,12544.00,205428.00,871111.00,57611.00
5167,37560.00,29069.00,123234.00,81002.00,56712.00,12472.00,208886.00,787505.00,67834.00
5168,31806.00,24463.00,86891.00,53539.00,51337.00,12477.00,205267.00,793432.00,54563.00
5169,35603.00,27615.00,98099.00,52770.00,29029.00,12591.00,205273.00,793456.00,54541.00
5170,42985.00,27683.00,102586.00,66355.00,50751.00,12654.00,208431.00,787117.00,67742.00
5171,31757.00,24647.00,87232.00,53529.00,51263.00,12558.00,205253.00,793808.00,54625.00
5172,35741.00,27581.00,98805.00,52891.00,28893.00,12612.00,205239.00,793745.00,54591.00
5173,35766.00,27611.00,111875.00,66319.00,50490.00,12556.00,208391.00,830211.00,74228.00
5174,34877.00,27002.00,95962.00,58792.00,63700.00,12634.00,205559.00,846287.00,54598.00
5175,35777.00,27714.00,97481.00,52907.00,28907.00,12505.00,205106.00,800614.00,65188.00
5176,31601.00,24620.00,87029.00,53488.00,59026.00,12484.00,205303.00,790201.00,64856.00
5177,31680.00,24637.00,87587.00,53590.00,50777.00,12504.00,205290.00,793449.00,54609.00
5178,35673.00,27773.00,98138.00,52729.00,28869.00,12512.00,205290.00,849340.00,93183.00
5179,34869.00,27046.00,95776.00,62433.00,78903.00,12642.00,205267.00,789889.00,64657.00
5180,31588.00,24466.00,87335.00,53652.00,51882.00,12509.00,205259.00,793667.00,54559.00
5181,35739.00,27483.00,100753.00,78819.00,52317.00,12610.00,208129.00,787350.00,66508.00
5182,31792.00,24487.00,90175.00,53631.00,51183.00,12564.00,205529.00,793413.00,54818.00
5183,35541.00,27708.00,98051.00,52807.00,28921.00,12585.00,205518.00,793256.00,54681.00
5184,35684.00,27677.00,99234.00,75008.00,52096.00,12505.00,208314.00,787179.00,66098.00
5185,31743.00,24495.00,89473.00,53583.00,50976.00,12578.00,205608.00,790111.00,66197.00
5186,31643.00,24477.00,87368.00,53626.00,51846.00,12538.00,205281.00,794246.00,54526.00
5187,35512.00,27691.00,101438.00,75884.00,51030.00,12529.00,208595.00,825517.00,64859.00
5188,31686.00,24503.00,89613.00,53578.00,50740.00,12638.00,205272.00,820963.00,57467.00
5189,37630.00,29182.00,112097.00,52747.00,28954.00,12582.00,205092.00,793091.00,54647.00
5190,35691.00,27744.00,114214.00,66997.00,51723.00,12538.00,208415.00,787785.00,65680.00
5191,34474.00,24490.00,87022.00,70010.00,63013.00,13150.00,216084.00,855522.00,54669.00
5192,35692.00,27648.00,98099.00,52736.00,28940.00,12643.00,205078.00,793573.00,65107.00
5193,31470.00,24603.00,87183.00,53540.00,58691.00,12547.00,208375.00,787630.00,67285.00
5194,31796.00,24541.00,87022.00,53531.00,51695.00,12531.00,205261.00,794182.00,54591.00
5195,35724.00,27683.00,97589.00,52784.00,28914.00,12551.00,205271.00,793489.00,54345.00
5196,31811.00,37375.00,102300.00,68135.00,51374.00,12558.00,208210.00,787096.00,67122.00
5197,31787.00,24676.00,87217.00,53622.00,50688.00,12609.00,205267.00,793434.00,54587.00
5198,35761.00,27706.00,98560.00,52687.00,28780.00,12600.00,205259.00,793800.00,54652.00
5199,42328.00,27568.00,102165.00,66610.00,51321.00,12494.00,208363.00,787296.00,75167.00
5200,35003.00,41279.00,95723.00,58856.00,53224.00,13207.00,220803.00,792847.00,54446.00
5201,35525.00,27491.00,98538.00,52802.00,28874.00,12596.00,223291.00,868957.00,64655.00
5202,31644.00,24596.00,87270.00,53564.00,57010.00,12604.00,205262.00,790534.00,65237.00
5203,31769.00,24499.00,87177.00,53562.00,56232.00,12544.00,205259.00,891389.00,57492.00
5204,37530.00,29186.00,118067.00,72480.00,64377.00,12436.00,228465.00,845042.00,67656.00
5205,31782.00,24446.00,87192.00,53603.00,51034.00,12540.00,205257.00,793548.00,54764.00
5206,35675.00,27474.00,98771.00,52808.00,28904.00,12554.00,205282.00,793176.00,54403.00
5207,42327.00,27687.00,102609.00,67006.00,50605.00,12510.00,208424.00,787452.00,68137.00
5208,31709.00,24628.00,87642.00,53604.00,51017.00,12522.00,205303.00,793800.00,54546.00
5209,35691.00,27892.00,98475.00,52883.00,28887.00,12580.00,205250.00,793507.00,54779.00
5210,43224.00,27702.00,102552.00,67883.00,54230.00,12573.00,208409.00,787629.00,67276.00
5211,31671.00,24705.00,86657.00,53600.00,50424.00,12617.00,205255.00,793505.00,54475.00
5212,35658.00,27683.00,98522.00,70555.00,30397.00,13308.00,216277.00,853266.00,79155.00
5213,31820.00,24602.00,87102.00,53517.00,51034.00,15111.00,205304.00,861453.00,120053.00
5214,35007.00,27045.00,96483.00,58795.00,54414.00,13129.00,216618.00,793066.00,71885.00
5215,37838.00,29137.00,119056.00,71625.00,52555.00,13186.00,225911.00,841797.00,115438.00
5216,35688.00,27572.00,98795.00,60224.00,71409.00,13264.00,217674.00,793820.00,54623.00
5217,35707.00,27721.00,97705.00,52844.00,28878.00,12579.00,205286.00,800999.00,66192.00
5218,31718.00,24504.00,86931.00,53473.00,53970.00,12601.00,205331.00,789842.00,65569.00
5219,31612.00,24668.00,86932.00,53573.00,51632.00,12549.00,205258.00,793453.00,54647.00
5220,35694.00,27506.00,98357.00,70497.00,30335.00,13216.00,239956.00,811772.00,66035.00
5221,31763.00,24570.00,87155.00,56256.00,51692.00,12576.00,205269.00,789906.00,75347.00
5222,31713.00,24627.00,87445.00,53477.00,51940.00,12577.00,205295.00,793553.00,54682.00
5223,35808.00,27638.00,98305.00,54211.00,59347.00,12550.00,205265.00,796336.00,66590.00
5224,31975.00,24654.00,87329.00,56275.00,50813.00,12557.00,205149.00,811904.00,72045.00
5225,34878.00,26779.00,95638.00,68831.00,57740.00,12583.00,205263.00,822146.00,54627.00
5226,35693.00,27812.00,111520.00,77458.00,51065.00,12578.00,208559.00,802954.00,80178.00
5227,38187.00,26950.00,113957.00,60201.00,54109.00,13524.00,231664.00,842286.00,59000.00
5228,38602.00,29954.00,114571.00,55595.00,30395.00,23314.00,205198.00,802832.00,65215.00
5229,31682.00,24519.00,87070.00,53569.00,58770.00,12589.00,205255.00,789842.00,64552.00
5230,31733.00,24586.00,87436.00,53507.00,51564.00,12647.00,205466.00,793346.00,54713.00
5231,35646.00,27614.00,97615.00,52799.00,28898.00,12574.00,205255.00,793664.00,64147.00
5232,31773.00,24483.00,86345.00,53662.00,55762.00,12514.00,208285.00,787240.00,67646.00
5233,31693.00,24603.00,87222.00,53539.00,51483.00,12569.00,205243.00,793392.00,54568.00
5234,35758.00,27675.00,99500.00,52880.00,28887.00,12489.00,205219.00,794045.00,55380.00
5235,31810.00,35216.00,87167.00,53585.00,50452.00,12607.00,208255.00,787268.00,67279.00
5236,31619.00,24476.00,87380.00,53545.00,54523.00,12574.00,205268.00,793565.00,54537.00
5237,35751.00,27775.00,98758.00,52836.00,28947.00,12574.00,205292.00,838441.00,55030.00
5238,31634.00,35788.00,87208.00,53578.00,53168.00,12530.00,207923.00,787548.00,67433.00
5239,31640.00,24738.00,87196.00,53562.00,51900.00,12542.00,205245.00,793629.00,54680.00
5240,35788.00,27665.00,97987.00,52757.00,28843.00,12503.00,205266.00,901040.00,101503.00
5241,31753.00,24517.00,86862.00,53680.00,58207.00,12532.00,205306.00,789351.00,66821.00
5242,31609.00,24648.00,86846.00,53608.00,52465.00,12466.00,205253.00,792544.00,54410.00
5243,35566.00,27644.00,98695.00,52712.00,28885.00,12577.00,205252.00,800911.00,64883.00
5244,31854.00,24590.00,86892.00,53499.00,55010.00,12527.00,205302.00,790092.00,65070.00
5245,31820.00,24580.00,87244.00,53465.00,52535.00,12577.00,205281.00,793768.00,54687.00
5246,35674.00,27759.00,98411.00,52820.00,28903.00,12522.00,205268.00,793931.00,77539.00
5247,31646.00,24582.00,87398.00,53563.00,59037.00,15705.00,205272.00,789933.00,72811.00
5248,31714.00,24550.00,86786.00,53582.00,51589.00,12596.00,205266.00,817281.00,57723.00
5249,37835.00,29055.00,103089.00,65512.00,28848.00,12430.00,205267.00,829509.00,70671.00
5250,34900.00,27054.00,103733.00,56701.00,63097.00,13187.00,216102.00,802631.00,66692.00
5251,31705.00,24568.00,87681.00,53573.00,52194.00,12535.00,205267.00,793537.00,54578.00
5252,35648.00,27716.00,99264.00,78963.00,60158.00,12580.00,208428.00,859400.00,74486.00
5253,31595.00,40409.00,87156.00,53568.00,56967.00,12552.00,205281.00,793599.00,54546.00
5254,35730.00,27654.00,97798.00,52868.00,28851.00,12521.00,205265.00,793366.00,54524.00
5255,35696.00,27498.00,112833.00,66987.00,52115.00,12460.00,208017.00,788532.00,65781.00
5256,31709.00,27309.00,87173.00,53573.00,50977.00,12589.00,205454.00,793425.00,54885.00
5257,35763.00,27601.00,97664.00,52726.00,28885.00,12568.00,205451.00,793799.00,54611.00
5258,35605.00,27774.00,113199.00,66278.00,50529.00,12565.00,208331.00,787221.00,64753.00
5259,34387.00,24630.00,87399.00,53619.00,51465.00,12677.00,205333.00,793604.00,54797.00
5260,35424.00,27618.00,97515.00,52811.00,28926.00,12610.00,205286.00,793558.00,54715.00
5261,35623.00,27619.00,114129.00,67010.00,50760.00,12628.00,208358.00,788203.00,64963.00
5262,34548.00,24718.00,87090.00,53600.00,51721.00,12601.00,205284.00,820578.00,57550.00
5263,47489.00,29098.00,98134.00,52805.00,28921.00,12530.00,205488.00,825681.00,54641.00
5264,41691.00,27741.00,102891.00,68090.00,57556.00,12500.00,208539.00,787126.00,67575.00
5265,31716.00,24586.00,87046.00,70334.00,62998.00,13141.00,242645.00,854994.00,54487.00
5266,35633.00,27679.00,98148.00,65316.00,58567.00,12550.00,205265.00,791274.00,66236.00
5267,31813.00,24785.00,86536.00,56293.00,50715.00,12661.00,205285.00,790203.00,65063.00
5268,31743.00,24636.00,87379.00,53469.00,61511.00,12535.00,205277.00,793691.00,54588.00
5269,35541.00,27716.00,98581.00,78652.00,62225.00,12561.00,208337.00,787590.00,75579.00
5270,31667.00,24438.00,89848.00,53540.00,51056.00,12558.00,205366.00,793264.00,54737.00
5271,35743.00,27621.00,98442.00,52618.00,28805.00,12585.00,205394.00,793559.00,54796.00
5272,35756.00,27712.00,100334.00,75206.00,55997.00,12519.00,208385.00,786884.00,66659.00
5273,31824.00,24614.00,89903.00,53567.00,56825.00,12493.00,205274.00,793610.00,54620.00
5274,35660.00,27678.00,98502.00,52830.00,28968.00,12500.00,205260.00,793465.00,54605.00
5275,35581.00,27774.00,111410.00,69777.00,56943.00,12507.00,224598.00,856513.00,66730.00
5276,31631.00,27591.00,110787.00,58793.00,52821.00,13153.00,218448.00,793292.00,54717.00
5277,35722.00,27633.00,98508.00,52823.00,28849.00,12516.00,223336.00,869794.00,73730.00
5278,31742.00,24519.00,87376.00,53621.00,57986.00,28999.00,225313.00,789769.00,65579.00
5279,31845.00,24729.00,87451.00,53428.00,51136.00,12516.00,205281.00,862238.00,69570.00
5280,37531.00,29124.00,124905.00,77405.00,51292.00,12568.00,207585.00,787010.00,65450.00
5281,31637.00,24585.00,89800.00,53608.00,50528.00,12518.00,205417.00,794012.00,54694.00
5282,35646.00,27678.00,97617.00,52855.00,28814.00,12532.00,205453.00,793196.00,54746.00
5283,35671.00,27643.00,111406.00,66221.00,51729.00,12520.00,208325.00,834657.00,65886.00
5284,34630.00,24653.00,86603.00,53517.00,55760.00,12507.00,205265.00,845928.00,54727.00
5285,35738.00,27750.00,98079.00,52830.00,28880.00,12582.00,205342.00,852297.00,66373.00
5286,31542.00,24496.00,108038.00,58818.00,54616.00,15881.00,225398.00,790168.00,75996.00
5287,31709.00,24596.00,87364.00,53669.00,51549.00,12513.00,205305.00,793972.00,54726.00
5288,35792.00,27648.00,98967.00,52726.00,28876.00,12523.00,205293.00,844352.00,64946.00
5289,31729.00,24513.00,86694.00,53565.00,69166.00,12580.00,205394.00,879638.00,83742.00
5290,35788.00,27610.00,106435.00,67179.00,51159.00,12481.00,205247.00,793033.00,54607.00
5291,35626.00,27706.00,114099.00,66136.00,50496.00,12565.00,208252.00,868078.00,74712.00
5292,43312.00,26946.00,87771.00,53638.00,51300.00,12591.00,205303.00,793384.00,54627.00
5293,35662.00,27496.00,98521.00,52796.00,28919.00,12485.00,205272.00,793984.00,65237.00
5294,31974.00,24668.00,105032.00,58826.00,55582.00,13184.00,240598.00,818538.00,65889.00
5295,31741.00,24481.00,86992.00,53503.00,52114.00,12511.00,205269.00,793593.00,54503.00
5296,35526.00,27819.00,99112.00,52878.00,28832.00,12540.00,205273.00,793829.00,72834.00
5297,31752.00,24651.00,87172.00,53482.00,51003.00,15724.00,205302.00,790114.00,65908.00
5298,31856.00,24407.00,87050.00,53583.00,52101.00,12489.00,205271.00,793809.00,54460.00
5299,35875.00,27538.00,98898.00,52914.00,28973.00,12537.00,205267.00,823637.00,79500.00
5300,43785.00,26894.00,86050.00,53502.00,53877.00,12629.00,205135.00,790708.00,80791.00
5301,34872.00,26947.00,96317.00,58902.00,53161.00,23189.00,205290.00,850834.00,59121.00
5302,47838.00,29800.00,106103.00,89806.00,51146.00,12639.00,226088.00,807611.00,64539.00
5303,34481.00,24535.00,110952.00,58772.00,52702.00,13265.00,220706.00,822138.00,57483.00
5304,35770.00,38438.00,98040.00,52700.00,28926.00,12567.00,205351.00,792603.00,55486.00
5305,31689.00,35069.00,86471.00,53555.00,51376.00,12459.00,233952.00,909175.00,70751.00
5306,34779.00,26967.00,95305.00,67512.00,50466.00,12591.00,205265.00,899654.00,54775.00
5307,35619.00,27630.00,114254.00,67521.00,50663.00,12549.00,251337.00,858688.00,73095.00
5308,34681.00,27085.00,95882.00,58824.00,71510.00,12597.00,256262.00,894844.00,54602.00
5309,35710.00,27597.00,113508.00,76203.00,51421.00,12546.00,230543.00,804949.00,67975.00
5310,31609.00,24555.00,87273.00,53533.00,51151.00,12546.00,205255.00,823231.00,65633.00
5311,35826.00,27891.00,98018.00,52777.00,28933.00,12591.00,205258.00,833088.00,63772.00
5312,31668.00,24618.00,87657.00,53606.00,50942.00,12531.00,231943.00,805785.00,65199.00
5313,31829.00,24564.00,87227.00,53681.00,50291.00,12520.00,205561.00,864611.00,57361.00
5314,37396.00,29026.00,108237.00,66168.00,50623.00,12580.00,205277.00,830577.00,65383.00
5315,31759.00,24587.00,89688.00,53567.00,50830.00,12589.00,205557.00,793065.00,54798.00
5316,35844.00,27570.00,97922.00,52872.00,28910.00,12597.00,205657.00,793381.00,54933.00
5317,35885.00,27670.00,110966.00,84421.00,55308.00,12626.00,208760.00,787127.00,64476.00
5318,31867.00,24758.00,89251.00,53487.00,50617.00,12573.00,205269.00,793880.00,54774.00
5319,35697.00,27535.00,98294.00,52699.00,28873.00,12624.00,205268.00,836409.00,54706.00
5320,35756.00,27690.00,112694.00,66131.00,58499.00,12505.00,207931.00,786894.00,65508.00
5321,34447.00,24487.00,86918.00,53641.00,51367.00,12554.00,205462.00,793558.00,54843.00
5322,35684.00,27667.00,98075.00,52850.00,28889.00,12585.00,205511.00,793489.00,54656.00
5323,35622.00,27619.00,114679.00,81945.00,74200.00,13237.00,220098.00,809444.00,67921.00
5324,34881.00,42758.00,95375.00,58784.00,70018.00,12534.00,205456.00,793499.00,54632.00
5325,35679.00,27773.00,97845.00,52743.00,28913.00,12703.00,205451.00,884194.00,72628.00
5326,45725.00,27867.00,95868.00,62597.00,52534.00,13200.00,216084.00,818467.00,65030.00
5327,31681.00,24503.00,87140.00,53537.00,51547.00,12503.00,205283.00,793105.00,54609.00
5328,35937.00,27671.00,111122.00,66311.00,51726.00,12536.00,208465.00,787086.00,66868.00
5329,31705.00,24484.00,89717.00,53603.00,59253.00,12477.00,205256.00,792875.00,54608.00
5330,35886.00,27717.00,98756.00,52832.00,28917.00,12531.00,205273.00,793980.00,54498.00
5331,35757.00,27502.00,111274.00,69864.00,51833.00,12520.00,208378.00,787725.00,64703.00
5332,31935.00,24521.00,89586.00,53624.00,51292.00,12567.00,205108.00,793688.00,54509.00
5333,35688.00,27777.00,97527.00,52775.00,28952.00,12517.00,205034.00,794025.00,54650.00
5334,35721.00,27735.00,110950.00,66913.00,51078.00,12620.00,208370.00,787662.00,65937.00
5335,31645.00,24644.00,89828.00,53549.00,50559.00,12619.00,205059.00,793766.00,54642.00
5336,35700.00,27705.00,97755.00,52805.00,28943.00,12651.00,205001.00,841071.00,54657.00
5337,35696.00,27662.00,112792.00,68036.00,51256.00,12586.00,208366.00,787312.00,66717.00
5338,31612.00,24510.00,111326.00,58778.00,57398.00,13175.00,235434.00,840471.00,54728.00
5339,35654.00,27532.00,97290.00,52842.00,28901.00,12569.00,205275.00,793639.00,55270.00
5340,31651.00,36542.00,87025.00,53543.00,50958.00,12510.00,208347.00,788346.00,67298.00
5341,34851.00,40945.00,95366.00,58767.00,52613.00,13167.00,219745.00,832989.00,54818.00
5342,35875.00,27667.00,98393.00,52826.00,28824.00,12528.00,205480.00,793705.00,76373.00
5343,31797.00,24471.00,87596.00,53538.00,51552.00,15630.00,205307.00,788190.00,66129.00
5344,31763.00,24602.00,86727.00,53463.00,52408.00,12568.00,205258.00,793535.00,54598.00
5345,35789.00,27673.00,98533.00,52763.00,28892.00,12509.00,205271.00,793267.00,81561.00
5346,31564.00,24473.00,88167.00,53606.00,50443.00,12500.00,208342.00,787348.00,67906.00
5347,31763.00,24580.00,86940.00,53591.00,50662.00,12578.00,205274.00,793481.00,54634.00
5348,35647.00,27619.00,98264.00,52773.00,28867.00,12477.00,205281.00,792936.00,54656.00
5349,31660.00,36122.00,87448.00,53539.00,62169.00,12540.00,208346.00,786896.00,68595.00
5350,31913.00,24577.00,87109.00,53478.00,51341.00,12556.00,205268.00,860848.00,57480.00
5351,37564.00,29146.00,130000.00,72618.00,31085.00,13565.00,230520.00,838931.00,65074.00
5352,31900.00,24641.00,87330.00,56310.00,50994.00,12576.00,205250.00,789969.00,64977.00
5353,31743.00,24501.00,87241.00,53597.00,52171.00,12582.00,205258.00,793527.00,54602.00
5354,35570.00,27742.00,99070.00,66004.00,52462.00,12592.00,205308.00,792447.00,65475.00
5355,31689.00,24561.00,87057.00,57052.00,58998.00,12541.00,205263.00,791295.00,66265.00
5356,31935.00,24638.00,87185.00,53565.00,52327.00,12492.00,205253.00,793510.00,54433.00
5357,35939.00,27661.00,98489.00,65095.00,51221.00,12639.00,205274.00,792127.00,73840.00
5358,31496.00,24563.00,87570.00,56295.00,50429.00,12517.00,205234.00,790644.00,65707.00
5359,31845.00,24492.00,87565.00,53568.00,50529.00,12578.00,205258.00,838071.00,54880.00
5360,35534.00,27607.00,110904.00,66242.00,50587.00,12616.00,207994.00,787278.00,64636.00
5361,31807.00,24557.00,89314.00,53584.00,50879.00,12531.00,205261.00,793242.00,54546.00
5362,35711.00,27779.00,98080.00,52890.00,28821.00,12459.00,205263.00,793497.00,54762.00
5363,35672.00,27598.00,150247.00,96730.00,52900.00,13594.00,234912.00,808114.00,67482.00
5364,34774.00,41974.00,95696.00,58770.00,69733.00,12449.00,205276.00,793969.00,54480.00
5365,35612.00,27728.00,98758.00,52916.00,28820.00,12504.00,205268.00,793792.00,65078.00
5366,31747.00,24604.00,87034.00,53494.00,51201.00,12523.00,208349.00,786983.00,69536.00
5367,31840.00,24591.00,86483.00,53564.00,51708.00,12518.00,205275.00,816580.00,54579.00
5368,35850.00,27552.00,98002.00,52827.00,28809.00,12538.00,205264.00,793744.00,55569.00
5369,31635.00,34781.00,87555.00,53449.00,51318.00,12550.00,208382.00,787173.00,67744.00
5370,31584.00,24682.00,86759.00,53635.00,52176.00,12525.00,205273.00,793347.00,54575.00
5371,35819.00,27558.00,98064.00,52847.00,28921.00,12565.00,205231.00,794058.00,54544.00
5372,44546.00,27637.00,102535.00,66439.00,51233.00,12586.00,208423.00,787051.00,64552.00
5373,31681.00,27452.00,87444.00,53635.00,51554.00,12546.00,205263.00,793232.00,54538.00
5374,35521.00,27586.00,98585.00,52846.00,28798.00,12636.00,205251.00,793749.00,54562.00
5375,44353.00,27533.00,102760.00,68424.00,58278.00,12562.00,208310.00,906721.00,72629.00
5376,35758.00,27758.00,97829.00,60303.00,70635.00,13151.00,220935.00,834630.00,54496.00
5377,35669.00,27631.00,111530.00,66724.00,50670.00,12488.00,209019.00,787120.00,65415.00
5378,31744.00,24591.00,90448.00,53586.00,51195.00,12595.00,205300.00,793388.00,54736.00
5379,35564.00,27684.00,98784.00,52799.00,28910.00,12608.00,230088.00,812108.00,54776.00
5380,35754.00,27671.00,114114.00,67999.00,59418.00,12470.00,209091.00,787336.00,64758.00
5381,34548.00,24485.00,86979.00,53585.00,50936.00,12616.00,205371.00,793472.00,54773.00
5382,35656.00,27630.00,97288.00,52848.00,28840.00,12554.00,205246.00,793207.00,54599.00
5383,35703.00,27858.00,113792.00,66865.00,52931.00,12527.00,208420.00,788805.00,64584.00
5384,34563.00,24551.00,86882.00,53479.00,53898.00,12526.00,205298.00,793635.00,54549.00
5385,35747.00,27677.00,98086.00,52808.00,28902.00,12481.00,205296.00,793417.00,54705.00
5386,35831.00,27621.00,113992.00,66291.00,51178.00,12493.00,208177.00,789176.00,64671.00
5387,34300.00,24654.00,87278.00,53548.00,51885.00,12538.00,205282.00,846688.00,59102.00
5388,48200.00,29840.00,103051.00,55685.00,30368.00,23486.00,205051.00,836886.00,64273.00
5389,31717.00,24654.00,87350.00,53602.00,53415.00,12486.00,234208.00,807692.00,67570.00
5390,31635.00,24695.00,86864.00,53564.00,64190.00,12684.00,205246.00,793722.00,54683.00
5391,35674.00,27586.00,98558.00,52687.00,28864.00,12597.00,205250.00,802396.00,65762.00
5392,31662.00,24527.00,86820.00,53517.00,56905.00,12532.00,205560.00,789947.00,64876.00
5393,31804.00,24440.00,87387.00,53571.00,51729.00,12585.00,205259.00,793846.00,54451.00
5394,35944.00,27709.00,98943.00,52711.00,28940.00,12488.00,205258.00,846591.00,65784.00
5395,31774.00,24488.00,87188.00,53612.00,54099.00,12602.00,205301.00,789793.00,65860.00
5396,31751.00,24624.00,86871.00,53635.00,52252.00,12626.00,205294.00,793195.00,54799.00
5397,35663.00,27654.00,97774.00,52805.00,28900.00,12551.00,205330.00,827035.00,81385.00
5398,31722.00,35257.00,87872.00,53634.00,71275.00,12516.00,205291.00,886916.00,71698.00
5399,45791.00,27674.00,94843.00,69229.00,52828.00,12588.00,205281.00,792976.00,54635.00
5400,35581.00,27735.00,129681.00,73534.00,52121.00,13265.00,245437.00,849429.00,68971.00
5401,31712.00,24451.00,87014.00,53574.00,52256.00,12523.00,205241.00,836343.00,54640.00
5402,35601.00,27653.00,98287.00,52866.00,28916.00,12537.00,205110.00,800085.00,64754.00
5403,31759.00,24585.00,87424.00,53546.00,62517.00,12537.00,205327.00,792105.00,64764.00
5404,31587.00,24530.00,87454.00,53555.00,50935.00,12569.00,205256.00,793424.00,54452.00
5405,35723.00,27742.00,98300.00,52810.00,28875.00,12562.00,205244.00,793187.00,85851.00
5406,31612.00,24495.00,87494.00,53645.00,54377.00,12636.00,205283.00,791139.00,64928.00
5407,31755.00,24585.00,87540.00,53604.00,51466.00,12474.00,205261.00,793705.00,54517.00
5408,35868.00,27735.00,98216.00,52824.00,28925.00,12526.00,205256.00,793560.00,80776.00
5409,31852.00,24444.00,86960.00,53587.00,52248.00,15594.00,205315.00,790987.00,64634.00
5410,31670.00,24504.00,86921.00,53448.00,51730.00,12518.00,205261.00,793907.00,54656.00
5411,35710.00,27675.00,97878.00,52876.00,28858.00,12535.00,205255.00,793993.00,64721.00
5412,31891.00,24656.00,87673.00,53492.00,50726.00,12583.00,208360.00,875302.00,66264.00
5413,31733.00,24656.00,86940.00,53413.00,51283.00,12568.00,205244.00,793063.00,54621.00
5414,35647.00,27787.00,98307.00,52701.00,29012.00,12521.00,205283.00,843516.00,75148.00
5415,31709.00,24628.00,87646.00,55924.00,67814.00,12591.00,205271.00,790263.00,65493.00
5416,31660.00,24454.00,86524.00,53601.00,50822.00,12534.00,205279.00,793549.00,54441.00
5417,35380.00,27667.00,98207.00,52860.00,28773.00,12526.00,205257.00,798466.00,65309.00
5418,31728.00,24618.00,87207.00,53652.00,54938.00,12562.00,205371.00,790114.00,65836.00
5419,31899.00,24474.00,86555.00,53521.00,52196.00,12587.00,205263.00,793743.00,54834.00
5420,35685.00,27545.00,98586.00,52895.00,28836.00,12622.00,205246.00,802153.00,64648.00
5421,31740.00,24653.00,86500.00,53637.00,54463.00,12611.00,205312.00,789920.00,70591.00
5422,31606.00,24630.00,86930.00,53561.00,51861.00,12632.00,205415.00,793474.00,54582.00
5423,35695.00,27703.00,98231.00,52909.00,28884.00,12540.00,205451.00,793097.00,78679.00
5424,31872.00,24622.00,86906.00,53563.00,60704.00,15606.00,205311.00,789812.00,105026.00
5425,34900.00,26898.00,95856.00,58762.00,79803.00,13258.00,236255.00,831471.00,54717.00
5426,35712.00,27614.00,112091.00,67540.00,51161.00,12626.00,208419.00,788198.00,65393.00
5427,31569.00,24583.00,109059.00,58742.00,54943.00,13121.00,224898.00,793094.00,54747.00
5428,35654.00,27738.00,98070.00,52724.00,28834.00,12655.00,205240.00,793659.00,54604.00
5429,35555.00,27669.00,114361.00,84491.00,51509.00,12591.00,209443.00,786749.00,66644.00
5430,31653.00,27275.00,87074.00,53459.00,57725.00,12465.00,205278.00,793521.00,54645.00
5431,35856.00,27601.00,98607.00,52750.00,28865.00,12494.00,205259.00,829839.00,57540.00
5432,45260.00,29023.00,114355.00,66371.00,51312.00,12497.00,208421.00,828159.00,70618.00
5433,31754.00,36741.00,87248.00,53574.00,52443.00,12579.00,205271.00,829458.00,57364.00
5434,37746.00,29134.00,112879.00,54248.00,59397.00,12543.00,205274.00,796383.00,65750.00
5435,31752.00,24584.00,86923.00,56222.00,59387.00,12558.00,205288.00,790080.00,65864.00
5436,31857.00,24641.00,86942.00,53568.00,51571.00,12553.00,205262.00,793529.00,54652.00
5437,35690.00,27765.00,113657.00,75896.00,83134.00,13552.00,236657.00,807097.00,71364.00
5438,31890.00,24485.00,89461.00,53516.00,51580.00,12468.00,205248.00,793441.00,54615.00
5439,35779.00,27374.00,98291.00,52940.00,28948.00,12529.00,205279.00,836686.00,54755.00
5440,35646.00,27672.00,113322.00,87735.00,52569.00,12582.00,235974.00,787179.00,68672.00
5441,31688.00,24600.00,87321.00,53488.00,52738.00,12482.00,205262.00,793842.00,54619.00
5442,35833.00,27736.00,97519.00,52861.00,28855.00,12541.00,205297.00,793563.00,54564.00
5443,42282.00,27694.00,102890.00,66680.00,52464.00,12559.00,208501.00,786986.00,67879.00
5444,31879.00,24678.00,86898.00,53620.00,52199.00,12582.00,205315.00,793297.00,54852.00
5445,35647.00,27543.00,97564.00,52798.00,28836.00,12640.00,205281.00,793466.00,54591.00
5446,42964.00,27823.00,102505.00,67021.00,51082.00,12545.00,208310.00,787359.00,68847.00
5447,31678.00,24465.00,87320.00,53535.00,54606.00,12551.00,205260.00,793128.00,54487.00
5448,35745.00,27850.00,97251.00,52819.00,28843.00,12509.00,205247.00,793230.00,54589.00
5449,43464.00,27622.00,102507.00,66567.00,50728.00,12587.00,208319.00,881800.00,90826.00
5450,35837.00,27709.00,98343.00,70497.00,81121.00,12460.00,205277.00,833930.00,54743.00
5451,35746.00,27558.00,109696.00,67448.00,51864.00,12634.00,226018.00,830011.00,71081.00
5452,37688.00,26963.00,95311.00,58847.00,52627.00,13248.00,216086.00,835771.00,67378.00
5453,35618.00,27549.00,98340.00,52784.00,28902.00,12539.00,247126.00,891330.00,81025.00
5454,31662.00,24658.00,87403.00,76029.00,52713.00,13254.00,226174.00,864996.00,59244.00
5455,38602.00,30001.00,122010.00,52677.00,28921.00,12554.00,205294.00,879445.00,105098.00
5456,34886.00,27077.00,95727.00,74927.00,60053.00,13558.00,241003.00,826905.00,54713.00
5457,35576.00,27571.00,98252.00,52805.00,28855.00,12644.00,205366.00,793569.00,54669.00
5458,35926.00,27613.00,99005.00,78403.00,63440.00,12644.00,208380.00,787067.00,65932.00
5459,31730.00,24640.00,89703.00,53589.00,60747.00,12618.00,205284.00,793338.00,54484.00
5460,35747.00,27677.00,98202.00,52832.00,28883.00,12489.00,205269.00,793637.00,54469.00
5461,35601.00,27634.00,111192.00,81814.00,52029.00,12601.00,249523.00,832078.00,66570.00
5462,31726.00,27150.00,87433.00,53613.00,51018.00,12501.00,205265.00,792666.00,54500.00
5463,35823.00,27767.00,98282.00,52909.00,28951.00,12501.00,205269.00,792893.00,54609.00
5464,35766.00,27604.00,112329.00,77467.00,51360.00,12545.00,208936.00,821753.00,82317.00
5465,35040.00,42889.00,95396.00,58820.00,54278.00,23162.00,205063.00,793416.00,54539.00
5466,35806.00,27435.00,97581.00,52893.00,29002.00,12575.00,205107.00,792499.00,63646.00
5467,31730.00,24563.00,86959.00,53540.00,50541.00,12548.00,208491.00,788410.00,67166.00
5468,31873.00,24644.00,86448.00,53544.00,52280.00,12618.00,205267.00,793913.00,54636.00
5469,35735.00,27642.00,97767.00,52724.00,28859.00,12522.00,205264.00,793080.00,55107.00
5470,31841.00,35305.00,87180.00,53638.00,50679.00,12535.00,208399.00,789055.00,68597.00
5471,31703.00,24512.00,86974.00,53609.00,52476.00,12558.00,205096.00,793987.00,54716.00
5472,35694.00,27668.00,97923.00,52749.00,28857.00,12611.00,205072.00,840929.00,54926.00
5473,31839.00,35873.00,86753.00,53477.00,51016.00,12530.00,209205.00,883197.00,107507.00
5474,35596.00,27541.00,98563.00,60255.00,54406.00,13560.00,233604.00,793082.00,54729.00
5475,35762.00,27516.00,110869.00,68270.00,55890.00,12497.00,208607.00,788989.00,66132.00
5476,31747.00,24553.00,90418.00,53551.00,58210.00,12588.00,205287.00,793309.00,54478.00
5477,35636.00,27582.00,98243.00,52812.00,28857.00,12574.00,205247.00,836372.00,54640.00
5478,35887.00,27541.00,114537.00,68392.00,58764.00,12605.00,207987.00,787448.00,64804.00
5479,34674.00,24643.00,86606.00,53521.00,51142.00,12550.00,205253.00,812195.00,57315.00
5480,37568.00,28943.00,112323.00,52813.00,29048.00,12546.00,205269.00,837275.00,54758.00
5481,41957.00,27723.00,102409.00,74805.00,51644.00,12545.00,232366.00,805912.00,74589.00
5482,31741.00,24672.00,86612.00,53533.00,52082.00,12529.00,205056.00,793003.00,54807.00
5483,35709.00,27599.00,97160.00,52755.00,28867.00,12543.00,205138.00,834616.00,72760.00
5484,31692.00,24545.00,87676.00,53548.00,53862.00,29253.00,234996.00,823558.00,66560.00
5485,31800.00,24439.00,87561.00,53618.00,52188.00,12589.00,205261.00,848330.00,59206.00
5486,38581.00,29894.00,121746.00,125075.00,51337.00,12585.00,208761.00,787166.00,65797.00
5487,31715.00,27324.00,86864.00,53620.00,51625.00,12655.00,205372.00,793421.00,54830.00
5488,35674.00,27711.00,98089.00,52782.00,28949.00,12538.00,205290.00,793739.00,54686.00
5489,45070.00,27627.00,102190.00,68693.00,51114.00,12570.00,229202.00,830188.00,70926.00
5490,34835.00,27203.00,96026.00,58705.00,75806.00,12548.00,205264.00,793000.00,54588.00
5491,35593.00,27696.00,98310.00,52904.00,28823.00,12510.00,205291.00,793267.00,74119.00
5492,31837.00,24582.00,86413.00,53535.00,50504.00,15656.00,205276.00,787350.00,66853.00
5493,31745.00,24517.00,86767.00,53536.00,51626.00,12642.00,205254.00,793946.00,54509.00
5494,35831.00,27673.00,98305.00,52872.00,28896.00,12583.00,205240.00,793643.00,65179.00
5495,31831.00,24572.00,87011.00,53568.00,51488.00,12507.00,208271.00,787503.00,67758.00
5496,31701.00,24631.00,87256.00,53522.00,52049.00,12572.00,205620.00,793831.00,54810.00
5497,35702.00,27736.00,97659.00,52739.00,28838.00,12577.00,205547.00,793462.00,54865.00
5498,31658.00,37235.00,102391.00,66390.00,50946.00,12572.00,224129.00,860751.00,66074.00
5499,31597.00,24516.00,87235.00,53563.00,53280.00,12477.00,205275.00,793448.00,54571.00
5500,35814.00,27662.00,98357.00,52731.00,28943.00,12511.00,205278.00,792851.00,71320.00
5501,31676.00,24581.00,87263.00,53494.00,51126.00,15604.00,205251.00,791087.00,64574.00
5502,31659.00,24642.00,86526.00,53631.00,57777.00,12557.00,205235.00,827090.00,67169.00
5503,35755.00,27770.00,116363.00,55564.00,30430.00,13229.00,217382.00,796946.00,66059.00
5504,31638.00,24556.00,87345.00,53559.00,57801.00,12648.00,205236.00,790272.00,65785.00
5505,31738.00,24604.00,87722.00,53547.00,51744.00,12547.00,205263.00,793167.00,54660.00
5506,35778.00,27575.00,97908.00,52819.00,28832.00,12454.00,205257.00,801365.00,66677.00
5507,31622.00,24476.00,86580.00,53585.00,54215.00,12531.00,205071.00,832866.00,65439.00
5508,31751.00,24655.00,87096.00,53569.00,52410.00,12592.00,205280.00,793726.00,54536.00
5509,35805.00,27630.00,98212.00,54018.00,61294.00,12461.00,205258.00,796291.00,64545.00
5510,31614.00,24485.00,87139.00,56433.00,52522.00,12487.00,205250.00,873075.00,71558.00
5511,34869.00,26923.00,103172.00,53603.00,51852.00,12516.00,205239.00,794091.00,54518.00
5512,35701.00,27540.00,112971.00,67158.00,50656.00,12558.00,208852.00,787311.00,64653.00
5513,31749.00,24489.00,90570.00,53627.00,51214.00,12576.00,205271.00,793766.00,54600.00
5514,35785.00,27679.00,98098.00,52913.00,28974.00,12476.00,205240.00,825036.00,57782.00
5515,37603.00,29182.00,121178.00,82100.00,31138.00,13509.00,226480.00,909417.00,59258.00
5516,39395.00,30326.00,111740.00,57085.00,31292.00,13622.00,240682.00,863368.00,66078.00
5517,35860.00,27649.00,111512.00,66142.00,51557.00,12477.00,228399.00,810065.00,72774.00
5518,52509.00,24503.00,95874.00,58806.00,52534.00,13204.00,221482.00,824340.00,57561.00
5519,35587.00,38570.00,97548.00,52712.00,28918.00,12550.00,205352.00,854122.00,71081.00
5520,31643.00,24423.00,86994.00,53509.00,54056.00,29476.00,215903.00,833939.00,70118.00
5521,34732.00,27049.00,95846.00,69217.00,61003.00,12499.00,205250.00,837052.00,54674.00
5522,35770.00,27694.00,112988.00,67422.00,56186.00,12501.00,230429.00,905288.00,91520.00
5523,34819.00,37501.00,95413.00,68293.00,52337.00,12521.00,205291.00,837324.00,54847.00
5524,35668.00,27573.00,97630.00,65450.00,52147.00,12482.00,208514.00,826432.00,65741.00
5525,31762.00,24662.00,124726.00,60185.00,55771.00,13599.00,236848.00,820552.00,67040.00
5526,35633.00,27475.00,97259.00,52825.00,28914.00,12586.00,205084.00,886099.00,70278.00
5527,35902.00,27650.00,107994.00,58802.00,77178.00,13573.00,231659.00,852794.00,75160.00
5528,35688.00,27655.00,113711.00,53607.00,54270.00,12656.00,205261.00,835400.00,54817.00
5529,55063.00,29130.00,124901.00,63387.00,34470.00,18720.00,256585.00,821886.00,78478.00
5530,34768.00,26983.00,95595.00,58915.00,81202.00,15551.00,219775.00,836913.00,54981.00
5531,35830.00,27594.00,101883.00,74910.00,50796.00,15607.00,221628.00,786797.00,64703.00
5532,31738.00,24634.00,111425.00,58846.00,52928.00,16374.00,229999.00,825451.00,57391.00
5533,46663.00,29124.00,97879.00,52814.00,28963.00,12577.00,205335.00,835913.00,55420.00
5534,31806.00,35192.00,87515.00,53501.00,51251.00,12631.00,226276.00,909685.00,72592.00
5535,35621.00,27575.00,108122.00,65059.00,51740.00,12596.00,205274.00,793991.00,54722.00
5536,35788.00,27575.00,111515.00,67628.00,51771.00,12498.00,208390.00,787291.00,64476.00
5537,31644.00,24546.00,90047.00,53640.00,50950.00,12623.00,205302.00,793817.00,54656.00
5538,35580.00,27544.00,97956.00,52815.00,28867.00,12529.00,205360.00,793035.00,54736.00
5539,35666.00,27718.00,110867.00,76077.00,51238.00,28806.00,220049.00,830023.00,71247.00
5540,37843.00,26896.00,95467.00,58826.00,52719.00,13192.00,219300.00,824545.00,54640.00
5541,35733.00,27650.00,98156.00,52804.00,28879.00,12584.00,205273.00,835491.00,65075.00
5542,31656.00,24568.00,87019.00,53581.00,51209.00,12589.00,208609.00,787215.00,68669.00
5543,31729.00,24598.00,87203.00,53684.00,51044.00,12546.00,205289.00,793740.00,54436.00
5544,35771.00,27851.00,98392.00,52709.00,28856.00,12618.00,205245.00,793582.00,54724.00
5545,31767.00,36792.00,86912.00,53631.00,60112.00,12449.00,208398.00,787154.00,68216.00
5546,31689.00,24651.00,86997.00,53519.00,51928.00,12576.00,205238.00,878315.00,57456.00
5547,35678.00,38480.00,98257.00,52729.00,28860.00,12537.00,205105.00,848380.00,65194.00
5548,31742.00,24478.00,87067.00,53535.00,51598.00,12515.00,205270.00,790254.00,73621.00
5549,31644.00,24798.00,87051.00,53503.00,52368.00,12535.00,205271.00,793537.00,54521.00
5550,35484.00,27653.00,98662.00,53057.00,63901.00,12568.00,205261.00,797001.00,66492.00
5551,31525.00,24520.00,87159.00,56889.00,51982.00,12527.00,205280.00,790261.00,65332.00
5552,31764.00,24630.00,87215.00,53535.00,51509.00,12452.00,205273.00,834026.00,54664.00
5553,35572.00,27715.00,98026.00,64904.00,50615.00,12513.00,205255.00,791897.00,66697.00
5554,31739.00,24552.00,87443.00,56462.00,56436.00,12510.00,205247.00,790567.00,64652.00
5555,31764.00,24514.00,87313.00,53574.00,59660.00,12530.00,205276.00,793905.00,54580.00
5556,35599.00,27665.00,99187.00,65386.00,50633.00,12585.00,205260.00,792032.00,64682.00
5557,31771.00,24568.00,87139.00,56013.00,51335.00,12554.00,205254.00,790216.00,65253.00
5558,31849.00,24564.00,87231.00,53541.00,52376.00,12471.00,205281.00,793639.00,54547.00
5559,35529.00,27477.00,117814.00,69877.00,53071.00,13212.00,240028.00,850224.00,66029.00
5560,34852.00,24499.00,87048.00,53665.00,60608.00,12558.00,205293.00,793843.00,54749.00
5561,35626.00,27598.00,98505.00,52745.00,28892.00,12547.00,205247.00,793519.00,54722.00
5562,35694.00,27517.00,114421.00,67531.00,53431.00,12524.00,208433.00,787419.00,65359.00
5563,34526.00,24610.00,86495.00,53593.00,51879.00,12625.00,205250.00,793566.00,54557.00
5564,35658.00,27616.00,98588.00,52813.00,28912.00,12545.00,205277.00,793613.00,54474.00
5565,35768.00,27545.00,114215.00,67146.00,59846.00,12523.00,230345.00,809569.00,67223.00
5566,31788.00,24515.00,87024.00,53561.00,51453.00,12445.00,205275.00,793168.00,54532.00
5567,35557.00,27570.00,98338.00,52761.00,28825.00,12588.00,205278.00,793678.00,54582.00
5568,41898.00,27747.00,102739.00,66384.00,51630.00,12543.00,208374.00,787061.00,68022.00
5569,31610.00,24595.00,86189.00,53516.00,52640.00,12588.00,205091.00,793328.00,54590.00
5570,35920.00,27492.00,97567.00,52829.00,28925.00,12594.00,205171.00,793396.00,54535.00
5571,44751.00,27737.00,102346.00,66300.00,51363.00,12504.00,208433.00,875595.00,69827.00
5572,31877.00,24732.00,87204.00,53561.00,51817.00,12551.00,205078.00,793859.00,54659.00
5573,35617.00,27557.00,98080.00,52854.00,28932.00,12631.00,205093.00,793589.00,77075.00
5574,31863.00,24611.00,87758.00,53529.00,51873.00,15498.00,205289.00,787273.00,76577.00
5575,31759.00,24545.00,86985.00,53562.00,51293.00,12561.00,205463.00,794590.00,54617.00
5576,35500.00,27650.00,97639.00,52758.00,28966.00,12569.00,205506.00,940079.00,71151.00
5577,31719.00,24733.00,90326.00,53466.00,51095.00,12613.00,234553.00,815884.00,57641.00
5578,37367.00,29131.00,112703.00,52894.00,45959.00,13307.00,243995.00,815830.00,54705.00
5579,43287.00,27655.00,102756.00,70579.00,67406.00,13264.00,219763.00,803691.00,76397.00
5580,48267.00,24638.00,95664.00,58841.00,59600.00,13100.00,216061.00,849891.00,54861.00
5581,35747.00,27722.00,97464.00,65601.00,53083.00,12561.00,205240.00,791270.00,64782.00
5582,31748.00,24572.00,86846.00,56323.00,51275.00,12600.00,205087.00,790296.00,73601.00
5583,31591.00,24644.00,86709.00,53598.00,52080.00,12556.00,205261.00,857956.00,74236.00
5584,38558.00,29891.00,123513.00,104218.00,67285.00,12517.00,208933.00,787071.00,67480.00
5585,31748.00,24478.00,86750.00,53542.00,51584.00,12561.00,205310.00,793655.00,54541.00
5586,35570.00,27615.00,98840.00,52804.00,28927.00,12503.00,205276.00,793258.00,54517.00
5587,43326.00,27558.00,102470.00,70110.00,52130.00,12513.00,208356.00,787133.00,68108.00
5588,31754.00,24705.00,87054.00,53613.00,51850.00,12543.00,205285.00,793293.00,54763.00
5589,35815.00,27557.00,98427.00,52843.00,28893.00,12539.00,205258.00,793121.00,54626.00
5590,43425.00,27659.00,102713.00,66411.00,51745.00,12587.00,230869.00,807100.00,69007.00
5591,31801.00,24579.00,87230.00,53657.00,50963.00,12647.00,205263.00,793278.00,54491.00
5592,35788.00,27577.00,98494.00,52763.00,28844.00,12534.00,205262.00,793531.00,55203.00
5593,31527.00,35438.00,87342.00,53492.00,51762.00,12613.00,208355.00,787489.00,67059.00
5594,31856.00,24486.00,87601.00,53605.00,50687.00,12508.00,205272.00,793187.00,54586.00
5595,35696.00,27719.00,98830.00,52776.00,28810.00,12508.00,205273.00,812293.00,74474.00
5596,45803.00,29933.00,114945.00,81175.00,70361.00,13273.00,223047.00,790280.00,65423.00
5597,31762.00,24524.00,86992.00,53585.00,51105.00,12530.00,205267.00,793743.00,54636.00
5598,35536.00,27610.00,98494.00,52899.00,28950.00,12503.00,205288.00,793595.00,73042.00
5599,31832.00,24503.00,87517.00,53519.00,51168.00,15466.00,205279.00,789989.00,65227.00
5600,31741.00,24548.00,87180.00,53498.00,51904.00,12566.00,205260.00,837893.00,54797.00
5601,35804.00,27662.00,97716.00,52876.00,28888.00,12544.00,205335.00,803589.00,66811.00
5602,31778.00,24544.00,86986.00,53641.00,61488.00,12523.00,205274.00,790349.00,83417.00
5603,34659.00,26771.00,96137.00,58706.00,54046.00,23616.00,205634.00,792660.00,54673.00
5604,35776.00,27619.00,97418.00,54505.00,60954.00,12595.00,205273.00,797565.00,65329.00
5605,31749.00,24616.00,87069.00,56283.00,50866.00,12562.00,205275.00,789896.00,64748.00
5606,31837.00,24583.00,87212.00,53529.00,52502.00,12523.00,205363.00,792831.00,54765.00
5607,35674.00,27767.00,98200.00,54219.00,61508.00,12551.00,205338.00,795829.00,75965.00
5608,31754.00,24584.00,87888.00,56294.00,53317.00,12527.00,221493.00,859125.00,81736.00
5609,34945.00,27002.00,104485.00,53650.00,53080.00,12493.00,205283.00,793392.00,54439.00
5610,35772.00,27728.00,113921.00,66409.00,51218.00,12497.00,207516.00,786727.00,66200.00
5611,34289.00,24509.00,87281.00,53467.00,50582.00,12535.00,205288.00,858765.00,57496.00
5612,46875.00,29044.00,97955.00,52761.00,28935.00,12520.00,205198.00,859787.00,70029.00
5613,45888.00,27586.00,105398.00,53500.00,52936.00,12432.00,205317.00,869187.00,93163.00
5614,35485.00,27771.00,98029.00,60234.00,54138.00,13655.00,237437.00,861193.00,57562.00
5615,62183.00,29212.00,112560.00,73917.00,55857.00,16470.00,237158.00,905975.00,57462.00
5616,37599.00,29199.00,103074.00,79610.00,30405.00,13249.00,223821.00,867290.00,54756.00
5617,35547.00,27557.00,111963.00,66599.00,55457.00,12523.00,236483.00,819556.00,88108.00
5618,35065.00,26864.00,95878.00,58740.00,73257.00,12554.00,205273.00,833786.00,54576.00
5619,35630.00,27579.00,98129.00,65459.00,51958.00,12511.00,205286.00,791246.00,68865.00
5620,51352.00,41483.00,101761.00,60227.00,54660.00,13554.00,231307.00,833265.00,57393.00
5621,53213.00,39230.00,102951.00,55521.00,30473.00,13178.00,225911.00,834633.00,82483.00
5622,34642.00,27152.00,96377.00,58835.00,66415.00,13135.00,222328.00,808614.00,72596.00
5623,35755.00,27638.00,98238.00,70775.00,66047.00,12559.00,205369.00,793660.00,54551.00
5624,35662.00,27730.00,98733.00,77705.00,50433.00,12465.00,208425.00,787864.00,74864.00
5625,31504.00,24573.00,90363.00,53522.00,50875.00,12535.00,205476.00,789708.00,76050.00
5626,31838.00,24480.00,86714.00,53570.00,51003.00,12443.00,205296.00,794134.00,54647.00
5627,35700.00,27655.00,112744.00,67401.00,50809.00,12532.00,224986.00,813085.00,65113.00
5628,31633.00,24611.00,110471.00,58708.00,52735.00,13136.00,217088.00,793394.00,54933.00
5629,35734.00,27666.00,97823.00,52860.00,28837.00,12538.00,205631.00,793066.00,54771.00
5630,35690.00,27685.00,113875.00,66346.00,51187.00,12651.00,208440.00,819622.00,74406.00
5631,34675.00,27073.00,99766.00,53547.00,51417.00,12527.00,205274.00,793262.00,54610.00
5632,35659.00,27667.00,99177.00,52917.00,28811.00,12610.00,230068.00,898776.00,65534.00
5633,31542.00,24696.00,86812.00,53580.00,52716.00,12592.00,205303.00,789504.00,66777.00
5634,31827.00,24526.00,87015.00,53570.00,52416.00,12531.00,205278.00,793678.00,54464.00
5635,35563.00,27666.00,99090.00,52730.00,28851.00,12545.00,205279.00,802228.00,65282.00
5636,31633.00,24636.00,86898.00,53570.00,54353.00,12596.00,205323.00,790049.00,64607.00
5637,31722.00,24510.00,86539.00,53609.00,51557.00,12641.00,205670.00,793064.00,54656.00
5638,35546.00,27687.00,98054.00,52849.00,28876.00,12579.00,205580.00,792896.00,63737.00
5639,31836.00,24761.00,87540.00,53538.00,51004.00,12592.00,208471.00,787538.00,89010.00
5640,31669.00,24619.00,87288.00,53618.00,51012.00,12509.00,205263.00,825524.00,66903.00
5641,35735.00,27607.00,99709.00,52765.00,29007.00,12612.00,205048.00,793177.00,70669.00
5642,31797.00,24694.00,87128.00,53552.00,50869.00,15715.00,205255.00,789987.00,65406.00
5643,31764.00,24546.00,87515.00,53520.00,51226.00,12493.00,205602.00,793390.00,54696.00
5644,35606.00,27691.00,97174.00,52810.00,28883.00,29198.00,233086.00,893467.00,70301.00
5645,34912.00,26967.00,117444.00,58821.00,86941.00,13636.00,222248.00,821027.00,54704.00
5646,35858.00,27681.00,97527.00,52865.00,28882.00,12557.00,205079.00,793008.00,54866.00
5647,35570.00,27634.00,113684.00,67375.00,50628.00,12524.00,208367.00,787347.00,65093.00
5648,34419.00,24630.00,86604.00,53514.00,51407.00,12544.00,205264.00,793953.00,54527.00
5649,35675.00,27619.00,98504.00,52833.00,28872.00,12512.00,205290.00,793317.00,54441.00
5650,35787.00,27679.00,113269.00,66821.00,51470.00,12624.00,208307.00,787026.00,65482.00
5651,34368.00,24597.00,87434.00,53634.00,51078.00,12435.00,205317.00,793223.00,54703.00
5652,35750.00,27588.00,98535.00,52744.00,28814.00,12577.00,205260.00,793412.00,54682.00
5653,35414.00,27700.00,114110.00,67622.00,51261.00,12618.00,228857.00,808732.00,86478.00
5654,34675.00,26796.00,95670.00,58707.00,53233.00,13197.00,218189.00,793816.00,54871.00
5655,35866.00,27741.00,98270.00,52828.00,28880.00,12534.00,205603.00,793372.00,65209.00
5656,31799.00,24773.00,86919.00,53491.00,50945.00,12584.00,208364.00,884023.00,96983.00
5657,51348.00,26980.00,98189.00,60314.00,53228.00,13628.00,230170.00,806173.00,54544.00
5658,35880.00,27683.00,111888.00,67033.00,50311.00,12660.00,208451.00,787607.00,65117.00
5659,31776.00,24561.00,89357.00,53552.00,51826.00,12556.00,205289.00,793738.00,54404.00
5660,35779.00,27660.00,97488.00,52813.00,28801.00,12454.00,205252.00,793064.00,54621.00
5661,35789.00,27495.00,111948.00,67878.00,87598.00,12519.00,208962.00,787734.00,64577.00
5662,31818.00,24653.00,89453.00,53608.00,51029.00,12508.00,205267.00,793171.00,54583.00
5663,35643.00,27684.00,97694.00,52692.00,28801.00,12496.00,205238.00,793383.00,54368.00
5664,35691.00,27680.00,113314.00,83603.00,51666.00,12594.00,208513.00,786861.00,75872.00
5665,34311.00,24632.00,86873.00,53702.00,53670.00,12507.00,205279.00,820498.00,57553.00
5666,37646.00,29153.00,109061.00,52901.00,28795.00,12625.00,205373.00,793015.00,54576.00
5667,43054.00,27685.00,102046.00,67522.00,59705.00,12510.00,208483.00,787301.00,74969.00
5668,31707.00,24757.00,87374.00,53577.00,50529.00,12625.00,205270.00,864548.00,67604.00
5669,52499.00,27590.00,102809.00,73151.00,31229.00,13623.00,230498.00,816216.00,65159.00
5670,31862.00,24575.00,87234.00,56548.00,50513.00,12514.00,205266.00,790354.00,65102.00
5671,31749.00,24626.00,87181.00,53581.00,51653.00,12485.00,205271.00,793257.00,54549.00
5672,35666.00,27704.00,98186.00,65167.00,51751.00,12461.00,205252.00,794224.00,65550.00
5673,31793.00,24628.00,87052.00,56200.00,51566.00,12510.00,205273.00,789857.00,65948.00
5674,31774.00,24494.00,86932.00,53532.00,50629.00,12540.00,205287.00,793798.00,54601.00
5675,35754.00,27687.00,117937.00,68850.00,57453.00,13337.00,216372.00,827158.00,71413.00
5676,34842.00,26791.00,109504.00,53577.00,51527.00,12698.00,205040.00,793743.00,54604.00
5677,35467.00,27892.00,97018.00,52951.00,28971.00,12565.00,205135.00,793706.00,54646.00
5678,35794.00,27633.00,112301.00,66869.00,50799.00,12465.00,225887.00,811697.00,70037.00
5679,50683.00,24584.00,98859.00,53646.00,52778.00,12550.00,205275.00,793893.00,54651.00
5680,35511.00,27555.00,97661.00,52859.00,28918.00,12528.00,205295.00,793620.00,54491.00
5681,45074.00,27689.00,101907.00,78623.00,50667.00,12593.00,208864.00,873588.00,78663.00
5682,31915.00,24576.00,87169.00,53516.00,50372.00,12606.00,205308.00,793178.00,54651.00
5683,35480.00,27802.00,97936.00,52802.00,28918.00,12579.00,205348.00,793766.00,74334.00
5684,31805.00,24597.00,87115.00,53617.00,50340.00,12482.00,208258.00,787298.00,66471.00
5685,31913.00,24553.00,87165.00,53675.00,51343.00,12475.00,205283.00,793658.00,54511.00
5686,35645.00,27698.00,98696.00,52695.00,46282.00,13294.00,216076.00,808183.00,74876.00
5687,31750.00,24775.00,87666.00,53550.00,51491.00,15577.00,205306.00,815069.00,70175.00
5688,35121.00,26878.00,114026.00,70015.00,59927.00,13145.00,216063.00,810090.00,54493.00
5689,35519.00,27648.00,97814.00,52777.00,29004.00,12491.00,205136.00,793780.00,64574.00
5690,31608.00,24617.00,87028.00,56620.00,68700.00,13253.00,215897.00,828647.00,70350.00
5691,34832.00,27015.00,104830.00,53617.00,51771.00,12524.00,205296.00,792971.00,54506.00
5692,35650.00,27661.00,113416.00,67773.00,50566.00,12510.00,208575.00,787327.00,69770.00
5693,31744.00,24678.00,89727.00,53615.00,58937.00,12618.00,227255.00,864398.00,59344.00
5694,38656.00,29822.00,114233.00,52726.00,28927.00,12493.00,205487.00,835798.00,75302.00
5695,31830.00,24503.00,87945.00,53561.00,53778.00,12512.00,231768.00,824814.00,80971.00
5696,34880.00,27030.00,96027.00,58874.00,54250.00,13269.00,218178.00,830981.00,57297.00
5697,37837.00,29293.00,118824.00,96981.00,50804.00,12637.00,208471.00,787263.00,64635.00
5698,34486.00,24499.00,86805.00,53560.00,50645.00,12576.00,281977.00,880708.00,54536.00
5699,35823.00,27720.00,98480.00,52689.00,28917.00,12610.00,205277.00,841077.00,65210.00
5700,31930.00,24650.00,87512.00,53629.00,59139.00,12510.00,205256.00,809632.00,75348.00
5701,34919.00,27159.00,95527.00,64173.00,51711.00,12650.00,205065.00,793365.00,54526.00
5702,35584.00,27582.00,98406.00,83715.00,50439.00,12581.00,208430.00,787230.00,66205.00
5703,31695.00,24580.00,90371.00,72630.00,52431.00,13177.00,215845.00,831037.00,57617.00
5704,48091.00,29004.00,97704.00,52858.00,28815.00,12533.00,205254.00,793554.00,54695.00
5705,35869.00,27466.00,114099.00,66439.00,51113.00,12489.00,208450.00,835007.00,96783.00
5706,35719.00,27486.00,97773.00,60202.00,72786.00,13266.00,217565.00,793993.00,54603.00
5707,35711.00,27622.00,98820.00,52847.00,28789.00,12536.00,205226.00,793698.00,75382.00
5708,31627.00,24706.00,87905.00,53504.00,50969.00,12574.00,208346.00,788007.00,65514.00
5709,31567.00,24666.00,87304.00,53581.00,50885.00,12569.00,205290.00,793360.00,54453.00
5710,35769.00,27767.00,98408.00,59747.00,55305.00,29493.00,248875.00,887526.00,65518.00
5711,31679.00,24604.00,89951.00,73000.00,52351.00,13205.00,224957.00,793291.00,54817.00
5712,35489.00,27742.00,97521.00,52890.00,28987.00,12610.00,205508.00,793446.00,55015.00
5713,35646.00,27666.00,112474.00,66213.00,51515.00,12767.00,208261.00,789125.00,65230.00
5714,31863.00,24610.00,89608.00,53489.00,51305.00,12511.00,205442.00,793452.00,54681.00
5715,35749.00,27589.00,97882.00,52759.00,28923.00,12547.00,205425.00,837318.00,54656.00
5716,35542.00,27724.00,115112.00,72403.00,50985.00,12597.00,228628.00,832162.00,86275.00
5717,34791.00,26957.00,95558.00,58831.00,53257.00,13205.00,216811.00,826175.00,83251.00
5718,37600.00,29034.00,102919.00,55569.00,30448.00,13349.00,216855.00,871693.00,66525.00
5719,31809.00,24540.00,90024.00,53618.00,51110.00,12543.00,205288.00,792745.00,54497.00
5720,35626.00,27654.00,98022.00,52723.00,28833.00,12519.00,205255.00,793790.00,54417.00
5721,35756.00,27694.00,100647.00,74421.00,50370.00,12588.00,208345.00,787746.00,65453.00
5722,31704.00,24477.00,90820.00,53579.00,50576.00,12558.00,205126.00,790014.00,65990.00
5723,31721.00,24530.00,87342.00,53578.00,51246.00,12616.00,205439.00,793163.00,54575.00
5724,35634.00,27693.00,100962.00,75079.00,54154.00,12549.00,208402.00,815481.00,71981.00
5725,59815.00,36448.00,95721.00,58888.00,59304.00,13159.00,225883.00,792876.00,54764.00
5726,35479.00,27485.00,98194.00,52710.00,28926.00,12556.00,205345.00,822681.00,57557.00
5727,44977.00,29187.00,112255.00,90824.00,50802.00,12569.00,208549.00,830342.00,66600.00
5728,31643.00,24660.00,87582.00,53519.00,55898.00,12594.00,205352.00,837195.00,54554.00
5729,35768.00,27690.00,97793.00,53177.00,61517.00,12471.00,205259.00,794562.00,64710.00
5730,31764.00,24505.00,86593.00,56395.00,52126.00,12527.00,252017.00,837248.00,65880.00
5731,31877.00,24483.00,86790.00,53588.00,52655.00,12521.00,205239.00,793331.00,54554.00
5732,35895.00,27563.00,113845.00,68079.00,56183.00,12544.00,208483.00,787269.00,68656.00
5733,31624.00,24569.00,90218.00,53530.00,51445.00,12515.00,205276.00,793397.00,54605.00
5734,35843.00,27629.00,98709.00,52717.00,28822.00,12522.00,205267.00,793428.00,54553.00
5735,35775.00,27701.00,113424.00,66971.00,52874.00,12572.00,208371.00,787246.00,65240.00
5736,31730.00,24585.00,89742.00,53487.00,50535.00,12508.00,205295.00,793652.00,54450.00
5737,35703.00,27635.00,97994.00,52821.00,28861.00,12552.00,205258.00,793718.00,54584.00
5738,35703.00,27893.00,112615.00,67535.00,60362.00,12541.00,208287.00,787296.00,65993.00
5739,31751.00,24495.00,90034.00,53553.00,58797.00,12475.00,205256.00,793366.00,54528.00
5740,35428.00,27810.00,98530.00,52683.00,28922.00,12469.00,205281.00,793784.00,54663.00
5741,35773.00,27738.00,113491.00,66191.00,51128.00,12551.00,227258.00,811228.00,65480.00
5742,31824.00,26979.00,86827.00,53527.00,51595.00,12517.00,205275.00,834918.00,67632.00
5743,51834.00,27869.00,103232.00,72710.00,31159.00,13541.00,235405.00,792688.00,72401.00
5744,31730.00,24645.00,87664.00,53579.00,62330.00,12639.00,205625.00,789715.00,65459.00
5745,31807.00,24644.00,86836.00,53526.00,52047.00,12552.00,205243.00,793674.00,54567.00
5746,35724.00,27669.00,98154.00,52746.00,28889.00,12435.00,205245.00,793637.00,63979.00
5747,31745.00,24630.00,87462.00,53555.00,51200.00,12571.00,208345.00,787737.00,67443.00
5748,31748.00,24525.00,87364.00,53553.00,50936.00,12589.00,205300.00,793258.00,54367.00
5749,35736.00,27674.00,98246.00,52846.00,28833.00,12604.00,205250.00,793416.00,54949.00
5750,32025.00,35599.00,86877.00,53619.00,50625.00,12519.00,209182.00,788679.00,64562.00
5751,31679.00,27273.00,86883.00,53615.00,51770.00,12450.00,205271.00,793449.00,54556.00
5752,35458.00,27678.00,98509.00,52776.00,28885.00,12543.00,205240.00,793621.00,54393.00
5753,35836.00,27804.00,112663.00,66242.00,51008.00,12592.00,208184.00,787333.00,65339.00
5754,49844.00,27645.00,95085.00,58708.00,52745.00,13195.00,220679.00,823650.00,57489.00
5755,37496.00,29195.00,121359.00,57195.00,31281.00,13633.00,221995.00,823677.00,69925.00
5756,31758.00,24516.00,87263.00,53526.00,52475.00,12633.00,205088.00,789660.00,68197.00
5757,31736.00,24593.00,86983.00,53595.00,52260.00,12529.00,205256.00,793212.00,54609.00
5758,35812.00,27529.00,98401.00,52857.00,28789.00,12502.00,205248.00,801541.00,65188.00
5759,31741.00,24589.00,87264.00,53593.00,53519.00,12489.00,205279.00,822186.00,79424.00
5760,43396.00,27032.00,86832.00,53526.00,51828.00,12547.00,205224.00,793333.00,54612.00
5761,35718.00,27671.00,99143.00,56232.00,56931.00,12560.00,205274.00,794759.00,67714.00
5762,31716.00,24571.00,86632.00,56254.00,50971.00,12503.00,205266.00,790193.00,66570.00
5763,31855.00,24583.00,87318.00,53536.00,51480.00,12514.00,205268.00,793901.00,54531.00
5764,35657.00,27543.00,98586.00,64846.00,51142.00,12483.00,205254.00,844173.00,65465.00
5765,31832.00,24452.00,90323.00,53580.00,50404.00,12474.00,205264.00,789998.00,66290.00
5766,31716.00,24654.00,87361.00,53615.00,54436.00,12521.00,205271.00,836609.00,54675.00
5767,35865.00,27675.00,111670.00,67617.00,51065.00,12542.00,227761.00,861441.00,76169.00
5768,34768.00,27056.00,95240.00,58786.00,53476.00,13223.00,216375.00,792514.00,54825.00
5769,35776.00,27727.00,97490.00,52756.00,28936.00,12593.00,205299.00,836158.00,65737.00
5770,31856.00,24511.00,87869.00,53431.00,50787.00,12591.00,234208.00,864813.00,79590.00
5771,34814.00,27129.00,96222.00,67064.00,51128.00,12526.00,205274.00,867179.00,59293.00
5772,48415.00,30031.00,122851.00,80767.00,63366.00,12580.00,231398.00,867516.00,73204.00
5773,35845.00,27688.00,97906.00,60237.00,68177.00,13313.00,218067.00,877941.00,54654.00
5774,35723.00,27616.00,112343.00,97312.00,52249.00,13162.00,239288.00,864283.00,54506.00
5775,35874.00,27609.00,97400.00,52814.00,29008.00,12636.00,205108.00,793449.00,54422.00
5776,35473.00,27541.00,97118.00,52850.00,28927.00,12539.00,205029.00,793335.00,64695.00
5777,31701.00,24491.00,87799.00,53667.00,61775.00,12619.00,208560.00,786965.00,68351.00
5778,31761.00,24627.00,108246.00,58702.00,52294.00,13206.00,216068.00,838952.00,65561.00
5779,35849.00,27580.00,97984.00,52822.00,28827.00,28992.00,235817.00,836984.00,64389.00
5780,31654.00,24577.00,89570.00,53443.00,51176.00,12560.00,205079.00,789334.00,65136.00
5781,31696.00,24427.00,86747.00,53525.00,50917.00,12472.00,205258.00,793542.00,54571.00
5782,35686.00,27666.00,98433.00,65625.00,51597.00,12529.00,205272.00,791587.00,66192.00
5783,31594.00,24619.00,86871.00,56248.00,51038.00,12580.00,205298.00,790240.00,73543.00
5784,31610.00,24580.00,87349.00,53514.00,51694.00,12608.00,205490.00,793320.00,54665.00
5785,35774.00,27671.00,97404.00,78393.00,51047.00,12506.00,208311.00,787260.00,64461.00
5786,31620.00,24699.00,90523.00,53484.00,51346.00,12642.00,205271.00,789852.00,71604.00
5787,31595.00,24565.00,86893.00,53579.00,50934.00,12596.00,205311.00,793570.00,54757.00
5788,35547.00,27795.00,99088.00,75149.00,56046.00,12556.00,252956.00,829560.00,66153.00
5789,35087.00,24507.00,87346.00,53552.00,51814.00,12564.00,205261.00,793756.00,54641.00
5790,35800.00,27605.00,98198.00,52750.00,28870.00,12642.00,205279.00,793189.00,54543.00
5791,35778.00,27703.00,113743.00,66200.00,74867.00,13309.00,219871.00,885296.00,87497.00
5792,35611.00,27768.00,97920.00,69838.00,52957.00,13196.00,218207.00,833671.00,54586.00
5793,35679.00,27556.00,99087.00,79179.00,59391.00,12563.00,226004.00,840536.00,65120.00
5794,35166.00,24430.00,87169.00,53602.00,50911.00,12482.00,205297.00,793658.00,54561.00
5795,35730.00,27543.00,98729.00,52835.00,28834.00,12635.00,205265.00,794961.00,54748.00
5796,35897.00,27834.00,114442.00,75254.00,51506.00,12620.00,209217.00,787255.00,66676.00
5797,34454.00,24543.00,86985.00,53598.00,51993.00,12539.00,205562.00,793839.00,54651.00
5798,35641.00,27650.00,97779.00,52806.00,28909.00,12532.00,205552.00,793997.00,54823.00
5799,35608.00,27735.00,113928.00,66644.00,51722.00,12573.00,208403.00,825382.00,85772.00
5800,31800.00,24468.00,87192.00,53570.00,51237.00,12604.00,205308.00,794106.00,54863.00
5801,35719.00,27716.00,116829.00,55533.00,30406.00,13188.00,224319.00,793332.00,64306.00
5802,31833.00,24586.00,87424.00,53512.00,50495.00,12521.00,208447.00,787544.00,67598.00
5803,31622.00,24533.00,87201.00,53532.00,51641.00,12538.00,205247.00,846809.00,59324.00
5804,38511.00,29893.00,114593.00,55573.00,30426.00,13196.00,216915.00,838873.00,66688.00
5805,31873.00,24645.00,86870.00,56081.00,64376.00,12607.00,205261.00,789185.00,66496.00
5806,31767.00,24692.00,87345.00,53533.00,51320.00,12616.00,205284.00,792648.00,54524.00
5807,35832.00,27575.00,98054.00,64956.00,59910.00,12658.00,205568.00,795451.00,65936.00
5808,31770.00,47485.00,87144.00,59520.00,55252.00,12502.00,205274.00,790074.00,65761.00
5809,31752.00,24546.00,87082.00,53615.00,52203.00,12463.00,205305.00,793355.00,54535.00
5810,35688.00,27672.00,98856.00,81252.00,51067.00,12578.00,208339.00,787318.00,64697.00
5811,31851.00,24590.00,90486.00,53577.00,50410.00,12550.00,205319.00,790309.00,64640.00
5812,31837.00,24631.00,86631.00,53532.00,51130.00,12616.00,205469.00,793326.00,54685.00
5813,35526.00,27690.00,99659.00,79747.00,59207.00,12555.00,208400.00,789066.00,64742.00
5814,31784.00,24578.00,89785.00,53597.00,50468.00,12559.00,205254.00,793026.00,54570.00
5815,35617.00,27687.00,98480.00,52796.00,28765.00,12508.00,205272.00,793774.00,54537.00
5816,35666.00,27813.00,100089.00,78621.00,80749.00,12593.00,234980.00,889302.00,68958.00
5817,35052.00,42555.00,95467.00,58853.00,53812.00,13160.00,216220.00,793855.00,54750.00
5818,35813.00,27589.00,97539.00,52741.00,28943.00,12536.00,205432.00,793738.00,65915.00
5819,31570.00,24485.00,87592.00,53636.00,60084.00,12533.00,208315.00,789043.00,65544.00
5820,31861.00,24501.00,86818.00,53600.00,51561.00,12452.00,205270.00,793396.00,54522.00
5821,35499.00,27669.00,98048.00,52779.00,28946.00,12490.00,205251.00,793736.00,55778.00
5822,31674.00,34804.00,87139.00,53535.00,50473.00,12473.00,208379.00,787119.00,68918.00
5823,31649.00,24505.00,87538.00,53568.00,51962.00,12479.00,205260.00,793631.00,54635.00
5824,35719.00,27654.00,98317.00,52941.00,28881.00,12529.00,205237.00,793654.00,54510.00
5825,43032.00,27740.00,102860.00,67344.00,54142.00,12554.00,208436.00,787186.00,68038.00
5826,31946.00,24701.00,86942.00,53509.00,50940.00,12566.00,205239.00,793546.00,54553.00
5827,35810.00,27601.00,98182.00,52825.00,28927.00,12560.00,205292.00,793352.00,54585.00
5828,43509.00,27790.00,102432.00,66638.00,50984.00,12545.00,209380.00,879658.00,78907.00
5829,31667.00,24501.00,87202.00,53584.00,60339.00,12616.00,205231.00,837812.00,54819.00
5830,35977.00,27626.00,97716.00,54360.00,69540.00,12644.00,205292.00,793663.00,65878.00
5831,31602.00,24634.00,87265.00,56420.00,51753.00,12612.00,205441.00,790171.00,66972.00
5832,31655.00,24606.00,86564.00,53568.00,50735.00,12549.00,205471.00,793288.00,54697.00
5833,35728.00,27544.00,97768.00,65199.00,50850.00,12631.00,205285.00,793826.00,74852.00
5834,31883.00,24612.00,86923.00,56356.00,54523.00,12602.00,205272.00,790410.00,66019.00
5835,31568.00,24639.00,87202.00,53570.00,50607.00,12642.00,205250.00,793969.00,54494.00
5836,35647.00,27720.00,98892.00,65325.00,50984.00,12570.00,205232.00,792098.00,70170.00
5837,31792.00,24552.00,86785.00,56242.00,50805.00,12595.00,205301.00,812341.00,73363.00
5838,34909.00,27016.00,95391.00,68110.00,51865.00,12569.00,205276.00,793079.00,54361.00
5839,35892.00,27761.00,112548.00,66336.00,53552.00,12521.00,208481.00,786964.00,64764.00
5840,31710.00,24500.00,89746.00,53581.00,51618.00,12548.00,205291.00,793194.00,71427.00
5841,37695.00,29198.00,102773.00,55503.00,57469.00,13295.00,234072.00,826718.00,54683.00
5842,31845.00,37205.00,102632.00,66282.00,52334.00,12540.00,231893.00,805539.00,77664.00
5843,31780.00,24698.00,87131.00,53543.00,51649.00,12504.00,205281.00,793650.00,54389.00
5844,35722.00,27517.00,98085.00,52854.00,28837.00,12471.00,205259.00,831050.00,78396.00
5845,31757.00,24702.00,86844.00,53650.00,64256.00,12530.00,205313.00,884330.00,70812.00
5846,34759.00,26905.00,100096.00,53609.00,52238.00,12568.00,205280.00,843412.00,54688.00
5847,35576.00,27717.00,113413.00,67495.00,52007.00,12610.00,228157.00,806123.00,64989.00
5848,31795.00,27549.00,87517.00,53585.00,51136.00,12484.00,205294.00,793781.00,54613.00
5849,35622.00,27514.00,98560.00,52941.00,28866.00,12533.00,205263.00,793400.00,54516.00
5850,35914.00,27661.00,112537.00,66923.00,51435.00,12576.00,208400.00,787331.00,68883.00
5851,31571.00,27399.00,87557.00,53519.00,50452.00,12554.00,205268.00,793774.00,54406.00
5852,35701.00,27454.00,97589.00,52881.00,28910.00,12501.00,205268.00,792907.00,54466.00
5853,35724.00,27584.00,150687.00,73895.00,56087.00,13632.00,236035.00,807238.00,76529.00
5854,31504.00,24672.00,87398.00,53516.00,57608.00,12674.00,205608.00,836140.00,54855.00
5855,35625.00,27663.00,97653.00,255960.00,30753.00,13282.00,244328.00,1160030.00,57400.00
5856,35759.00,38621.00,97723.00,52920.00,28924.00,12556.00,526033.00,787088.00,68030.00
5857,34911.00,41163.00,95440.00,58846.00,52565.00,13211.00,218638.00,834802.00,54702.00
5858,35564.00,27717.00,97846.00,52777.00,28892.00,12515.00,205383.00,843899.00,65622.00
5859,31700.00,24637.00,87074.00,53614.00,51685.00,12628.00,214960.00,925694.00,54566.00
5860,35757.00,27625.00,99042.00,52787.00,28817.00,12563.00,205297.00,793721.00,54561.00
5861,35725.00,27488.00,115012.00,67328.00,52352.00,12510.00,208378.00,787318.00,64667.00
5862,31587.00,24626.00,90341.00,53462.00,50419.00,12507.00,205302.00,793232.00,54504.00
5863,35737.00,27693.00,98315.00,52806.00,28801.00,12627.00,205239.00,793450.00,54721.00
5864,35749.00,27768.00,112727.00,67157.00,50537.00,12652.00,208575.00,876080.00,102175.00
5865,35749.00,27707.00,108073.00,67006.00,51672.00,12550.00,205157.00,793663.00,54675.00
5866,35658.00,27649.00,97897.00,52766.00,28921.00,12575.00,204990.00,847892.00,65054.00
5867,31676.00,24687.00,87002.00,53522.00,86064.00,13299.00,218554.00,790301.00,64962.00
5868,31633.00,24570.00,86931.00,53660.00,60499.00,12678.00,205258.00,794303.00,54473.00
5869,35540.00,27573.00,99132.00,66968.00,51239.00,12560.00,205240.00,793189.00,66836.00
5870,31881.00,24509.00,86924.00,56382.00,51072.00,12628.00,205265.00,789608.00,66742.00
5871,31754.00,24605.00,87215.00,53538.00,52182.00,12478.00,205292.00,837677.00,57602.00
5872,35757.00,39354.00,111140.00,67841.00,50663.00,12581.00,208754.00,827546.00,89487.00
5873,34604.00,24593.00,86813.00,53529.00,51794.00,12483.00,205263.00,832365.00,57715.00
5874,37521.00,29122.00,111768.00,52851.00,28955.00,12596.00,228639.00,814014.00,64840.00
5875,31854.00,24616.00,87656.00,53526.00,56994.00,12511.00,208451.00,787552.00,67585.00
5876,31753.00,24390.00,86765.00,53640.00,51035.00,12579.00,205285.00,846118.00,59138.00
5877,38609.00,29955.00,113728.00,64361.00,28870.00,12516.00,205257.00,800463.00,66528.00
5878,31799.00,24643.00,87351.00,53581.00,61622.00,12528.00,205271.00,806828.00,72218.00
5879,34677.00,26959.00,95147.00,58744.00,69705.00,12487.00,205253.00,833254.00,54662.00
5880,35765.00,27672.00,98632.00,79551.00,50649.00,12541.00,207747.00,787115.00,65788.00
5881,31806.00,24626.00,89602.00,53629.00,51518.00,12538.00,205230.00,793636.00,54413.00
5882,35639.00,27637.00,98611.00,52774.00,28957.00,12542.00,205253.00,793372.00,54396.00
5883,35602.00,27567.00,100457.00,76102.00,50912.00,12553.00,208352.00,819034.00,66265.00
5884,31805.00,24625.00,90459.00,53542.00,61274.00,12557.00,205404.00,793254.00,54848.00
5885,35607.00,27741.00,97795.00,52746.00,28955.00,12543.00,205300.00,793905.00,54700.00
5886,35764.00,27631.00,111402.00,68097.00,60812.00,12577.00,208044.00,787346.00,65831.00
5887,31753.00,24653.00,90203.00,53408.00,61988.00,12530.00,205268.00,793396.00,54557.00
5888,35619.00,27532.00,98555.00,52792.00,28804.00,12566.00,205217.00,794348.00,54436.00
5889,35735.00,27593.00,112814.00,67904.00,55986.00,12498.00,232596.00,874723.00,67982.00
5890,31964.00,24636.00,87254.00,53539.00,51008.00,12536.00,205314.00,793783.00,54475.00
5891,35758.00,27621.00,98375.00,52770.00,28844.00,12496.00,205261.00,793449.00,55398.00
5892,31836.00,35038.00,86999.00,53568.00,51101.00,12565.00,230763.00,806492.00,77650.00
5893,31930.00,24467.00,86901.00,53537.00,51508.00,12606.00,205260.00,793933.00,54648.00
5894,35575.00,27610.00,98408.00,52820.00,28871.00,12541.00,205271.00,793648.00,65083.00
5895,31694.00,24393.00,88028.00,53520.00,51753.00,12568.00,208396.00,787319.00,68439.00
5896,31832.00,24725.00,87240.00,53599.00,51679.00,12544.00,205273.00,793722.00,54568.00
5897,35783.00,27691.00,97501.00,52709.00,28899.00,12484.00,205246.00,793521.00,54610.00
5898,42102.00,27686.00,102583.00,66371.00,50797.00,12573.00,208395.00,787405.00,68152.00
5899,31842.00,24554.00,86928.00,53633.00,51809.00,12549.00,205291.00,793134.00,54578.00
5900,35960.00,27681.00,97594.00,52907.00,28873.00,12505.00,205292.00,793705.00,54571.00
5901,43918.00,27563.00,102145.00,67049.00,50660.00,12524.00,208350.00,875560.00,76449.00
5902,31873.00,24559.00,86819.00,53613.00,51979.00,12525.00,205254.00,793810.00,54607.00
5903,35542.00,27696.00,98638.00,52893.00,28859.00,12664.00,205247.00,793494.00,74529.00
5904,31758.00,24556.00,87695.00,53627.00,52800.00,15641.00,205426.00,803083.00,84448.00
5905,34786.00,26957.00,95845.00,58812.00,53313.00,13193.00,250895.00,793068.00,54492.00
5906,35597.00,27689.00,97689.00,66285.00,51023.00,12549.00,205502.00,792398.00,66168.00
5907,31738.00,24395.00,87186.00,56210.00,58406.00,12579.00,205286.00,789667.00,64735.00
5908,31607.00,24613.00,87809.00,53486.00,52132.00,12576.00,205269.00,793638.00,54384.00
5909,35795.00,27588.00,97999.00,65535.00,50720.00,12570.00,205299.00,792271.00,65815.00
5910,31777.00,24524.00,86795.00,56319.00,51504.00,12596.00,205270.00,790019.00,65970.00
5911,31683.00,24552.00,87585.00,53608.00,51290.00,12545.00,205251.00,836333.00,54774.00
5912,35580.00,27651.00,99717.00,76748.00,50829.00,12549.00,207696.00,788521.00,68116.00
5913,31591.00,24585.00,89733.00,53647.00,51136.00,12457.00,205286.00,793471.00,54614.00
5914,35799.00,27674.00,118829.00,72049.00,31188.00,13670.00,221911.00,832942.00,54570.00
5915,35812.00,27750.00,112648.00,67390.00,51870.00,12551.00,208447.00,787475.00,66103.00
5916,31738.00,27256.00,87204.00,53535.00,51197.00,12549.00,205254.00,793549.00,54533.00
5917,35759.00,27654.00,98413.00,52698.00,28816.00,12495.00,205256.00,836602.00,54759.00
5918,42210.00,27608.00,102620.00,67314.00,51297.00,12508.00,207840.00,823072.00,75031.00
5919,31751.00,24653.00,87211.00,53395.00,52509.00,12494.00,205385.00,820137.00,57365.00
5920,37610.00,29146.00,112552.00,52882.00,28864.00,12597.00,205048.00,833246.00,69694.00
5921,45110.00,27037.00,87834.00,56319.00,50867.00,12661.00,205462.00,790126.00,65328.00
5922,31932.00,24593.00,87013.00,53652.00,51546.00,12503.00,205247.00,793617.00,54368.00
5923,35940.00,27609.00,98381.00,53490.00,62714.00,12567.00,205252.00,796323.00,74959.00
5924,31811.00,24631.00,87194.00,56053.00,51148.00,12509.00,205258.00,790210.00,65297.00
5925,31823.00,24499.00,87456.00,53502.00,51675.00,12580.00,221293.00,824350.00,54574.00
5926,35813.00,27682.00,98537.00,97278.00,52889.00,13206.00,240155.00,826364.00,65497.00
5927,34176.00,24545.00,110795.00,58785.00,53218.00,13146.00,219278.00,822452.00,67933.00
5928,35799.00,27814.00,98105.00,52737.00,28909.00,12537.00,205344.00,792695.00,55578.00
5929,31788.00,35429.00,87712.00,53568.00,50765.00,12548.00,231707.00,849438.00,70367.00
5930,35845.00,43671.00,97740.00,60272.00,58126.00,13450.00,231657.00,856689.00,54532.00
5931,54287.00,44424.00,121689.00,74513.00,53522.00,13574.00,226425.00,869224.00,85945.00
5932,35929.00,27658.00,98209.00,69427.00,71294.00,12516.00,205262.00,924026.00,54857.00
5933,35693.00,27597.00,98014.00,52846.00,28934.00,12500.00,208399.00,809697.00,66000.00
5934,31768.00,24676.00,90048.00,53640.00,51114.00,12559.00,205255.00,794577.00,54586.00
5935,35590.00,27737.00,97890.00,52829.00,28862.00,12474.00,205269.00,793587.00,54593.00
5936,35647.00,27459.00,112999.00,75536.00,51931.00,12557.00,208447.00,787250.00,69802.00
5937,34426.00,24687.00,87016.00,53569.00,50912.00,12585.00,205095.00,793368.00,54760.00
5938,35701.00,27540.00,97600.00,52765.00,28988.00,12679.00,241290.00,854038.00,54830.00
5939,31796.00,36852.00,102390.00,74803.00,51510.00,12492.00,208086.00,787604.00,68265.00
5940,31854.00,24563.00,87138.00,53570.00,55167.00,12530.00,205243.00,794111.00,54635.00
5941,35533.00,27718.00,98354.00,52796.00,28806.00,12515.00,205264.00,793087.00,57373.00
5942,31752.00,34938.00,102164.00,68387.00,50945.00,12622.00,233502.00,806803.00,100044.00
5943,31718.00,24633.00,86944.00,53502.00,59895.00,12628.00,205297.00,793876.00,54714.00
5944,35652.00,27790.00,98612.00,52646.00,28961.00,12556.00,205243.00,801577.00,65771.00
5945,31844.00,24632.00,86903.00,53534.00,53909.00,12545.00,205278.00,789764.00,67827.00
5946,31578.00,24693.00,87112.00,53578.00,58902.00,12578.00,205253.00,793176.00,54510.00
5947,35651.00,27446.00,98098.00,52637.00,28892.00,12573.00,205251.00,793237.00,73925.00
5948,31502.00,24633.00,103990.00,58790.00,57144.00,13180.00,216149.00,821590.00,73939.00
5949,31934.00,24577.00,87436.00,53511.00,52077.00,12551.00,205270.00,793585.00,54647.00
5950,35751.00,27720.00,98415.00,55099.00,67130.00,12561.00,205256.00,833210.00,64822.00
5951,31828.00,24516.00,109491.00,75748.00,55407.00,13607.00,230890.00,831004.00,57511.00
5952,46408.00,28988.00,97698.00,52686.00,28842.00,12589.00,205513.00,793252.00,54821.00
5953,35574.00,27776.00,112968.00,66241.00,51141.00,12583.00,208393.00,787232.00,66486.00
5954,31898.00,27288.00,87324.00,53629.00,51187.00,12545.00,205276.00,850655.00,57529.00
5955,35739.00,38989.00,97655.00,52856.00,28878.00,12563.00,205277.00,828040.00,78895.00
5956,31716.00,24740.00,87273.00,53560.00,56378.00,15734.00,205286.00,787476.00,67064.00
5957,31762.00,24590.00,87251.00,53501.00,50589.00,12491.00,205289.00,793104.00,54566.00
5958,35837.00,27742.00,97533.00,52632.00,28862.00,12501.00,205286.00,793807.00,56631.00
5959,31877.00,34689.00,86939.00,53505.00,50654.00,12545.00,208387.00,787431.00,68430.00
5960,31501.00,24572.00,87554.00,53517.00,51750.00,12500.00,205252.00,881026.00,65251.00
5961,36054.00,27905.00,98288.00,52831.00,28902.00,12561.00,205264.00,800701.00,64738.00
5962,31562.00,24445.00,87162.00,53521.00,54158.00,12591.00,205541.00,807670.00,99371.00
5963,35783.00,27644.00,97775.00,60276.00,59228.00,13555.00,233713.00,794034.00,54572.00
5964,35798.00,27766.00,110535.00,67023.00,61002.00,12504.00,208515.00,787253.00,73550.00
5965,31935.00,24705.00,89605.00,53569.00,51012.00,12561.00,205297.00,793432.00,54774.00
5966,35552.00,27572.00,97610.00,52735.00,28899.00,12513.00,205367.00,793157.00,54646.00
5967,35654.00,27601.00,111634.00,66238.00,51075.00,12554.00,208346.00,819717.00,79965.00
5968,38458.00,27032.00,123604.00,58772.00,52545.00,13203.00,220222.00,792780.00,54610.00
5969,35695.00,27584.00,97962.00,52771.00,28857.00,12610.00,205432.00,792821.00,54602.00
5970,43186.00,27560.00,102710.00,66330.00,50863.00,12551.00,207606.00,787650.00,64836.00
5971,31828.00,27304.00,86324.00,53536.00,51109.00,12528.00,205257.00,793349.00,54561.00
5972,35771.00,27758.00,98221.00,52829.00,28869.00,12545.00,205287.00,793797.00,54527.00
5973,44642.00,27716.00,102844.00,67745.00,51904.00,12538.00,208395.00,786982.00,64698.00
5974,31795.00,27248.00,86866.00,53609.00,51261.00,12496.00,205251.00,793565.00,54542.00
5975,35790.00,27755.00,98297.00,52750.00,28796.00,12551.00,225807.00,907452.00,107065.00
5976,31872.00,24590.00,87101.00,56480.00,51559.00,12510.00,205258.00,790072.00,64806.00
5977,31703.00,24521.00,86873.00,53526.00,51421.00,12730.00,205288.00,793641.00,54604.00
5978,35711.00,27598.00,99038.00,52763.00,64764.00,12533.00,205257.00,796979.00,66745.00
5979,31770.00,24532.00,87386.00,56495.00,52741.00,12566.00,205474.00,790163.00,65800.00
5980,31669.00,24745.00,87349.00,53592.00,51472.00,12534.00,205251.00,836810.00,54638.00
5981,35862.00,27772.00,98091.00,65201.00,51710.00,12601.00,205269.00,792373.00,65490.00
5982,31793.00,24567.00,86791.00,56508.00,61303.00,12624.00,205253.00,790276.00,64964.00
5983,31736.00,24794.00,86905.00,53424.00,51576.00,12601.00,205266.00,792961.00,54520.00
5984,35812.00,27715.00,98124.00,65575.00,57378.00,12536.00,205623.00,791831.00,65838.00
5985,31866.00,24474.00,87315.00,56116.00,51536.00,12501.00,205264.00,790417.00,65878.00
5986,31736.00,24608.00,86988.00,53507.00,51467.00,12610.00,205252.00,793161.00,54494.00
5987,35763.00,27512.00,97675.00,66062.00,51496.00,12491.00,205250.00,866651.00,70781.00
5988,31713.00,35651.00,90237.00,53634.00,51170.00,12669.00,205352.00,793447.00,54855.00
5989,35656.00,27578.00,98135.00,52823.00,29004.00,12570.00,205324.00,793468.00,54787.00
5990,35700.00,27672.00,113185.00,67166.00,50529.00,12584.00,208451.00,788867.00,67923.00
5991,31704.00,24661.00,89675.00,53528.00,50924.00,12555.00,205250.00,842421.00,54599.00
5992,35728.00,27757.00,97629.00,52790.00,28882.00,12612.00,205145.00,824227.00,54643.00
5993,43933.00,27708.00,102289.00,66521.00,50398.00,12511.00,230821.00,807388.00,77342.00
5994,31671.00,24445.00,87161.00,53651.00,51581.00,12480.00,205306.00,841313.00,54410.00
5995,35561.00,27655.00,97334.00,52687.00,28884.00,12637.00,205082.00,847589.00,64944.00
5996,31826.00,24712.00,86763.00,53543.00,52372.00,12586.00,205251.00,790235.00,65490.00
5997,31872.00,24634.00,86819.00,53596.00,52292.00,12613.00,205281.00,793961.00,54773.00
5998,35532.00,27665.00,98036.00,52814.00,28813.00,12669.00,205248.00,802918.00,65760.00
5999,31756.00,24521.00,87286.00,53578.00,54109.00,12611.00,205314.00,790081.00,85533.00
6000,34984.00,27178.00,94978.00,58743.00,72221.00,12535.00,249374.00,857654.00,54691.00
6001,35911.00,27651.00,113440.00,67234.00,50376.00,12591.00,208681.00,787300.00,68207.00
6002,34508.00,24637.00,86991.00,53596.00,51401.00,12543.00,205245.00,793190.00,54549.00
6003,35552.00,27602.00,98859.00,52719.00,28846.00,12548.00,205263.00,815788.00,57439.00
6004,37517.00,29125.00,131396.00,66186.00,58595.00,12555.00,208728.00,786830.00,64644.00
6005,31584.00,27344.00,86635.00,53614.00,50942.00,12538.00,205009.00,821926.00,57789.00
6006,47611.00,29168.00,97438.00,52793.00,28941.00,12628.00,205420.00,793127.00,55237.00
6007,31723.00,35676.00,87217.00,53493.00,51141.00,12515.00,208057.00,789515.00,68466.00
6008,31831.00,24621.00,86857.00,53553.00,52326.00,12528.00,205257.00,793453.00,54647.00
6009,35446.00,27671.00,98272.00,52779.00,28959.00,12610.00,205259.00,793477.00,54568.00
6010,43952.00,27655.00,102285.00,68101.00,51216.00,12527.00,208352.00,787294.00,64513.00
6011,31796.00,27213.00,87011.00,53578.00,51271.00,12625.00,205250.00,793028.00,54394.00
6012,35745.00,27607.00,98454.00,52820.00,28793.00,12547.00,240929.00,854393.00,63957.00
6013,31579.00,24773.00,87218.00,53598.00,50887.00,12700.00,208304.00,788081.00,75900.00
6014,31772.00,24590.00,86552.00,53609.00,51973.00,12578.00,205259.00,793179.00,54673.00
6015,35662.00,27617.00,98030.00,52721.00,28860.00,12488.00,205259.00,793244.00,65102.00
6016,31760.00,24425.00,87166.00,53525.00,50854.00,12619.00,209287.00,787492.00,67419.00
6017,31733.00,24550.00,87485.00,53493.00,50642.00,12626.00,205484.00,793564.00,54568.00
6018,35584.00,27772.00,97897.00,52802.00,28926.00,12566.00,205484.00,864263.00,68587.00
6019,34735.00,26849.00,95831.00,58811.00,82807.00,12467.00,205207.00,818463.00,70804.00
6020,34640.00,27039.00,95307.00,58720.00,58323.00,23315.00,205058.00,820225.00,57582.00
6021,62953.00,28987.00,116307.00,72345.00,52377.00,13202.00,223530.00,787338.00,65007.00
6022,31750.00,24582.00,89811.00,71617.00,51871.00,13253.00,216118.00,835295.00,65626.00
6023,35750.00,27590.00,98864.00,52835.00,28961.00,12508.00,205277.00,793797.00,54597.00
6024,41997.00,27616.00,102394.00,67576.00,57393.00,12537.00,208823.00,875594.00,73985.00
6025,35882.00,27590.00,108213.00,58799.00,69885.00,12571.00,205293.00,793957.00,54558.00
6026,35587.00,27614.00,98598.00,65208.00,51432.00,12470.00,225911.00,814283.00,64810.00
6027,31725.00,24600.00,89263.00,53573.00,51779.00,12632.00,205286.00,794562.00,54707.00
6028,35651.00,27773.00,98527.00,52775.00,28863.00,12519.00,205277.00,793756.00,54644.00
6029,35598.00,27488.00,99824.00,79458.00,50543.00,12517.00,208338.00,787271.00,64722.00
6030,31875.00,24649.00,89475.00,53513.00,52049.00,12509.00,205285.00,814925.00,70469.00
6031,34883.00,26834.00,105826.00,53604.00,51865.00,12595.00,205283.00,821487.00,54714.00
6032,35638.00,27844.00,113884.00,67314.00,50747.00,12587.00,208260.00,787343.00,65206.00
6033,34620.00,24658.00,87254.00,53493.00,50759.00,12579.00,205016.00,793655.00,54707.00
6034,35706.00,27641.00,97257.00,52752.00,28782.00,12558.00,205195.00,793625.00,54429.00
6035,35783.00,27570.00,114239.00,66338.00,50499.00,12485.00,208423.00,787070.00,65476.00
6036,34448.00,24601.00,86631.00,53518.00,51730.00,12508.00,205259.00,838999.00,59284.00
6037,38611.00,29716.00,115611.00,55608.00,30424.00,13274.00,216747.00,793868.00,55788.00
6038,31657.00,34721.00,86819.00,53501.00,50525.00,12558.00,225475.00,833133.00,64701.00
6039,31722.00,24570.00,87034.00,53584.00,51287.00,12552.00,205259.00,793458.00,54654.00
6040,35800.00,27748.00,98012.00,52811.00,28889.00,12446.00,205272.00,793895.00,78660.00
6041,31831.00,24451.00,88285.00,53577.00,51782.00,12614.00,208520.00,787244.00,68234.00
6042,31817.00,24554.00,87510.00,53589.00,51426.00,12653.00,205226.00,793103.00,54856.00
6043,35729.00,27527.00,98183.00,52765.00,28872.00,12497.00,205363.00,837703.00,65997.00
6044,31648.00,24442.00,86930.00,53430.00,60309.00,12593.00,243263.00,790176.00,65573.00
6045,31707.00,24593.00,87181.00,53603.00,50751.00,12614.00,205468.00,793330.00,54693.00
6046,35670.00,27499.00,97982.00,52842.00,28892.00,12588.00,205488.00,793311.00,77128.00
6047,31708.00,24498.00,87718.00,53560.00,53769.00,15696.00,205182.00,787638.00,65784.00
6048,31736.00,24441.00,87979.00,53520.00,51713.00,12616.00,205255.00,793514.00,54451.00
6049,35537.00,27617.00,98541.00,52801.00,28856.00,12566.00,224122.00,882797.00,67092.00
6050,31628.00,24543.00,87050.00,55889.00,61863.00,12578.00,205290.00,790553.00,64745.00
6051,31683.00,24483.00,87575.00,53596.00,51997.00,12491.00,205260.00,793747.00,54474.00
6052,35614.00,27555.00,98884.00,54885.00,60261.00,12590.00,205273.00,817292.00,70280.00
6053,34676.00,27038.00,105611.00,53566.00,52180.00,12631.00,205025.00,790618.00,64746.00
6054,32025.00,24634.00,87270.00,53583.00,50716.00,12581.00,205266.00,793681.00,54512.00
6055,35937.00,27692.00,99391.00,77739.00,55747.00,12606.00,208564.00,787461.00,64997.00
6056,31777.00,24550.00,90153.00,53508.00,52465.00,12550.00,205265.00,814633.00,71730.00
6057,34826.00,27033.00,104521.00,53562.00,51601.00,12499.00,205282.00,792859.00,54545.00
6058,35687.00,27651.00,97964.00,52816.00,28860.00,12539.00,208413.00,787015.00,65064.00
6059,31696.00,24585.00,89723.00,53584.00,51077.00,12739.00,205161.00,793192.00,54699.00
6060,35758.00,27663.00,98112.00,52779.00,28872.00,12640.00,205134.00,793427.00,54535.00
6061,35698.00,27667.00,100071.00,76694.00,57778.00,12520.00,208414.00,863008.00,79554.00
6062,34546.00,24531.00,87238.00,53538.00,58293.00,12541.00,205268.00,793587.00,54501.00
6063,35766.00,27696.00,98313.00,52761.00,28898.00,12608.00,205263.00,793907.00,54460.00
6064,35793.00,27641.00,113055.00,66879.00,51112.00,12475.00,208449.00,787656.00,65776.00
6065,31644.00,27243.00,87344.00,53492.00,51336.00,12548.00,205259.00,793397.00,54576.00
6066,35690.00,27587.00,98173.00,52816.00,28856.00,12619.00,205268.00,793336.00,54481.00
6067,35672.00,27769.00,113911.00,67516.00,51292.00,12631.00,208429.00,787190.00,67595.00
6068,34472.00,24507.00,87313.00,53577.00,50629.00,12517.00,205253.00,793443.00,54494.00
6069,35764.00,27586.00,98564.00,52840.00,28809.00,12655.00,205274.00,861238.00,57490.00
6070,44658.00,29072.00,112657.00,71830.00,61261.00,15247.00,230506.00,832391.00,71694.00
6071,34834.00,27075.00,95793.00,67273.00,52576.00,12510.00,205443.00,793190.00,54717.00
6072,35566.00,27709.00,97590.00,65173.00,51051.00,12531.00,205252.00,792996.00,64967.00
6073,31913.00,24490.00,87225.00,56304.00,81751.00,13243.00,216068.00,830463.00,57398.00
6074,37406.00,29149.00,102705.00,65639.00,45849.00,13272.00,235382.00,849471.00,55153.00
6075,31819.00,35680.00,87775.00,53507.00,50670.00,12565.00,231310.00,804952.00,66802.00
6076,31660.00,24604.00,87204.00,53469.00,51640.00,12639.00,205138.00,856892.00,54702.00
6077,35888.00,27634.00,97893.00,52716.00,28945.00,12540.00,205331.00,895522.00,72785.00
6078,35660.00,27473.00,100848.00,60165.00,72042.00,13566.00,222054.00,845424.00,57495.00
6079,37514.00,29098.00,120699.00,56985.00,31319.00,13573.00,221974.00,893885.00,84426.00
6080,35684.00,27567.00,98681.00,73860.00,66296.00,13516.00,231331.00,897609.00,69506.00
6081,47701.00,29301.00,98381.00,52752.00,28844.00,12547.00,205302.00,855215.00,55785.00
6082,31725.00,35077.00,86994.00,53525.00,52232.00,12579.00,231069.00,837194.00,93336.00
6083,34801.00,26948.00,95270.00,58753.00,53694.00,23010.00,205414.00,834122.00,54730.00
6084,35839.00,27738.00,97785.00,65578.00,63983.00,12507.00,207772.00,876792.00,97043.00
6085,35723.00,30232.00,98029.00,60275.00,53780.00,13654.00,250149.00,869573.00,59162.00
6086,38667.00,29768.00,115651.00,68199.00,71706.00,13530.00,225973.00,877427.00,69915.00
6087,37741.00,27013.00,94976.00,58747.00,53108.00,13179.00,219158.00,822452.00,66765.00
6088,35530.00,27550.00,97813.00,52827.00,28919.00,12592.00,205440.00,835124.00,64614.00
6089,31738.00,24552.00,87290.00,53614.00,50836.00,12579.00,209839.00,787627.00,67893.00
6090,31597.00,24615.00,87489.00,53558.00,50708.00,12585.00,205267.00,793403.00,54534.00
6091,35700.00,27681.00,98136.00,52774.00,28904.00,12539.00,205283.00,793920.00,55280.00
6092,31895.00,34879.00,86751.00,53579.00,51543.00,12525.00,208361.00,787409.00,67445.00
6093,31895.00,24536.00,87089.00,53552.00,50992.00,12547.00,205212.00,821762.00,57685.00
6094,35741.00,39756.00,97978.00,52822.00,28968.00,12579.00,205280.00,793003.00,55656.00
6095,31738.00,34568.00,86935.00,53416.00,51929.00,12611.00,208489.00,829716.00,67309.00
6096,31810.00,24656.00,86752.00,53538.00,52080.00,12518.00,205272.00,793423.00,54316.00
6097,35657.00,27504.00,98287.00,52805.00,28867.00,12500.00,205279.00,867956.00,78869.00
6098,34795.00,53863.00,112802.00,64138.00,62283.00,13520.00,238243.00,816165.00,57637.00
6099,37346.00,29020.00,110214.00,52751.00,28890.00,12552.00,205404.00,793576.00,54730.00
6100,35595.00,27662.00,113876.00,67459.00,60036.00,12542.00,208392.00,788625.00,65302.00
6101,31762.00,24669.00,90223.00,53630.00,50451.00,12615.00,205274.00,849897.00,57484.00
6102,35705.00,39145.00,98388.00,52714.00,28986.00,12566.00,205298.00,793103.00,54688.00
6103,43803.00,27584.00,102438.00,69196.00,51913.00,12585.00,208516.00,786989.00,64493.00
6104,31672.00,27331.00,86356.00,53523.00,51564.00,12505.00,205261.00,793391.00,54523.00
6105,35648.00,27774.00,98403.00,52775.00,28858.00,12521.00,205258.00,793390.00,54555.00
6106,45425.00,27760.00,102136.00,66233.00,50662.00,12559.00,229345.00,808564.00,66897.00
6107,31822.00,24581.00,87017.00,53609.00,51643.00,12559.00,205257.00,793678.00,54484.00
6108,35701.00,27652.00,98231.00,52867.00,28915.00,12556.00,205256.00,793610.00,54524.00
6109,31799.00,36631.00,102665.00,66895.00,50649.00,12519.00,208425.00,831411.00,133722.00
6110,35731.00,27613.00,97477.00,60175.00,60688.00,13718.00,232308.00,792819.00,54621.00
6111,35728.00,27562.00,99443.00,77800.00,56770.00,12571.00,208566.00,788036.00,64713.00
6112,31743.00,24557.00,89607.00,53607.00,53441.00,12691.00,205322.00,793957.00,54424.00
6113,35817.00,27571.00,98872.00,52680.00,28892.00,12691.00,205251.00,793866.00,54484.00
6114,35812.00,27678.00,100313.00,75696.00,50555.00,12576.00,208259.00,788597.00,64700.00
6115,31766.00,24613.00,89969.00,53577.00,51206.00,12512.00,205278.00,790219.00,65928.00
6116,31840.00,24713.00,87266.00,53560.00,51935.00,12568.00,205274.00,793358.00,54514.00
6117,35678.00,27619.00,100680.00,75147.00,57287.00,12530.00,208359.00,786989.00,65398.00
6118,31891.00,24622.00,90033.00,53560.00,53360.00,12578.00,205257.00,815413.00,57672.00
6119,37317.00,29142.00,102262.00,63872.00,29014.00,12673.00,205261.00,820405.00,54615.00
6120,35842.00,27725.00,113205.00,67453.00,50946.00,12502.00,209236.00,788157.00,64701.00
6121,34617.00,24522.00,87031.00,53529.00,51344.00,12665.00,205614.00,792959.00,54700.00
6122,35723.00,27508.00,97863.00,52815.00,28888.00,12540.00,205463.00,915967.00,55876.00
6123,31795.00,35868.00,102223.00,68514.00,61762.00,12578.00,205287.00,789393.00,64527.00
6124,31676.00,24554.00,86829.00,53575.00,50914.00,12525.00,205290.00,793611.00,54508.00
6125,35730.00,27641.00,99226.00,52829.00,28851.00,12503.00,205265.00,793556.00,64343.00
6126,31776.00,24704.00,86939.00,53440.00,51998.00,12593.00,208842.00,787312.00,67536.00
6127,31752.00,24538.00,87067.00,53521.00,51169.00,12546.00,205266.00,793545.00,54536.00
6128,35609.00,27686.00,98495.00,52778.00,28932.00,12545.00,205242.00,793478.00,54450.00
6129,31885.00,36509.00,102562.00,68291.00,60105.00,12470.00,208396.00,787429.00,68612.00
6130,31882.00,24677.00,87081.00,53568.00,50772.00,12559.00,205288.00,793454.00,54366.00
6131,35655.00,27707.00,98457.00,52727.00,28839.00,12590.00,205251.00,836780.00,56472.00
6132,31842.00,35555.00,87252.00,53615.00,58539.00,12568.00,241129.00,789486.00,66496.00
6133,31641.00,24546.00,86650.00,53526.00,51683.00,12591.00,205296.00,879361.00,54714.00
6134,35799.00,27715.00,97910.00,54641.00,66491.00,12515.00,205235.00,881167.00,87328.00
6135,34887.00,24491.00,86906.00,53479.00,53603.00,12587.00,205260.00,793614.00,54503.00
6136,35444.00,27657.00,98884.00,52878.00,28853.00,12534.00,205296.00,793623.00,54507.00
6137,35526.00,27562.00,114033.00,67415.00,50939.00,12523.00,208340.00,787617.00,65502.00
6138,34366.00,24522.00,87181.00,53559.00,51859.00,12453.00,205251.00,793540.00,54395.00
6139,35776.00,27660.00,98394.00,52831.00,28828.00,12504.00,205251.00,793737.00,54630.00
6140,35744.00,27824.00,114325.00,66305.00,50985.00,12568.00,208361.00,787187.00,66180.00
6141,34376.00,24594.00,86657.00,53611.00,58880.00,12554.00,205272.00,793231.00,54445.00
6142,35752.00,27669.00,98736.00,52868.00,28864.00,12599.00,205270.00,793375.00,54554.00
6143,35752.00,27742.00,114150.00,66386.00,51132.00,12509.00,208329.00,832407.00,64908.00
6144,50806.00,27921.00,96136.00,58746.00,53298.00,13181.00,216067.00,828942.00,54879.00
6145,35804.00,27492.00,98145.00,52875.00,28720.00,12599.00,205323.00,849583.00,76256.00
6146,34745.00,26984.00,96857.00,67494.00,72129.00,13210.00,224910.00,790571.00,95148.00
6147,34899.00,26901.00,140329.00,60266.00,90536.00,13544.00,221899.00,848210.00,55950.00
6148,31634.00,34455.00,87081.00,53525.00,50703.00,12499.00,208432.00,786746.00,67752.00
6149,34833.00,41861.00,95090.00,58779.00,54176.00,23704.00,205252.00,794050.00,54512.00
6150,35729.00,27612.00,97831.00,52732.00,28894.00,12569.00,205256.00,793497.00,64434.00
6151,31628.00,24442.00,87491.00,53509.00,50819.00,12512.00,208429.00,830110.00,75978.00
6152,31777.00,24579.00,86941.00,53611.00,62056.00,12557.00,205438.00,793447.00,54434.00
6153,35631.00,27596.00,98034.00,52723.00,28879.00,12594.00,205423.00,793769.00,74469.00
6154,31857.00,24680.00,86928.00,53584.00,51836.00,15554.00,205290.00,787374.00,66754.00
6155,31519.00,24483.00,87410.00,53485.00,58857.00,12491.00,205113.00,793443.00,54577.00
6156,35666.00,27669.00,98053.00,52808.00,28887.00,12597.00,205224.00,793515.00,64765.00
6157,31779.00,24464.00,87479.00,53548.00,51458.00,12563.00,232364.00,808123.00,86564.00
6158,31738.00,24639.00,86997.00,53526.00,50750.00,12545.00,205166.00,793127.00,54560.00
6159,35653.00,27695.00,97863.00,68907.00,30356.00,13226.00,235585.00,840095.00,65931.00
6160,31645.00,24579.00,86495.00,56637.00,54913.00,12558.00,205260.00,790073.00,64933.00
6161,31746.00,24574.00,87385.00,53509.00,52799.00,12564.00,205262.00,793118.00,54437.00
6162,35642.00,27806.00,98604.00,64979.00,50752.00,12603.00,205369.00,795643.00,65835.00
6163,31598.00,24538.00,86802.00,56977.00,52510.00,12578.00,205583.00,789492.00,66322.00
6164,31457.00,24520.00,87070.00,53506.00,53387.00,12445.00,205280.00,793932.00,54466.00
6165,35857.00,27731.00,98640.00,65128.00,60872.00,12575.00,205472.00,793181.00,65208.00
6166,31877.00,24532.00,103573.00,62009.00,53538.00,13275.00,259862.00,834462.00,54688.00
6167,35838.00,27725.00,97013.00,52795.00,28841.00,12558.00,227522.00,822505.00,54682.00
6168,44875.00,27703.00,102017.00,70487.00,58275.00,12579.00,233033.00,844052.00,67947.00
6169,31725.00,24435.00,86976.00,53536.00,51480.00,12409.00,225408.00,871847.00,54589.00
6170,35704.00,27831.00,97923.00,65336.00,51328.00,12574.00,205281.00,790119.00,64713.00
6171,31767.00,24639.00,86645.00,55681.00,50805.00,12628.00,205473.00,872676.00,71014.00
6172,34767.00,26932.00,99106.00,53493.00,51614.00,12582.00,205289.00,793738.00,54641.00
6173,35585.00,27615.00,114519.00,66231.00,50969.00,12485.00,208546.00,787366.00,64639.00
6174,34480.00,24561.00,86915.00,53664.00,54351.00,12594.00,205162.00,793235.00,54577.00
6175,35744.00,27683.00,97254.00,52934.00,28925.00,12490.00,205208.00,793609.00,54524.00
6176,35762.00,27582.00,114428.00,68423.00,55443.00,12572.00,208464.00,787516.00,74131.00
6177,31865.00,27239.00,86794.00,53503.00,51943.00,12582.00,205280.00,793641.00,54553.00
6178,35745.00,27667.00,98591.00,52818.00,28830.00,12488.00,205272.00,793654.00,54503.00
6179,35677.00,27720.00,113244.00,67111.00,53447.00,12487.00,208314.00,787702.00,65904.00
6180,31702.00,27420.00,87194.00,53596.00,52153.00,12509.00,205274.00,793395.00,54398.00
6181,35640.00,27688.00,98616.00,52730.00,28722.00,12543.00,205250.00,819930.00,57593.00
6182,47766.00,29149.00,112474.00,67052.00,50475.00,12571.00,231696.00,806660.00,77884.00
6183,31635.00,24528.00,87101.00,53471.00,51141.00,12558.00,205515.00,813464.00,57602.00
6184,37462.00,29108.00,113701.00,52750.00,28922.00,12690.00,205265.00,875149.00,65323.00
6185,31853.00,24537.00,87199.00,56551.00,57032.00,12582.00,205218.00,789829.00,70531.00
6186,31764.00,24634.00,86986.00,53585.00,52130.00,12509.00,205266.00,793639.00,54464.00
6187,35706.00,27576.00,98213.00,65013.00,58122.00,12643.00,205442.00,792200.00,64482.00
6188,31760.00,24632.00,87694.00,56203.00,53801.00,12540.00,205256.00,789772.00,65436.00
6189,31741.00,24661.00,87713.00,53462.00,51637.00,12465.00,205265.00,793635.00,54439.00
6190,35659.00,27637.00,98524.00,65066.00,61817.00,12479.00,205280.00,791946.00,64708.00
6191,31818.00,24545.00,86464.00,56301.00,51407.00,12476.00,205263.00,790252.00,64559.00
6192,31599.00,24397.00,86806.00,53491.00,51754.00,12592.00,205261.00,793498.00,54519.00
6193,35693.00,27634.00,98194.00,65187.00,58278.00,12472.00,205249.00,792025.00,65629.00
6194,31925.00,24554.00,86665.00,56254.00,50633.00,12589.00,205331.00,813416.00,70517.00
6195,34846.00,26881.00,95956.00,67741.00,52565.00,12577.00,205280.00,792514.00,54619.00
6196,35648.00,27761.00,111759.00,70671.00,50579.00,12520.00,250404.00,831534.00,66426.00
6197,31892.00,27852.00,87201.00,53620.00,51686.00,12602.00,205239.00,793439.00,54495.00
6198,35805.00,27602.00,97727.00,52754.00,28886.00,12549.00,205248.00,793814.00,54556.00
6199,45199.00,27606.00,102501.00,66221.00,51931.00,12553.00,208419.00,787201.00,71706.00
6200,31792.00,27621.00,87427.00,53551.00,51250.00,12562.00,205409.00,793273.00,54671.00
6201,35746.00,27683.00,97723.00,52884.00,28845.00,12608.00,205463.00,793281.00,54561.00
6202,44173.00,27496.00,102150.00,67245.00,51469.00,12524.00,208417.00,786951.00,65082.00
6203,31809.00,27322.00,87443.00,53549.00,51518.00,12493.00,205243.00,793321.00,54497.00
6204,35820.00,27510.00,98393.00,52708.00,28894.00,12608.00,205244.00,793276.00,54436.00
6205,45156.00,27572.00,102081.00,67652.00,58402.00,12579.00,208497.00,787546.00,77753.00
6206,31710.00,24646.00,86915.00,53460.00,52145.00,12487.00,205259.00,793267.00,54668.00
6207,35758.00,27726.00,98179.00,52932.00,28929.00,12598.00,205264.00,836490.00,54574.00
6208,31738.00,36562.00,102205.00,67253.00,50525.00,12464.00,232142.00,865874.00,80646.00
6209,34879.00,27061.00,122981.00,75437.00,53179.00,13610.00,236203.00,793941.00,54770.00
6210,35470.00,27591.00,114144.00,66570.00,51645.00,12555.00,208570.00,787193.00,64506.00
6211,31814.00,24528.00,90292.00,53590.00,50781.00,12572.00,205263.00,793562.00,54440.00
6212,35604.00,27652.00,98375.00,52740.00,28878.00,12566.00,205276.00,793465.00,54609.00
6213,35647.00,27760.00,114651.00,66888.00,51664.00,12505.00,209029.00,786908.00,74991.00
6214,31767.00,24423.00,89892.00,53585.00,52032.00,12594.00,205264.00,793686.00,54621.00
6215,35662.00,27786.00,98560.00,52767.00,28821.00,12505.00,205251.00,793574.00,54599.00
6216,35738.00,27531.00,113594.00,66599.00,50763.00,12590.00,208673.00,787051.00,85579.00
6217,34507.00,24626.00,87101.00,53449.00,55211.00,12516.00,205260.00,793824.00,54548.00
6218,35599.00,27604.00,98022.00,52716.00,28897.00,12529.00,205255.00,878264.00,54641.00
6219,41542.00,27701.00,102298.00,66334.00,51204.00,12573.00,232379.00,821786.00,65114.00
6220,31722.00,24495.00,86875.00,53489.00,51332.00,12507.00,225691.00,869343.00,59207.00
6221,38586.00,30086.00,105635.00,71285.00,72206.00,13221.00,220648.00,786858.00,64433.00
6222,31875.00,24605.00,90217.00,53547.00,50881.00,12466.00,205268.00,793476.00,54652.00
6223,35775.00,27633.00,98271.00,52919.00,29014.00,12588.00,205238.00,793106.00,54628.00
6224,35576.00,27643.00,111985.00,66303.00,51765.00,12550.00,208374.00,788425.00,64613.00
6225,31531.00,24558.00,89648.00,53502.00,53762.00,12497.00,205245.00,837330.00,54683.00
6226,35739.00,27664.00,97864.00,52812.00,28948.00,12532.00,205274.00,793627.00,54567.00
6227,35700.00,27672.00,113335.00,67043.00,51822.00,12536.00,208416.00,787253.00,65234.00
6228,34470.00,24698.00,87037.00,53532.00,53058.00,12536.00,205257.00,793534.00,54515.00
6229,35866.00,27702.00,98438.00,52756.00,28903.00,12575.00,205266.00,793377.00,54500.00
6230,35572.00,27510.00,113854.00,68856.00,51711.00,12512.00,208372.00,787063.00,75525.00
6231,34402.00,24503.00,87068.00,53404.00,51716.00,12487.00,205306.00,793198.00,54555.00
6232,35722.00,27723.00,97937.00,52820.00,28787.00,12492.00,205250.00,837354.00,54631.00
6233,35664.00,27481.00,115920.00,66938.00,70404.00,13239.00,248327.00,872577.00,82375.00
6234,34847.00,27063.00,95380.00,58744.00,63683.00,12554.00,205266.00,833404.00,54613.00
6235,35600.00,27638.00,111438.00,72272.00,50235.00,12529.00,226304.00,809826.00,65415.00
6236,34076.00,24588.00,87230.00,53513.00,50478.00,12528.00,205271.00,821281.00,57653.00
6237,46727.00,29088.00,97399.00,52820.00,28840.00,12585.00,226418.00,882724.00,81845.00
6238,31799.00,24523.00,86887.00,53545.00,55064.00,12529.00,232022.00,882641.00,81450.00
6239,34622.00,27019.00,101720.00,53531.00,54973.00,12558.00,221494.00,868783.00,72254.00
6240,44512.00,28951.00,112596.00,100004.00,56776.00,13538.00,230245.00,831370.00,81524.00
6241,34837.00,26862.00,105823.00,53709.00,51681.00,12523.00,205317.00,793456.00,54657.00
6242,35585.00,27714.00,99820.00,73712.00,53417.00,12583.00,208205.00,803481.00,79206.00
6243,34762.00,26818.00,98998.00,58721.00,70739.00,12597.00,205294.00,793267.00,54638.00
6244,35654.00,27553.00,97907.00,52774.00,28771.00,12481.00,205292.00,836486.00,73148.00
6245,38598.00,45138.00,132515.00,73559.00,70986.00,16413.00,228522.00,799472.00,67153.00
6246,31675.00,24498.00,87307.00,53496.00,64018.00,12641.00,205266.00,793672.00,54698.00
6247,35563.00,27635.00,98054.00,52746.00,28860.00,12551.00,205288.00,802536.00,65496.00
6248,31623.00,24518.00,87294.00,53525.00,54418.00,12548.00,205256.00,838850.00,81703.00
6249,34869.00,26959.00,95989.00,66422.00,57943.00,12582.00,205266.00,792883.00,71687.00
6250,37523.00,29005.00,107264.00,77126.00,73191.00,12454.00,226023.00,810442.00,64792.00
6251,34024.00,24547.00,87146.00,53561.00,51962.00,12623.00,205286.00,819082.00,57562.00
6252,46794.00,29129.00,97687.00,52881.00,28916.00,12581.00,205632.00,793315.00,54732.00
6253,44900.00,27618.00,102469.00,66931.00,51643.00,12583.00,208388.00,787586.00,66462.00
6254,31861.00,27005.00,87497.00,53515.00,52532.00,12715.00,205232.00,794962.00,54574.00
6255,35663.00,27496.00,98935.00,80903.00,28910.00,12529.00,205162.00,794421.00,54615.00
6256,41809.00,27694.00,102170.00,71170.00,50687.00,12461.00,208408.00,787457.00,67486.00
6257,31866.00,24517.00,86712.00,53479.00,73779.00,13136.00,235553.00,917408.00,54743.00
6258,35564.00,27579.00,97370.00,65453.00,50850.00,12622.00,208047.00,787154.00,64448.00
6259,31643.00,24402.00,90552.00,53561.00,50988.00,12618.00,205188.00,790183.00,74341.00
6260,31736.00,24575.00,86943.00,53524.00,56246.00,12590.00,205359.00,793249.00,54845.00
6261,35735.00,27529.00,100270.00,76108.00,50838.00,12544.00,208509.00,787359.00,64475.00
6262,31783.00,24590.00,89886.00,53563.00,61217.00,12612.00,205265.00,793529.00,54582.00
6263,35623.00,27726.00,97751.00,52805.00,28858.00,12564.00,205261.00,793565.00,54667.00
6264,35723.00,27593.00,100413.00,73157.00,50757.00,12483.00,208327.00,786966.00,65738.00
6265,31716.00,24716.00,89948.00,53538.00,51465.00,12525.00,205278.00,793298.00,54684.00
6266,35601.00,27705.00,98207.00,52835.00,28916.00,12505.00,205279.00,793052.00,54465.00
6267,35618.00,27645.00,100143.00,78645.00,58309.00,12520.00,208296.00,787028.00,66440.00
6268,31744.00,24486.00,89799.00,53516.00,51792.00,12557.00,205293.00,793754.00,54635.00
6269,35603.00,27735.00,98611.00,52885.00,28774.00,12583.00,205264.00,873490.00,67619.00
6270,35792.00,27540.00,114099.00,66122.00,51272.00,12515.00,229690.00,808515.00,69473.00
6271,31716.00,24572.00,87494.00,53553.00,51863.00,12600.00,205281.00,793595.00,54488.00
6272,35622.00,27543.00,98174.00,52721.00,28838.00,12481.00,205239.00,793844.00,54529.00
6273,42831.00,27626.00,102522.00,68619.00,52269.00,12551.00,208320.00,787322.00,68920.00
6274,31768.00,24568.00,87142.00,53614.00,52012.00,12559.00,205128.00,793026.00,54656.00
6275,35723.00,27729.00,98029.00,52837.00,28996.00,12647.00,205247.00,793452.00,54542.00
6276,44728.00,27668.00,102209.00,67551.00,62121.00,12556.00,208349.00,787506.00,69322.00
6277,31743.00,24674.00,86885.00,53501.00,50738.00,12640.00,205256.00,793777.00,54502.00
6278,35709.00,27588.00,98013.00,52755.00,28754.00,12503.00,205259.00,793611.00,54456.00
6279,42595.00,27712.00,102156.00,67318.00,51262.00,12602.00,208062.00,787695.00,67255.00
6280,31697.00,24595.00,86693.00,53515.00,51352.00,12581.00,205318.00,793602.00,54597.00
6281,35700.00,27789.00,98542.00,52766.00,28780.00,12523.00,205278.00,793261.00,71401.00
6282,45201.00,29062.00,130021.00,74474.00,63802.00,16808.00,234191.00,856174.00,73206.00
6283,34971.00,26789.00,95917.00,58706.00,65719.00,12534.00,205259.00,792960.00,54700.00
6284,35816.00,27558.00,110123.00,66209.00,51446.00,12570.00,208435.00,787421.00,65410.00
6285,31739.00,24687.00,90197.00,53594.00,53378.00,12502.00,205366.00,793116.00,54718.00
6286,35646.00,27548.00,97745.00,52691.00,28964.00,12532.00,205324.00,793431.00,54701.00
6287,35900.00,27593.00,101523.00,73425.00,51540.00,12576.00,208298.00,788850.00,64647.00
6288,31775.00,24499.00,89746.00,53577.00,51957.00,12570.00,205269.00,793497.00,54617.00
6289,35702.00,27693.00,98298.00,52738.00,28826.00,12483.00,205251.00,793895.00,54607.00
6290,35895.00,27653.00,99702.00,75659.00,51046.00,12558.00,208341.00,788773.00,64512.00
6291,31763.00,24677.00,89944.00,53486.00,52023.00,12582.00,205254.00,789935.00,65881.00
6292,31651.00,24672.00,87081.00,53577.00,51686.00,12590.00,205248.00,793200.00,54608.00
6293,35639.00,27693.00,118751.00,80734.00,52806.00,13122.00,219612.00,806976.00,65979.00
6294,31616.00,24702.00,114850.00,58759.00,65640.00,13234.00,236547.00,835004.00,54600.00
6295,35759.00,27544.00,97761.00,52839.00,28921.00,12580.00,205483.00,836738.00,64583.00
6296,31612.00,24541.00,86702.00,53562.00,51286.00,12490.00,208956.00,787438.00,66186.00
6297,31722.00,24579.00,86941.00,53674.00,51409.00,12540.00,205299.00,794057.00,54567.00
6298,35795.00,27867.00,98262.00,52822.00,28956.00,12587.00,205276.00,793635.00,55920.00
6299,31722.00,34196.00,87314.00,53572.00,56351.00,12501.00,208461.00,787198.00,68453.00
6300,31700.00,24702.00,87035.00,53580.00,51597.00,12632.00,205270.00,793452.00,54517.00
6301,35691.00,27762.00,97907.00,52885.00,28906.00,12467.00,205304.00,793330.00,54421.00
6302,42460.00,27665.00,102521.00,67506.00,54350.00,12583.00,208342.00,787492.00,68947.00
6303,31663.00,24545.00,86729.00,53586.00,50911.00,12530.00,205238.00,793683.00,54445.00
6304,35719.00,27576.00,98577.00,52781.00,28843.00,12517.00,205265.00,793518.00,54515.00
6305,42976.00,27478.00,101894.00,67473.00,50644.00,12533.00,208352.00,787112.00,76155.00
6306,31795.00,24532.00,87475.00,53631.00,50516.00,12536.00,205256.00,820810.00,57420.00
6307,37800.00,29157.00,120185.00,67632.00,46969.00,13486.00,239353.00,800482.00,66659.00
6308,31706.00,24509.00,86933.00,53520.00,70276.00,13346.00,216111.00,805116.00,66391.00
6309,31664.00,24474.00,87514.00,53582.00,52453.00,12493.00,205273.00,793566.00,54602.00
6310,35827.00,27625.00,97996.00,65038.00,51760.00,12530.00,205245.00,795498.00,65084.00
6311,31781.00,24624.00,86728.00,56324.00,51548.00,12614.00,205267.00,830233.00,64765.00
6312,31654.00,24513.00,87794.00,53708.00,52388.00,12539.00,205565.00,793264.00,54745.00
6313,35727.00,27812.00,98420.00,78920.00,50707.00,12507.00,208327.00,813196.00,71341.00
6314,34746.00,26944.00,100078.00,58917.00,54281.00,13194.00,217335.00,815188.00,57532.00
6315,37549.00,29079.00,102746.00,55593.00,30390.00,13238.00,217396.00,814475.00,57319.00
6316,45996.00,29092.00,136947.00,72331.00,62089.00,13217.00,225601.00,790291.00,117021.00
6317,34914.00,27051.00,95392.00,58790.00,53337.00,13245.00,216923.00,792784.00,54574.00
6318,35803.00,27676.00,98050.00,64890.00,50525.00,12509.00,205312.00,839459.00,78446.00
6319,35803.00,27625.00,111112.00,58706.00,52769.00,13219.00,216384.00,793775.00,54609.00
6320,35814.00,27620.00,97631.00,52877.00,28802.00,12553.00,205489.00,836634.00,54577.00
6321,35621.00,27591.00,116289.00,67444.00,59492.00,12579.00,235155.00,787303.00,69009.00
6322,31680.00,24514.00,86809.00,53534.00,51143.00,12515.00,205259.00,793903.00,54574.00
6323,35658.00,27722.00,98371.00,52791.00,28938.00,12543.00,205276.00,794023.00,54606.00
6324,43119.00,27672.00,102327.00,66325.00,51550.00,12548.00,208337.00,787176.00,67345.00
6325,31937.00,24674.00,87494.00,53559.00,51362.00,12481.00,205332.00,793451.00,54860.00
6326,35731.00,27656.00,97484.00,52832.00,28921.00,12580.00,205314.00,794298.00,54762.00
6327,43568.00,27794.00,102359.00,66846.00,51190.00,12642.00,208393.00,787127.00,65870.00
6328,31820.00,27074.00,87295.00,53523.00,53304.00,12508.00,205264.00,871916.00,59263.00
6329,38699.00,29960.00,115872.00,81596.00,30480.00,13255.00,219996.00,840679.00,64454.00
6330,31635.00,24713.00,87188.00,56783.00,51221.00,12605.00,205256.00,790843.00,65065.00
6331,31645.00,24698.00,86974.00,53543.00,80039.00,13173.00,232237.00,887123.00,54667.00
6332,35779.00,27538.00,112360.00,74868.00,52435.00,12515.00,231440.00,805599.00,85173.00
6333,34787.00,27005.00,95865.00,58733.00,53732.00,13297.00,216174.00,826360.00,54714.00
6334,35788.00,27720.00,98410.00,52813.00,28980.00,12499.00,205357.00,801370.00,73055.00
6335,31886.00,24500.00,87083.00,53579.00,54150.00,12691.00,205283.00,789935.00,72710.00
6336,31764.00,24691.00,87388.00,53600.00,51551.00,12659.00,205538.00,793429.00,54836.00
6337,35723.00,27780.00,97312.00,52825.00,28927.00,12583.00,205535.00,802434.00,75244.00
6338,31914.00,24581.00,87858.00,53553.00,54649.00,12569.00,205277.00,790019.00,65630.00
6339,32093.00,24707.00,86969.00,53652.00,54290.00,12553.00,205297.00,793641.00,54545.00
6340,35797.00,27668.00,98712.00,52760.00,28830.00,12618.00,205279.00,793174.00,76072.00
6341,31705.00,24510.00,87164.00,53585.00,52320.00,15680.00,205276.00,787709.00,66172.00
6342,31640.00,24632.00,87274.00,53556.00,50632.00,12501.00,205265.00,793594.00,54677.00
6343,35680.00,27560.00,98349.00,52785.00,28939.00,12512.00,205258.00,890676.00,65028.00
6344,31654.00,24475.00,87036.00,53588.00,56530.00,12590.00,205266.00,790086.00,66071.00
6345,31749.00,24605.00,86911.00,53553.00,51901.00,12483.00,205287.00,836094.00,54677.00
6346,35722.00,27776.00,97740.00,64937.00,59770.00,12536.00,205535.00,829966.00,65619.00
6347,31704.00,24583.00,89442.00,53553.00,57824.00,12548.00,238305.00,792667.00,54539.00
6348,35941.00,27595.00,98595.00,52818.00,28956.00,12573.00,205413.00,792833.00,54639.00
6349,35683.00,27611.00,112045.00,66246.00,51903.00,12526.00,208833.00,787285.00,65217.00
6350,31733.00,24620.00,90144.00,53506.00,51504.00,12528.00,205259.00,793249.00,54569.00
6351,35585.00,27604.00,99262.00,52979.00,28907.00,12556.00,205301.00,824522.00,57495.00
6352,35660.00,38761.00,113215.00,76094.00,51428.00,12542.00,228869.00,806606.00,68600.00
6353,34633.00,41701.00,96152.00,58803.00,63515.00,13142.00,216897.00,834614.00,54666.00
6354,35656.00,27451.00,97765.00,52924.00,28956.00,12649.00,205293.00,841344.00,65312.00
6355,31673.00,24570.00,86565.00,53538.00,73921.00,13242.00,216109.00,867316.00,71631.00
6356,35786.00,27665.00,98281.00,80169.00,52620.00,12547.00,205265.00,833878.00,54624.00
6357,35880.00,27612.00,112416.00,67269.00,55127.00,12544.00,208665.00,787060.00,68077.00
6358,31712.00,24616.00,105749.00,58739.00,53154.00,13247.00,217591.00,824751.00,68238.00
6359,35968.00,27589.00,98630.00,52799.00,28822.00,12487.00,205246.00,792986.00,64011.00
6360,31921.00,24598.00,87728.00,53562.00,61931.00,12483.00,208472.00,787450.00,65480.00
6361,31693.00,24618.00,86575.00,53528.00,51390.00,12519.00,205275.00,793665.00,54375.00
6362,35808.00,27618.00,97737.00,52798.00,28851.00,12493.00,205253.00,793167.00,55860.00
6363,31495.00,34311.00,86917.00,53526.00,51572.00,12549.00,208397.00,787615.00,69292.00
6364,31563.00,24550.00,86779.00,53517.00,52008.00,12574.00,205283.00,793690.00,54520.00
6365,35784.00,27597.00,97776.00,52672.00,28852.00,12545.00,205279.00,793628.00,54697.00
6366,43112.00,27586.00,102139.00,67482.00,58022.00,12680.00,208378.00,787577.00,69285.00
6367,31781.00,24498.00,86951.00,53587.00,50970.00,12591.00,205313.00,840513.00,59163.00
6368,38514.00,29989.00,106134.00,57213.00,31257.00,13605.00,236722.00,860215.00,69980.00
6369,34809.00,27008.00,95805.00,62285.00,62074.00,13259.00,217805.00,789555.00,76104.00
6370,31699.00,24614.00,87616.00,53522.00,52230.00,12599.00,205266.00,793924.00,54624.00
6371,35645.00,27653.00,110539.00,66183.00,51638.00,12528.00,208929.00,827658.00,66183.00
6372,31780.00,24773.00,89425.00,53535.00,50888.00,12592.00,205272.00,792878.00,54520.00
6373,35874.00,27538.00,98521.00,52825.00,28792.00,12559.00,205253.00,793302.00,54510.00
6374,35629.00,27727.00,112259.00,66126.00,50873.00,12543.00,208370.00,788937.00,65782.00
6375,32011.00,24514.00,89718.00,53540.00,50759.00,12566.00,205277.00,794661.00,54614.00
6376,35828.00,27673.00,99072.00,52700.00,28909.00,12616.00,207285.00,792426.00,54732.00
6377,35608.00,27610.00,112796.00,67815.00,57354.00,12537.00,215472.00,787308.00,65546.00
6378,31860.00,24582.00,90719.00,53513.00,51079.00,12464.00,205259.00,793623.00,54662.00
6379,35483.00,27699.00,99023.00,52709.00,28929.00,12522.00,205270.00,793733.00,54493.00
6380,35612.00,27619.00,112816.00,66427.00,50547.00,12528.00,208478.00,877512.00,68084.00
6381,31835.00,24594.00,86872.00,53454.00,52397.00,12514.00,205265.00,793584.00,54492.00
6382,35994.00,27712.00,98031.00,52765.00,28875.00,12571.00,205302.00,793477.00,54530.00
6383,42242.00,27508.00,102305.00,67572.00,51356.00,12566.00,208380.00,787549.00,69781.00
6384,34864.00,41527.00,96182.00,58607.00,53803.00,13180.00,218995.00,793047.00,54454.00
6385,35789.00,27633.00,98067.00,71340.00,30441.00,13196.00,216041.00,806146.00,70445.00
6386,31824.00,24711.00,88536.00,53534.00,52304.00,15588.00,205603.00,790606.00,64738.00
6387,32010.00,24750.00,87044.00,53661.00,50585.00,12559.00,205266.00,793446.00,54530.00
6388,35665.00,27667.00,98577.00,52799.00,28906.00,12595.00,205228.00,793471.00,64135.00
6389,31803.00,24633.00,87464.00,53521.00,58963.00,12480.00,208326.00,787305.00,68663.00
6390,31842.00,24485.00,86919.00,53592.00,52503.00,12573.00,205472.00,809811.00,57735.00
6391,37697.00,29172.00,103104.00,55546.00,30421.00,13243.00,219320.00,793503.00,75080.00
6392,31719.00,24590.00,88234.00,53600.00,51420.00,12637.00,208362.00,819909.00,86867.00
6393,34727.00,37536.00,95592.00,58692.00,85046.00,23427.00,229548.00,855932.00,54660.00
6394,35677.00,27707.00,113280.00,70248.00,50995.00,12591.00,228331.00,807208.00,65242.00
6395,31883.00,26951.00,87055.00,53550.00,52324.00,12564.00,205257.00,822117.00,57452.00
6396,35684.00,38905.00,98378.00,69006.00,30436.00,13188.00,216071.00,847927.00,71699.00
6397,34806.00,26872.00,111485.00,72168.00,65803.00,13606.00,221923.00,847607.00,70638.00
6398,34776.00,26912.00,103806.00,53531.00,76446.00,13460.00,221908.00,855368.00,55076.00
6399,34850.00,52954.00,112398.00,60185.00,52860.00,16449.00,230995.00,904222.00,90483.00
6400,59821.00,27864.00,98376.00,53574.00,50960.00,12561.00,205254.00,835675.00,54657.00
6401,35730.00,27752.00,113677.00,66120.00,50969.00,12543.00,208308.00,787662.00,65158.00
6402,31606.00,27151.00,87273.00,53655.00,50974.00,12533.00,205268.00,794069.00,54446.00
6403,35658.00,27673.00,98164.00,52791.00,28829.00,12507.00,205276.00,793715.00,54405.00
6404,44050.00,27646.00,102391.00,66799.00,51579.00,12590.00,208355.00,852937.00,115162.00
6405,34595.00,26964.00,98657.00,53454.00,51754.00,12580.00,205277.00,793832.00,54492.00
6406,35773.00,27750.00,97915.00,52800.00,28833.00,12582.00,205269.00,801772.00,69306.00
6407,31708.00,24487.00,86560.00,53622.00,53710.00,12556.00,205107.00,790233.00,65824.00
6408,31963.00,24588.00,87200.00,53532.00,52328.00,12473.00,205283.00,827139.00,66079.00
6409,35543.00,27866.00,97953.00,52903.00,28848.00,12534.00,205253.00,825711.00,64760.00
6410,31714.00,24570.00,110062.00,62256.00,60883.00,13161.00,225047.00,789625.00,65361.00
6411,31706.00,24718.00,87044.00,53531.00,52521.00,12582.00,205233.00,793098.00,54563.00
6412,35686.00,27797.00,100302.00,75119.00,51102.00,12519.00,208368.00,787395.00,64496.00
6413,31522.00,24769.00,89611.00,53566.00,50776.00,12566.00,205260.00,789927.00,70511.00
6414,31737.00,24650.00,86783.00,53560.00,50700.00,12559.00,205257.00,793629.00,54459.00
6415,35771.00,27615.00,101254.00,74917.00,51115.00,12575.00,208333.00,787600.00,70156.00
6416,31633.00,24523.00,90035.00,53531.00,51512.00,12517.00,205271.00,793932.00,72098.00
6417,37773.00,29110.00,102753.00,55717.00,30456.00,13284.00,216129.00,907174.00,54667.00
6418,31712.00,37281.00,102609.00,66858.00,51612.00,12676.00,208131.00,786948.00,68338.00
6419,31826.00,24635.00,86896.00,53532.00,51675.00,12580.00,205265.00,793357.00,54535.00
6420,35866.00,27626.00,97713.00,52775.00,28927.00,12544.00,205278.00,793147.00,54595.00
6421,31637.00,37158.00,101959.00,68048.00,50993.00,12560.00,231712.00,806008.00,111300.00
6422,50946.00,26870.00,107144.00,85557.00,74341.00,13625.00,257012.00,858021.00,71419.00
6423,46070.00,29108.00,112886.00,72532.00,53308.00,13232.00,219529.00,788359.00,65635.00
6424,31574.00,24735.00,87328.00,53590.00,58196.00,12569.00,205099.00,793408.00,54566.00
6425,35797.00,27624.00,97201.00,52716.00,28890.00,12505.00,205087.00,793265.00,65272.00
6426,31570.00,24394.00,86668.00,53534.00,51072.00,12457.00,208335.00,787190.00,67580.00
6427,31707.00,24577.00,86903.00,53559.00,51510.00,12659.00,205267.00,793835.00,54618.00
6428,35589.00,27750.00,98744.00,52791.00,28759.00,12591.00,205229.00,793289.00,54533.00
6429,42626.00,27678.00,102764.00,96883.00,81761.00,17546.00,221927.00,841801.00,69579.00
6430,34889.00,26876.00,95820.00,66716.00,51083.00,12527.00,205267.00,793324.00,54527.00
6431,35702.00,27680.00,98542.00,65263.00,51501.00,12494.00,205261.00,792407.00,66155.00
6432,31621.00,24530.00,86489.00,56321.00,51764.00,12542.00,205279.00,789805.00,65083.00
6433,31752.00,24558.00,86746.00,53486.00,52007.00,12552.00,205296.00,793448.00,54715.00
6434,35641.00,27638.00,97484.00,65319.00,56463.00,12514.00,205260.00,832837.00,80273.00
6435,34773.00,26938.00,116055.00,60189.00,59373.00,13492.00,221911.00,862262.00,54807.00
6436,35554.00,27701.00,97668.00,52838.00,28858.00,12657.00,205429.00,792740.00,54642.00
6437,41775.00,27617.00,102357.00,66317.00,51328.00,12658.00,208451.00,787449.00,67913.00
6438,31877.00,24675.00,87480.00,53605.00,52571.00,12579.00,205281.00,793491.00,54524.00
6439,35876.00,27799.00,98547.00,52805.00,28848.00,12504.00,205292.00,793424.00,54411.00
6440,42573.00,27589.00,102058.00,66902.00,50859.00,12652.00,208359.00,787429.00,68417.00
6441,31711.00,24501.00,86913.00,53604.00,51856.00,12559.00,205272.00,908152.00,59044.00
6442,48638.00,29798.00,109580.00,52749.00,28843.00,12468.00,205418.00,841838.00,64328.00
6443,31681.00,24520.00,87460.00,56622.00,50958.00,12561.00,205108.00,835471.00,65080.00
6444,31945.00,24573.00,87459.00,53558.00,50437.00,12579.00,205296.00,793077.00,54724.00
6445,35622.00,27555.00,111524.00,67520.00,54500.00,12592.00,208518.00,867715.00,65646.00
6446,34772.00,24578.00,87462.00,53510.00,52181.00,12506.00,205568.00,821221.00,57485.00
6447,37481.00,29095.00,108777.00,52744.00,28834.00,12552.00,205095.00,793334.00,54449.00
6448,43406.00,27726.00,102406.00,66560.00,51771.00,12604.00,208573.00,787502.00,67401.00
6449,31870.00,24559.00,87289.00,53621.00,51685.00,12594.00,205544.00,793430.00,54768.00
6450,35658.00,27670.00,97754.00,52919.00,28958.00,12581.00,205508.00,793588.00,54805.00
6451,42357.00,27552.00,102264.00,76711.00,50887.00,12595.00,208391.00,787147.00,68860.00
6452,31780.00,24537.00,86710.00,53496.00,50752.00,12685.00,205284.00,794031.00,54705.00
6453,35631.00,27541.00,98603.00,52805.00,28842.00,12490.00,205279.00,864917.00,68536.00
6454,34583.00,26804.00,98689.00,53515.00,51421.00,15919.00,205277.00,790137.00,65763.00
6455,31725.00,24636.00,86590.00,53598.00,51646.00,12582.00,205270.00,793687.00,54614.00
6456,35589.00,27709.00,98329.00,52928.00,28807.00,12589.00,205278.00,793674.00,64650.00
6457,31664.00,24533.00,87203.00,53692.00,53282.00,12580.00,208897.00,873379.00,121316.00
6458,31696.00,24475.00,87573.00,53566.00,52293.00,12503.00,205254.00,793958.00,54594.00
6459,35783.00,27543.00,98186.00,65357.00,53749.00,12587.00,205255.00,833718.00,66245.00
6460,31832.00,24572.00,89319.00,53666.00,51251.00,12546.00,205253.00,809669.00,57445.00
6461,37601.00,29059.00,102748.00,55497.00,30400.00,13174.00,225855.00,793431.00,54703.00
6462,37366.00,44335.00,122009.00,72667.00,53115.00,13220.00,227207.00,787714.00,100096.00
6463,34640.00,26986.00,96071.00,58718.00,59427.00,13202.00,216051.00,808771.00,54594.00
6464,35663.00,27585.00,114574.00,55674.00,30427.00,13153.00,216342.00,813526.00,66278.00
6465,31901.00,24557.00,86864.00,53559.00,54093.00,12568.00,205046.00,855395.00,69695.00
6466,34917.00,27089.00,95776.00,58783.00,70920.00,13203.00,234718.00,824047.00,54672.00
6467,51669.00,27623.00,123064.00,72720.00,55198.00,13160.00,219995.00,802034.00,67345.00
6468,31679.00,24588.00,87418.00,53567.00,51691.00,12622.00,205256.00,793706.00,54622.00
6469,35651.00,27456.00,98067.00,52988.00,28874.00,12492.00,205258.00,872896.00,55397.00
6470,31699.00,35234.00,87135.00,53493.00,50863.00,12568.00,208860.00,831471.00,64478.00
6471,31620.00,24444.00,87268.00,53518.00,52047.00,12511.00,205275.00,826618.00,67458.00
6472,35728.00,27567.00,97823.00,52831.00,28967.00,12536.00,205465.00,801492.00,64440.00
6473,31678.00,24560.00,87339.00,53673.00,53708.00,12546.00,205242.00,789747.00,65703.00
6474,31708.00,24678.00,87214.00,53584.00,52383.00,12580.00,205261.00,793125.00,54620.00
6475,35931.00,27516.00,99147.00,52822.00,28892.00,12539.00,205271.00,793201.00,72259.00
6476,31890.00,24584.00,87455.00,53537.00,51969.00,15930.00,205457.00,790410.00,65043.00
6477,31675.00,24557.00,87091.00,53559.00,51235.00,12606.00,205274.00,793359.00,54651.00
6478,35718.00,27647.00,115030.00,55578.00,46893.00,13569.00,221923.00,833462.00,65654.00
6479,31815.00,24588.00,87081.00,53591.00,53231.00,12596.00,247535.00,953154.00,54802.00
6480,35768.00,27423.00,98123.00,52725.00,28804.00,12604.00,205488.00,793573.00,54654.00
6481,44134.00,27517.00,101890.00,79956.00,51060.00,12505.00,208376.00,786843.00,67664.00
6482,31704.00,24549.00,87227.00,53553.00,51440.00,12466.00,205261.00,792929.00,54532.00
6483,35547.00,27611.00,98188.00,52908.00,28874.00,12505.00,205258.00,793214.00,54560.00
6484,43676.00,27646.00,102752.00,66835.00,51028.00,12549.00,230920.00,807102.00,68988.00
6485,31714.00,24544.00,87178.00,53627.00,51758.00,12552.00,205553.00,793598.00,54730.00
6486,35924.00,27608.00,98158.00,52883.00,28963.00,12643.00,205547.00,793469.00,55292.00
6487,31793.00,35342.00,87352.00,53665.00,54786.00,12476.00,208399.00,788294.00,67289.00
6488,31722.00,24547.00,87001.00,53560.00,51509.00,12553.00,205255.00,793829.00,54677.00
6489,35685.00,27555.00,98031.00,52826.00,28837.00,12505.00,205280.00,793488.00,54430.00
6490,43405.00,27744.00,102116.00,72398.00,51408.00,12606.00,209268.00,885098.00,72880.00
6491,45782.00,27783.00,95139.00,58797.00,80416.00,12554.00,205427.00,792293.00,54653.00
6492,35622.00,27719.00,98725.00,66858.00,50882.00,12510.00,205256.00,792894.00,66145.00
6493,31862.00,24676.00,86765.00,56311.00,61132.00,12562.00,205256.00,789429.00,65699.00
6494,31783.00,24471.00,88347.00,53537.00,51433.00,12630.00,205256.00,793568.00,54399.00
6495,35577.00,27643.00,98534.00,65088.00,50936.00,12594.00,205456.00,792062.00,65906.00
6496,31814.00,24642.00,87219.00,56300.00,55514.00,12559.00,205024.00,813335.00,69706.00
6497,34939.00,27009.00,95547.00,66355.00,51575.00,12554.00,205256.00,822428.00,54664.00
6498,35792.00,27457.00,112782.00,66457.00,52254.00,12582.00,208528.00,787486.00,65011.00
6499,31685.00,24678.00,89703.00,53596.00,58290.00,12566.00,205299.00,793226.00,54711.00
6500,35514.00,27599.00,97821.00,52830.00,28886.00,12514.00,205339.00,833781.00,54587.00
6501,35784.00,27677.00,115559.00,76674.00,51512.00,12480.00,207965.00,787274.00,65919.00
6502,31826.00,26649.00,87044.00,53587.00,51822.00,12553.00,205281.00,870152.00,57596.00
6503,37506.00,29119.00,107965.00,52726.00,28870.00,12553.00,205517.00,793991.00,63747.00
6504,31665.00,24476.00,87659.00,53475.00,59003.00,12517.00,233300.00,806376.00,70715.00
6505,31735.00,24630.00,87018.00,53572.00,57491.00,12553.00,205304.00,793342.00,54768.00
6506,35685.00,27798.00,97799.00,52781.00,28959.00,12509.00,205281.00,793307.00,69759.00
6507,31701.00,24665.00,86404.00,53494.00,50946.00,15673.00,205260.00,791637.00,64427.00
6508,31864.00,24478.00,87209.00,53473.00,51375.00,12468.00,205283.00,793240.00,54572.00
6509,35552.00,27559.00,97888.00,52678.00,28886.00,12599.00,205251.00,836500.00,80471.00
6510,31686.00,24690.00,86654.00,53552.00,55884.00,29052.00,225558.00,790680.00,64527.00
6511,31497.00,24568.00,87495.00,53521.00,51106.00,12468.00,205271.00,793163.00,54641.00
6512,35705.00,27690.00,98146.00,52871.00,28897.00,12517.00,205261.00,801578.00,70209.00
6513,31739.00,24460.00,87478.00,53567.00,53672.00,12583.00,205436.00,790627.00,65222.00
6514,31943.00,24707.00,87208.00,53574.00,52284.00,12636.00,205624.00,793376.00,54687.00
6515,35800.00,27603.00,116518.00,71946.00,31114.00,13605.00,231591.00,882798.00,75589.00
6516,31729.00,24480.00,89765.00,53555.00,54826.00,12538.00,205240.00,816404.00,57577.00
6517,37687.00,29206.00,110020.00,52871.00,28843.00,12526.00,205105.00,842058.00,54745.00
6518,45429.00,27556.00,102615.00,72620.00,51146.00,12500.00,229117.00,815098.00,67203.00
6519,31653.00,24560.00,87132.00,53555.00,51705.00,12582.00,205061.00,793508.00,54591.00
6520,35579.00,27550.00,98568.00,52771.00,28908.00,29012.00,215879.00,815916.00,63727.00
6521,31834.00,24658.00,87528.00,53482.00,59965.00,12541.00,208220.00,787462.00,74604.00
6522,31591.00,24802.00,87078.00,53555.00,51397.00,12555.00,205271.00,825167.00,66733.00
6523,35631.00,27699.00,98582.00,52772.00,28852.00,12585.00,205295.00,802130.00,65183.00
6524,31721.00,24520.00,87201.00,53604.00,56079.00,12675.00,205625.00,789682.00,65427.00
6525,31868.00,24592.00,87440.00,53535.00,50673.00,12468.00,205267.00,793449.00,54607.00
6526,35565.00,27782.00,98228.00,52814.00,45560.00,13210.00,232342.00,906289.00,71782.00
6527,44410.00,27018.00,107656.00,58691.00,73696.00,13507.00,240377.00,844349.00,54547.00
6528,35634.00,27759.00,98082.00,52839.00,28912.00,12616.00,205473.00,793627.00,54570.00
6529,31772.00,37013.00,102423.00,67073.00,51266.00,12443.00,208424.00,787280.00,67487.00
6530,34983.00,41498.00,95452.00,58788.00,52745.00,13137.00,219380.00,794192.00,54597.00
6531,35641.00,27620.00,98657.00,52779.00,28871.00,12553.00,205259.00,792950.00,64577.00
6532,31606.00,24506.00,87013.00,53448.00,50803.00,12561.00,233268.00,800863.00,67731.00
6533,31760.00,24655.00,87186.00,53671.00,51872.00,12491.00,205249.00,793826.00,54659.00
6534,35642.00,27588.00,98608.00,52739.00,28843.00,12527.00,205238.00,819801.00,86303.00
6535,34845.00,26822.00,96300.00,58733.00,57542.00,13199.00,216238.00,805611.00,65550.00
6536,31658.00,24541.00,87214.00,53541.00,61930.00,12494.00,205244.00,794281.00,54403.00
6537,35665.00,27683.00,98597.00,53373.00,67972.00,12527.00,205492.00,795212.00,94619.00
6538,34720.00,27072.00,95244.00,61985.00,58470.00,13252.00,216883.00,843614.00,54531.00
6539,35711.00,27590.00,97101.00,52789.00,28889.00,12603.00,205487.00,887292.00,69596.00
6540,45581.00,29245.00,120501.00,66779.00,52103.00,12482.00,207890.00,788361.00,65515.00
6541,31653.00,24655.00,86973.00,53567.00,51479.00,12519.00,205271.00,793815.00,54525.00
6542,35902.00,27451.00,97523.00,52796.00,28855.00,12433.00,205303.00,793490.00,55913.00
6543,31676.00,35201.00,86670.00,53513.00,52309.00,12460.00,240777.00,805125.00,78001.00
6544,31862.00,24625.00,87379.00,53418.00,51374.00,12520.00,225211.00,817453.00,54617.00
6545,35762.00,27727.00,97344.00,52835.00,28977.00,12637.00,205191.00,801912.00,64459.00
6546,31677.00,24497.00,87216.00,53526.00,53883.00,12568.00,205265.00,789791.00,71533.00
6547,31672.00,24546.00,87665.00,53582.00,63439.00,12567.00,205273.00,837398.00,54957.00
6548,35806.00,27748.00,97490.00,52974.00,39494.00,15052.00,233353.00,793750.00,71212.00
6549,31741.00,24575.00,87547.00,56394.00,51864.00,12632.00,205028.00,789757.00,66441.00
6550,31879.00,24488.00,87293.00,53566.00,52400.00,12594.00,205272.00,793961.00,54543.00
6551,35849.00,27540.00,98359.00,65155.00,51611.00,12597.00,222174.00,891262.00,81454.00
6552,38713.00,26913.00,113601.00,69201.00,52717.00,13195.00,220646.00,835277.00,54615.00
6553,35767.00,27498.00,97823.00,52873.00,28910.00,12498.00,205103.00,833836.00,76597.00
6554,31834.00,24509.00,86786.00,53532.00,54074.00,12633.00,231988.00,823092.00,71400.00
6555,34892.00,27043.00,95649.00,68200.00,52053.00,12584.00,222407.00,905310.00,54698.00
6556,35709.00,27623.00,113327.00,67602.00,51987.00,12598.00,230500.00,885497.00,85139.00
6557,34743.00,37805.00,95552.00,58735.00,69799.00,12604.00,221048.00,894177.00,57450.00
6558,37474.00,29001.00,140223.00,73582.00,60970.00,13693.00,237679.00,807788.00,87264.00
6559,34952.00,26962.00,95458.00,58755.00,55253.00,23222.00,205299.00,837085.00,54685.00
6560,35765.00,27615.00,98180.00,65130.00,51185.00,12488.00,205277.00,792254.00,65029.00
6561,31843.00,24646.00,87071.00,56492.00,51279.00,12479.00,205271.00,790505.00,66351.00
6562,31678.00,24538.00,86770.00,53556.00,52274.00,12488.00,205268.00,793716.00,54545.00
6563,35747.00,27544.00,98250.00,65341.00,51075.00,12473.00,205277.00,857274.00,81916.00
6564,43741.00,26893.00,90636.00,53571.00,50561.00,12622.00,205287.00,793864.00,54568.00
6565,35732.00,27687.00,98015.00,52747.00,28881.00,12476.00,205264.00,793614.00,54544.00
6566,35692.00,27749.00,113172.00,67127.00,60590.00,12548.00,208490.00,787111.00,64401.00
6567,31798.00,24580.00,89211.00,53547.00,51249.00,12499.00,205263.00,794041.00,54452.00
6568,35926.00,27636.00,98133.00,52906.00,28840.00,12554.00,205259.00,793841.00,54547.00
6569,35572.00,27502.00,114354.00,67156.00,50931.00,12501.00,208323.00,787176.00,65224.00
6570,31816.00,24588.00,89910.00,53632.00,50524.00,12506.00,205279.00,793450.00,54530.00
6571,35601.00,27607.00,98288.00,52914.00,28815.00,12523.00,205258.00,793330.00,54633.00
6572,35814.00,27721.00,112974.00,66255.00,52526.00,12496.00,226869.00,810507.00,75264.00
6573,31762.00,26836.00,86992.00,53532.00,51824.00,12572.00,205243.00,793504.00,54604.00
6574,35836.00,27586.00,97944.00,52782.00,28895.00,12540.00,205261.00,793515.00,54597.00
6575,35687.00,27813.00,112661.00,67923.00,55799.00,12420.00,208448.00,833076.00,75504.00
6576,35616.00,27568.00,98069.00,60339.00,53581.00,23680.00,220053.00,833681.00,54682.00
6577,38843.00,44795.00,105948.00,57854.00,62511.00,13502.00,216367.00,891288.00,54719.00
6578,35739.00,27585.00,101387.00,52713.00,28850.00,12653.00,205163.00,793387.00,54585.00
6579,35811.00,27565.00,97769.00,52846.00,28910.00,12542.00,205158.00,793428.00,54631.00
6580,35672.00,27661.00,113668.00,79033.00,59305.00,12523.00,208427.00,836512.00,64322.00
6581,31893.00,27743.00,86664.00,53513.00,50876.00,12520.00,227496.00,819383.00,54654.00
6582,35675.00,27558.00,97314.00,52734.00,28842.00,12627.00,205427.00,793932.00,54956.00
6583,31705.00,35770.00,87363.00,53542.00,50619.00,12595.00,208368.00,787565.00,65116.00
6584,31748.00,27075.00,86918.00,53481.00,51974.00,12470.00,205244.00,821756.00,57610.00
6585,37379.00,29100.00,109267.00,52773.00,28901.00,12532.00,205140.00,821984.00,65273.00
6586,31885.00,24670.00,87483.00,53666.00,51079.00,12493.00,208531.00,787769.00,68570.00
6587,31689.00,24622.00,86899.00,53559.00,51082.00,12582.00,205247.00,793369.00,54608.00
6588,35781.00,27541.00,98440.00,52749.00,28872.00,12459.00,244221.00,854362.00,64846.00
6589,31582.00,24587.00,86923.00,53574.00,61437.00,12550.00,205269.00,790141.00,65417.00
6590,31675.00,24497.00,87160.00,53562.00,51482.00,12529.00,205267.00,793384.00,54516.00
6591,35584.00,27607.00,97796.00,52968.00,28859.00,12539.00,205257.00,828166.00,73592.00
6592,34789.00,26875.00,95752.00,63992.00,52031.00,12434.00,205274.00,822427.00,70530.00
6593,34720.00,26846.00,105207.00,53573.00,54057.00,12622.00,205460.00,793376.00,54594.00
6594,35712.00,27550.00,99023.00,76268.00,50581.00,12593.00,207277.00,789363.00,67881.00
6595,31608.00,24575.00,90582.00,53545.00,51168.00,12580.00,205259.00,790226.00,75296.00
6596,31676.00,24570.00,86708.00,53534.00,52102.00,12534.00,205422.00,793524.00,54584.00
6597,35604.00,27714.00,110332.00,66210.00,61447.00,12485.00,208802.00,827075.00,64535.00
6598,31847.00,24633.00,110396.00,58726.00,53965.00,23229.00,205603.00,793679.00,54840.00
6599,35726.00,27771.00,98128.00,52730.00,28967.00,12677.00,205584.00,793424.00,54795.00
6600,35542.00,27730.00,113658.00,66352.00,51154.00,12607.00,208312.00,827962.00,81410.00
6601,34861.00,40689.00,111459.00,60353.00,54259.00,13479.00,233600.00,793856.00,54767.00
6602,35652.00,27505.00,98470.00,52800.00,28901.00,12551.00,222415.00,893954.00,60712.00
6603,49708.00,30838.00,119227.00,55645.00,30425.00,13260.00,225037.00,794077.00,54817.00
6604,35655.00,27621.00,97519.00,52826.00,28856.00,12623.00,205256.00,876950.00,54531.00
6605,35743.00,27602.00,114049.00,66962.00,61084.00,12509.00,230009.00,805208.00,86887.00
6606,34848.00,27110.00,95938.00,58809.00,86550.00,12590.00,205554.00,834411.00,54515.00
6607,35848.00,27624.00,97211.00,54317.00,61318.00,12543.00,205253.00,819216.00,70601.00
6608,35015.00,27076.00,99362.00,58671.00,52623.00,13138.00,222296.00,818646.00,59013.00
6609,38649.00,29869.00,115515.00,55580.00,30389.00,13251.00,216269.00,852341.00,57621.00
6610,46064.00,29014.00,112448.00,77774.00,52671.00,13213.00,249952.00,855706.00,79066.00
6611,35657.00,27590.00,108082.00,58735.00,67322.00,12566.00,205306.00,868924.00,54450.00
6612,35648.00,27559.00,113252.00,66495.00,51002.00,12569.00,232999.00,831540.00,86572.00
6613,34757.00,26961.00,95974.00,58811.00,81312.00,12740.00,205068.00,834257.00,54567.00
6614,35709.00,27675.00,98148.00,54135.00,64463.00,12566.00,205566.00,833781.00,83440.00
6615,31646.00,24596.00,107045.00,58704.00,54176.00,13305.00,223298.00,793540.00,54374.00
6616,35658.00,27715.00,98360.00,52899.00,28885.00,12597.00,205473.00,793221.00,54599.00
6617,35730.00,27565.00,112504.00,67840.00,50794.00,12549.00,208712.00,787208.00,65743.00
6618,31901.00,24650.00,89839.00,53552.00,57865.00,12501.00,205366.00,801694.00,54558.00
6619,35761.00,27635.00,98199.00,52837.00,28947.00,12628.00,205071.00,793351.00,54553.00
6620,35727.00,27517.00,113036.00,66353.00,50762.00,12584.00,208752.00,787369.00,66019.00
6621,31742.00,24657.00,89712.00,53533.00,54499.00,12640.00,205289.00,793193.00,54658.00
6622,35719.00,27526.00,98156.00,52808.00,28799.00,12591.00,205292.00,842205.00,54425.00
6623,35709.00,27619.00,114003.00,66166.00,50977.00,12487.00,208169.00,787289.00,65703.00
6624,31996.00,27384.00,87157.00,53591.00,50729.00,12634.00,205267.00,885434.00,57322.00
6625,38385.00,45200.00,105807.00,66687.00,30481.00,23408.00,205464.00,801638.00,65210.00
6626,31675.00,24551.00,87315.00,53546.00,63208.00,12543.00,205548.00,789740.00,65395.00
6627,31557.00,24553.00,87343.00,53533.00,50796.00,12492.00,205241.00,793382.00,54830.00
6628,35828.00,27562.00,97772.00,52739.00,28923.00,12530.00,205253.00,843646.00,65134.00
6629,31685.00,24647.00,87134.00,53585.00,52105.00,12637.00,205259.00,790492.00,70836.00
6630,31587.00,24575.00,87005.00,53581.00,52687.00,12543.00,205284.00,793334.00,54583.00
6631,35643.00,27747.00,98528.00,52925.00,28899.00,12504.00,205248.00,801588.00,66353.00
6632,31864.00,24554.00,86931.00,53529.00,62706.00,12519.00,205275.00,790772.00,64724.00
6633,31574.00,24789.00,86465.00,53585.00,51924.00,12559.00,205475.00,793574.00,54677.00
6634,35675.00,27585.00,97657.00,52748.00,28863.00,12526.00,205432.00,793416.00,76639.00
6635,31729.00,24661.00,87444.00,53554.00,66050.00,12571.00,231635.00,805564.00,74827.00
6636,31711.00,24555.00,87090.00,53531.00,52234.00,12616.00,205289.00,811717.00,74473.00
6637,38447.00,30092.00,105903.00,70323.00,53760.00,13537.00,238933.00,786956.00,64885.00
6638,31761.00,24592.00,89462.00,53613.00,50769.00,12606.00,205292.00,793117.00,54519.00
6639,35554.00,27624.00,98626.00,52857.00,28999.00,12497.00,205286.00,793414.00,54586.00
6640,35903.00,27658.00,101193.00,75721.00,50487.00,12526.00,208387.00,787402.00,67355.00
6641,31874.00,24540.00,89555.00,53558.00,51457.00,12534.00,205274.00,793623.00,54574.00
6642,35583.00,27653.00,98410.00,52864.00,28883.00,12518.00,205258.00,793566.00,54537.00
6643,35647.00,27826.00,100431.00,73652.00,52528.00,12604.00,208639.00,787717.00,64827.00
6644,31669.00,24638.00,89453.00,53674.00,51942.00,12720.00,205121.00,789514.00,66178.00
6645,31887.00,24523.00,86812.00,53623.00,52637.00,12497.00,205251.00,793443.00,54534.00
6646,35834.00,27608.00,101376.00,89747.00,50996.00,12561.00,208518.00,787059.00,64856.00
6647,31837.00,24528.00,89767.00,53552.00,50929.00,12558.00,205263.00,816281.00,57622.00
6648,37569.00,29105.00,113165.00,52671.00,28851.00,12566.00,205608.00,793306.00,54722.00
6649,35568.00,27592.00,113388.00,66695.00,51198.00,12462.00,208517.00,936096.00,66661.00
6650,31657.00,24669.00,87034.00,53430.00,50774.00,12494.00,205256.00,793604.00,54558.00
6651,35773.00,27563.00,98325.00,52711.00,28855.00,12523.00,205256.00,792912.00,64472.00
6652,31758.00,24578.00,87441.00,53626.00,50594.00,12609.00,208429.00,787670.00,67488.00
6653,31799.00,24501.00,87141.00,53561.00,51846.00,12602.00,205263.00,793781.00,54550.00
6654,35811.00,27692.00,98265.00,52842.00,28872.00,12469.00,205351.00,793292.00,54945.00
6655,41872.00,27656.00,86804.00,53549.00,51001.00,12580.00,208632.00,813042.00,67400.00
6656,31630.00,24599.00,86530.00,53575.00,55793.00,12644.00,205339.00,794129.00,54802.00
6657,36067.00,27492.00,96966.00,52736.00,28916.00,12599.00,205286.00,796786.00,54510.00
6658,42587.00,27675.00,102189.00,67543.00,50856.00,12616.00,208654.00,787118.00,67417.00
6659,31811.00,24584.00,87017.00,53584.00,50706.00,12528.00,205252.00,793870.00,54586.00
6660,35683.00,27719.00,98230.00,52887.00,28891.00,12571.00,205309.00,838379.00,55804.00
6661,31845.00,34485.00,108310.00,58798.00,66332.00,15542.00,235279.00,849669.00,71326.00
6662,35786.00,27659.00,107277.00,67912.00,51548.00,12469.00,205264.00,793099.00,54603.00
6663,35691.00,27602.00,112067.00,66858.00,59260.00,12500.00,208684.00,787472.00,64365.00
6664,31615.00,24678.00,89562.00,53541.00,60879.00,12607.00,205087.00,793567.00,54723.00
6665,35645.00,27812.00,97981.00,52778.00,28905.00,12582.00,205130.00,821882.00,57683.00
6666,37571.00,28975.00,127550.00,66234.00,51187.00,12584.00,208506.00,825117.00,81793.00
6667,31682.00,24572.00,87170.00,53524.00,52195.00,12517.00,205455.00,793154.00,54680.00
6668,35816.00,27620.00,97667.00,52868.00,28933.00,12546.00,205432.00,793661.00,54560.00
6669,44089.00,27504.00,102509.00,67019.00,50821.00,12526.00,208370.00,787882.00,65436.00
6670,31654.00,27401.00,86829.00,53575.00,51148.00,12572.00,205560.00,793959.00,54606.00
6671,35734.00,27743.00,97697.00,52679.00,28864.00,12561.00,205468.00,793182.00,54592.00
6672,44833.00,27649.00,102206.00,67844.00,58234.00,12590.00,208375.00,787416.00,65163.00
6673,49895.00,27862.00,94759.00,58828.00,54712.00,13203.00,220303.00,822067.00,54871.00
6674,51641.00,27753.00,103221.00,55541.00,30462.00,13221.00,258822.00,866123.00,65155.00
6675,31711.00,24575.00,90064.00,53679.00,51484.00,12496.00,205274.00,789794.00,64686.00
6676,31722.00,24660.00,87130.00,53511.00,51583.00,12559.00,205260.00,793326.00,54743.00
6677,35688.00,27575.00,99673.00,76109.00,50712.00,12655.00,209060.00,787325.00,65843.00
6678,31822.00,24657.00,89444.00,53512.00,51927.00,12526.00,205254.00,789840.00,65724.00
6679,31731.00,24563.00,87276.00,53524.00,50571.00,12686.00,205292.00,793645.00,54678.00
6680,35932.00,27440.00,99581.00,78243.00,58448.00,12526.00,208360.00,789141.00,65434.00
6681,31784.00,24449.00,89511.00,53554.00,55146.00,12588.00,205277.00,793896.00,54586.00
6682,35753.00,27866.00,97765.00,52725.00,28873.00,12594.00,205257.00,793539.00,54649.00
6683,35898.00,27737.00,101473.00,73886.00,50459.00,12581.00,208355.00,847721.00,69908.00
6684,38279.00,26989.00,105786.00,53500.00,50914.00,12564.00,205291.00,819876.00,74165.00
6685,48931.00,29936.00,102941.00,55617.00,30375.00,13198.00,218158.00,833654.00,65807.00
6686,31790.00,24667.00,87345.00,53580.00,85372.00,13170.00,236306.00,828795.00,64514.00
6687,31773.00,24557.00,87462.00,53573.00,51122.00,12520.00,205264.00,793252.00,54429.00
6688,35565.00,27536.00,98342.00,65011.00,51392.00,12588.00,205279.00,794593.00,66270.00
6689,31688.00,24568.00,87156.00,56402.00,51109.00,12573.00,205576.00,794378.00,64848.00
6690,31797.00,24567.00,87332.00,53642.00,58548.00,12596.00,205297.00,793612.00,54563.00
6691,35791.00,27659.00,98235.00,65163.00,62177.00,12594.00,205448.00,792413.00,64449.00
6692,31719.00,24612.00,86788.00,56390.00,51263.00,12505.00,205289.00,866378.00,71513.00
6693,35726.00,27550.00,107376.00,66830.00,51812.00,12583.00,205278.00,833653.00,54631.00
6694,44206.00,27594.00,102421.00,76777.00,51955.00,12551.00,231719.00,802775.00,84288.00
6695,34829.00,26935.00,96113.00,58798.00,70881.00,12671.00,205261.00,871661.00,54724.00
6696,35665.00,27611.00,98013.00,65194.00,62118.00,12560.00,207836.00,826107.00,64548.00
6697,31761.00,24531.00,107947.00,58751.00,52978.00,13191.00,221954.00,817905.00,57627.00
6698,46922.00,29089.00,97750.00,52795.00,28866.00,12537.00,223234.00,879805.00,102735.00
6699,31742.00,24593.00,88095.00,53660.00,54634.00,29590.00,221957.00,854429.00,71335.00
6700,35694.00,27590.00,108214.00,64129.00,52315.00,12577.00,205273.00,833301.00,54571.00
6701,35908.00,27478.00,113382.00,68121.00,56863.00,12583.00,232499.00,821465.00,86318.00
6702,35831.00,27672.00,97639.00,60344.00,54702.00,23883.00,235114.00,870129.00,54785.00
6703,35891.00,27632.00,98059.00,66579.00,51405.00,12555.00,225378.00,871462.00,64582.00
6704,34857.00,24587.00,114460.00,60383.00,53862.00,13607.00,221938.00,873563.00,59315.00
6705,38628.00,29910.00,105291.00,67452.00,30489.00,13292.00,220344.00,839650.00,54802.00
6706,35626.00,27478.00,98334.00,56310.00,28872.00,12552.00,205457.00,789739.00,68054.00
6707,31787.00,24582.00,87094.00,53577.00,52163.00,12527.00,205410.00,793509.00,54703.00
6708,35657.00,27736.00,98623.00,54706.00,61531.00,12557.00,205532.00,795621.00,64819.00
6709,31803.00,24602.00,87339.00,56411.00,51141.00,12572.00,205250.00,790203.00,66466.00
6710,31681.00,24420.00,104344.00,58652.00,70425.00,13490.00,221900.00,878461.00,54762.00
6711,35613.00,27748.00,113419.00,68087.00,59421.00,12452.00,208131.00,788851.00,65628.00
6712,31788.00,27458.00,87322.00,53590.00,53801.00,12480.00,205252.00,793504.00,54619.00
6713,35663.00,27690.00,98963.00,52782.00,28952.00,12451.00,205351.00,793255.00,54566.00
6714,35826.00,27708.00,112277.00,66366.00,50887.00,12578.00,208749.00,787555.00,65091.00
6715,31737.00,27351.00,87166.00,53658.00,51816.00,12410.00,205266.00,793096.00,54454.00
6716,35737.00,27599.00,98525.00,52895.00,28807.00,12564.00,205268.00,793681.00,54528.00
6717,35825.00,27628.00,134613.00,73168.00,59439.00,13164.00,222553.00,787537.00,67593.00
6718,31901.00,24512.00,86969.00,53517.00,51347.00,12493.00,205259.00,793172.00,54582.00
6719,35607.00,27682.00,98069.00,52891.00,28887.00,12497.00,205268.00,793448.00,54807.00
6720,41639.00,27614.00,102535.00,67580.00,57508.00,12574.00,208317.00,789015.00,68355.00
6721,31799.00,24588.00,87090.00,53580.00,53251.00,12634.00,205126.00,793605.00,54613.00
6722,35969.00,27652.00,98005.00,52923.00,28947.00,12549.00,205071.00,880258.00,70688.00
6723,35704.00,27743.00,108578.00,58782.00,53654.00,13184.00,216088.00,805991.00,65173.00
6724,31699.00,24579.00,86960.00,53497.00,51913.00,12561.00,205266.00,793694.00,54592.00
6725,35614.00,27767.00,98045.00,54222.00,68309.00,12421.00,205251.00,834887.00,66384.00
6726,31769.00,24510.00,90629.00,53576.00,51584.00,12582.00,205281.00,790854.00,64474.00
6727,31671.00,24547.00,87469.00,53617.00,50900.00,12542.00,205269.00,793353.00,54611.00
6728,35516.00,27668.00,97770.00,65723.00,51843.00,12627.00,205043.00,790814.00,68312.00
6729,31599.00,24565.00,87169.00,56249.00,53069.00,12496.00,205284.00,790054.00,64502.00
6730,31706.00,24650.00,87908.00,53553.00,51568.00,12582.00,205419.00,793467.00,54815.00
6731,35609.00,27902.00,97943.00,65512.00,52704.00,12622.00,205528.00,791368.00,65329.00
6732,31607.00,24618.00,87747.00,56341.00,60659.00,12632.00,205273.00,790085.00,66236.00
6733,31851.00,24458.00,87525.00,53549.00,50926.00,12636.00,205260.00,793428.00,54628.00
6734,35641.00,27659.00,98811.00,77809.00,50786.00,12630.00,208469.00,837817.00,88848.00
6735,39534.00,27597.00,97269.00,70457.00,52618.00,13288.00,220744.00,821290.00,67654.00
6736,35839.00,27677.00,97589.00,52902.00,28919.00,12587.00,205406.00,793929.00,54728.00
6737,31741.00,36566.00,102328.00,66289.00,51414.00,12560.00,208629.00,787192.00,68893.00
6738,31766.00,24558.00,87409.00,53656.00,51369.00,12539.00,205257.00,793384.00,54578.00
6739,35564.00,27642.00,98967.00,52830.00,28911.00,12666.00,205266.00,793309.00,54488.00
6740,41871.00,27600.00,102805.00,70085.00,72592.00,13217.00,219655.00,812214.00,76063.00
6741,31748.00,24530.00,86930.00,53604.00,57310.00,12509.00,205265.00,793846.00,54412.00
6742,35888.00,27595.00,98344.00,52812.00,28870.00,12696.00,205276.00,793297.00,76732.00
6743,31575.00,24625.00,87763.00,53572.00,51811.00,12506.00,208291.00,787080.00,66258.00
6744,31669.00,24596.00,87294.00,53613.00,51481.00,12527.00,205556.00,793373.00,54729.00
6745,35640.00,27461.00,97550.00,52774.00,29006.00,12548.00,205505.00,793102.00,66138.00
6746,31603.00,24508.00,86846.00,53482.00,53200.00,12581.00,208688.00,787827.00,68274.00
6747,31758.00,24517.00,86766.00,53618.00,51877.00,12480.00,205282.00,919282.00,54822.00
6748,35582.00,27735.00,115122.00,67467.00,53890.00,13264.00,216110.00,816271.00,66293.00
6749,31842.00,24733.00,90295.00,53630.00,51542.00,12508.00,205257.00,793547.00,54621.00
6750,35845.00,27713.00,98880.00,52866.00,28927.00,12486.00,205239.00,794455.00,54535.00
6751,35797.00,27845.00,99503.00,75160.00,50920.00,12573.00,208519.00,828042.00,69644.00
6752,31721.00,24609.00,89832.00,53521.00,51085.00,12611.00,205314.00,792879.00,54612.00
6753,35650.00,27656.00,97781.00,52848.00,28921.00,12532.00,205260.00,852185.00,54856.00
6754,35737.00,27609.00,113647.00,68041.00,51045.00,12506.00,209155.00,787617.00,64577.00
6755,51276.00,24609.00,95457.00,58712.00,52647.00,13252.00,216054.00,806552.00,54727.00
6756,37492.00,45020.00,103010.00,55649.00,30430.00,13296.00,225186.00,859553.00,70052.00
6757,34693.00,26759.00,119044.00,62338.00,57220.00,13218.00,216421.00,800283.00,65469.00
6758,31729.00,24528.00,87665.00,53634.00,57958.00,12509.00,228113.00,814897.00,54549.00
6759,35822.00,27539.00,112779.00,67931.00,59434.00,12569.00,247687.00,835450.00,67702.00
6760,31617.00,24693.00,87105.00,53548.00,52170.00,12525.00,205357.00,860761.00,68573.00
6761,35647.00,39054.00,97481.00,52796.00,28886.00,12575.00,205468.00,832527.00,64547.00
6762,31871.00,24615.00,87166.00,53572.00,61234.00,12587.00,205237.00,790240.00,75490.00
6763,31784.00,24520.00,86933.00,53537.00,51125.00,12485.00,205277.00,793391.00,54592.00
6764,35701.00,27605.00,98318.00,52803.00,28898.00,12532.00,205278.00,802269.00,64516.00
6765,31751.00,24736.00,87507.00,53529.00,53632.00,12599.00,205287.00,789733.00,65191.00
6766,31683.00,24568.00,86389.00,53570.00,51233.00,12539.00,205303.00,793264.00,54718.00
6767,35640.00,27600.00,98651.00,52809.00,28786.00,12560.00,205253.00,794306.00,65490.00
6768,31669.00,24517.00,86637.00,53527.00,52743.00,12540.00,208115.00,787235.00,73144.00
6769,31596.00,24524.00,86703.00,53623.00,51596.00,12619.00,205244.00,793951.00,54478.00
6770,35682.00,27804.00,98208.00,52840.00,28785.00,12522.00,205242.00,793350.00,55690.00
6771,31686.00,34614.00,86828.00,53573.00,51717.00,12591.00,208402.00,807861.00,95163.00
6772,35533.00,27603.00,98809.00,60250.00,54401.00,13519.00,235804.00,792662.00,54683.00
6773,35924.00,27621.00,98737.00,52741.00,28898.00,12535.00,205187.00,841783.00,80549.00
6774,31874.00,24547.00,87303.00,56062.00,65445.00,13425.00,223234.00,790049.00,65549.00
6775,31697.00,24511.00,87844.00,53504.00,51729.00,12473.00,205250.00,793560.00,54505.00
6776,35646.00,27520.00,98352.00,65421.00,60975.00,12591.00,232761.00,804993.00,77368.00
6777,31684.00,24747.00,90092.00,53566.00,51450.00,12601.00,205336.00,793381.00,54600.00
6778,35923.00,27632.00,98068.00,52876.00,28813.00,12551.00,205250.00,793609.00,54561.00
6779,35699.00,27606.00,111899.00,66602.00,52321.00,12525.00,208406.00,787179.00,65061.00
6780,31658.00,24597.00,89863.00,53556.00,50642.00,12493.00,205259.00,793288.00,54514.00
6781,35741.00,27505.00,98675.00,52817.00,28764.00,12622.00,205246.00,793030.00,54500.00
6782,35725.00,27770.00,111311.00,67768.00,51183.00,12619.00,208501.00,787616.00,65974.00
6783,31932.00,24501.00,89941.00,53600.00,58612.00,12528.00,205268.00,793472.00,54658.00
6784,35528.00,27627.00,98780.00,52818.00,28839.00,12506.00,227288.00,863393.00,69562.00
6785,46157.00,29157.00,112425.00,81257.00,52110.00,12526.00,208616.00,788826.00,68097.00
6786,31672.00,24674.00,87547.00,53652.00,51853.00,12488.00,205271.00,823340.00,67951.00
6787,35700.00,27737.00,97991.00,52855.00,28935.00,12515.00,205459.00,793325.00,64131.00
6788,31651.00,24581.00,86597.00,53648.00,59194.00,12534.00,233377.00,803803.00,64625.00
6789,31748.00,24655.00,86757.00,53524.00,52292.00,12564.00,205446.00,793136.00,54683.00
6790,35624.00,27774.00,97573.00,52820.00,28880.00,12630.00,205390.00,793582.00,64105.00
6791,31758.00,24686.00,86963.00,53469.00,51960.00,12561.00,208343.00,787366.00,67112.00
6792,31964.00,24593.00,86835.00,53646.00,52476.00,12534.00,205267.00,793591.00,54684.00
6793,35474.00,27753.00,98391.00,52836.00,28809.00,12561.00,205272.00,793133.00,55188.00
6794,31683.00,35561.00,86800.00,53507.00,51621.00,12594.00,208361.00,787027.00,68705.00
6795,31784.00,24672.00,87298.00,53603.00,51284.00,12612.00,205237.00,793109.00,54744.00
6796,35672.00,27495.00,98493.00,52755.00,28877.00,12584.00,205328.00,848735.00,59518.00
6797,35734.00,37978.00,112644.00,53545.00,50352.00,12574.00,208565.00,788626.00,65573.00
6798,31848.00,24549.00,87289.00,53536.00,51618.00,12536.00,205268.00,824634.00,67806.00
6799,35567.00,27566.00,98916.00,52807.00,28937.00,12478.00,205290.00,844836.00,66279.00
6800,31711.00,24652.00,87006.00,53582.00,74895.00,13245.00,216072.00,803153.00,64543.00
6801,31896.00,24580.00,86885.00,53655.00,52246.00,12554.00,205244.00,793015.00,54583.00
6802,35699.00,27575.00,98126.00,65183.00,59040.00,12579.00,205264.00,793507.00,65805.00
6803,31778.00,24613.00,87232.00,56272.00,57000.00,12595.00,205639.00,790059.00,66820.00
6804,31697.00,24555.00,87113.00,53529.00,68263.00,12580.00,205275.00,793523.00,54641.00
6805,35689.00,27645.00,99479.00,77493.00,50754.00,12566.00,208342.00,787575.00,66323.00
6806,31521.00,24603.00,89771.00,53590.00,52144.00,12534.00,205331.00,790044.00,66558.00
6807,31753.00,24661.00,86896.00,53493.00,72067.00,12554.00,205106.00,793508.00,54596.00
6808,35537.00,27657.00,110643.00,67339.00,51493.00,12522.00,208304.00,789700.00,75082.00
6809,49078.00,24623.00,98985.00,58780.00,52432.00,13199.00,240735.00,861874.00,54932.00
6810,35682.00,27571.00,98239.00,52882.00,28949.00,12639.00,205644.00,793527.00,55688.00
6811,31764.00,35090.00,108170.00,58856.00,53016.00,13297.00,227615.00,816318.00,92133.00
6812,34817.00,27132.00,96252.00,58805.00,53116.00,23365.00,205251.00,793156.00,54476.00
6813,35748.00,27690.00,97810.00,54563.00,78866.00,12530.00,205267.00,794417.00,65026.00
6814,31628.00,24657.00,87064.00,56899.00,52309.00,12533.00,205295.00,835779.00,65512.00
6815,31767.00,24608.00,86935.00,53602.00,51206.00,12582.00,205248.00,843224.00,54691.00
6816,35731.00,27623.00,112221.00,74935.00,51162.00,12644.00,208326.00,787139.00,66295.00
6817,31646.00,24460.00,89955.00,53491.00,52350.00,12571.00,205262.00,793295.00,54602.00
6818,35829.00,27577.00,98420.00,52937.00,28755.00,12605.00,205275.00,793559.00,54341.00
6819,35735.00,27673.00,113263.00,67329.00,56677.00,12606.00,208412.00,787295.00,65430.00
6820,31851.00,24488.00,90093.00,53586.00,57715.00,12500.00,205394.00,793228.00,54451.00
6821,35698.00,27572.00,97733.00,52814.00,28857.00,12572.00,245437.00,849332.00,54764.00
6822,42215.00,27710.00,86775.00,53432.00,59272.00,12552.00,230349.00,804143.00,66335.00
6823,31814.00,24580.00,87386.00,53534.00,53189.00,12574.00,205104.00,792420.00,54590.00
6824,35775.00,27605.00,97522.00,52711.00,28963.00,12526.00,205096.00,837599.00,79423.00
6825,31679.00,24526.00,87821.00,53555.00,54146.00,15179.00,205280.00,790078.00,64367.00
6826,31753.00,24554.00,87093.00,53524.00,51597.00,12552.00,205244.00,793588.00,54454.00
6827,35559.00,27560.00,98809.00,52788.00,28873.00,12471.00,205270.00,793470.00,64398.00
6828,31753.00,24565.00,87660.00,53596.00,53108.00,12580.00,208304.00,787596.00,76845.00
6829,31718.00,24530.00,87191.00,53550.00,51950.00,12528.00,205257.00,793582.00,54673.00
6830,35599.00,27621.00,98279.00,52730.00,28902.00,12560.00,205314.00,792938.00,55249.00
6831,31643.00,35353.00,87349.00,53591.00,51409.00,12574.00,208365.00,787446.00,67813.00
6832,31659.00,24611.00,86878.00,53530.00,52376.00,12550.00,205275.00,837610.00,54874.00
6833,35880.00,27659.00,98093.00,52729.00,28923.00,12584.00,205445.00,834522.00,64342.00
6834,50200.00,24542.00,118719.00,58731.00,86742.00,13573.00,231047.00,802966.00,66699.00
6835,31558.00,24492.00,87180.00,53570.00,51861.00,12501.00,205251.00,793620.00,54559.00
6836,35624.00,27693.00,98714.00,65374.00,51136.00,12533.00,205257.00,791650.00,80874.00
6837,31636.00,24639.00,89686.00,81167.00,52799.00,13200.00,226862.00,793174.00,54814.00
6838,35722.00,27628.00,97758.00,52732.00,28870.00,12596.00,205321.00,793851.00,54654.00
6839,35467.00,27600.00,111877.00,66268.00,52391.00,12531.00,208384.00,787362.00,65843.00
6840,31760.00,24571.00,89826.00,53524.00,59304.00,12611.00,205279.00,793572.00,54512.00
6841,35730.00,27756.00,98758.00,52876.00,28855.00,12586.00,205262.00,792940.00,54564.00
6842,35558.00,27608.00,112824.00,67968.00,55704.00,12518.00,208473.00,787320.00,64622.00
6843,31797.00,24593.00,89616.00,53548.00,50802.00,12566.00,205312.00,793333.00,54522.00
6844,35599.00,27543.00,97664.00,52757.00,28915.00,12545.00,205345.00,793884.00,54781.00
6845,35721.00,27580.00,112166.00,66433.00,51008.00,12558.00,208381.00,788753.00,64605.00
6846,34800.00,42198.00,116328.00,60282.00,64443.00,14057.00,235881.00,854569.00,54665.00
6847,35693.00,27727.00,97506.00,52816.00,29001.00,12552.00,205472.00,793762.00,64858.00
6848,31719.00,24711.00,86615.00,53585.00,50556.00,12587.00,208667.00,787449.00,67933.00
6849,31610.00,24545.00,86421.00,53561.00,50842.00,12587.00,205287.00,823487.00,57901.00
6850,46563.00,28963.00,97981.00,52672.00,28918.00,12548.00,205498.00,879118.00,65153.00
6851,31875.00,24606.00,87612.00,53519.00,52162.00,12556.00,205255.00,789897.00,65742.00
6852,31800.00,24560.00,86491.00,53552.00,51588.00,12567.00,205556.00,793415.00,54830.00
6853,35619.00,27561.00,97656.00,52723.00,28951.00,12634.00,205474.00,793301.00,72611.00
6854,31815.00,24666.00,87894.00,53694.00,58394.00,12608.00,205528.00,789596.00,66176.00
6855,31794.00,24603.00,86875.00,53599.00,52027.00,12472.00,205250.00,793354.00,54697.00
6856,35696.00,27839.00,98574.00,52704.00,28901.00,12551.00,205272.00,793461.00,75665.00
6857,31738.00,24504.00,87029.00,53599.00,51264.00,12522.00,208543.00,786986.00,65707.00
6858,31672.00,24561.00,87099.00,53519.00,51884.00,12503.00,205278.00,867621.00,57501.00
6859,37828.00,29162.00,108672.00,52690.00,28923.00,12634.00,205442.00,839623.00,65185.00
6860,31794.00,24543.00,87152.00,55836.00,56741.00,12567.00,205275.00,814232.00,72948.00
6861,34753.00,26957.00,105968.00,53492.00,51731.00,12596.00,205273.00,793119.00,54558.00
6862,35741.00,27605.00,111969.00,66797.00,50615.00,12563.00,235282.00,874720.00,94994.00
6863,34720.00,26936.00,95425.00,58723.00,53845.00,23562.00,205613.00,860234.00,58956.00
6864,38357.00,29916.00,114355.00,76754.00,53572.00,12562.00,205479.00,875833.00,65428.00
6865,54180.00,24430.00,111822.00,60185.00,58832.00,13534.00,230932.00,869413.00,62215.00
6866,35809.00,27582.00,97586.00,52847.00,28838.00,12594.00,205067.00,794185.00,76325.00
6867,31755.00,24599.00,87934.00,53529.00,51050.00,15641.00,205282.00,790352.00,68253.00
6868,31699.00,24485.00,87359.00,53567.00,51107.00,12565.00,205555.00,793748.00,54719.00
6869,35540.00,27562.00,97649.00,52766.00,29007.00,12642.00,205398.00,793402.00,64507.00
6870,31613.00,24563.00,87779.00,53493.00,51102.00,12496.00,208424.00,877327.00,66064.00
6871,31675.00,24518.00,87007.00,53469.00,51646.00,12585.00,205096.00,793314.00,54653.00
6872,35828.00,27572.00,97130.00,52734.00,28881.00,12566.00,205091.00,801650.00,64452.00
6873,31735.00,24564.00,87584.00,53543.00,58782.00,12707.00,205274.00,789223.00,66565.00
6874,31874.00,24660.00,87502.00,53498.00,50556.00,12501.00,205596.00,822239.00,54662.00
6875,35853.00,27569.00,97424.00,52823.00,29011.00,12576.00,205456.00,841159.00,64604.00
6876,31705.00,24577.00,87738.00,55871.00,68569.00,12568.00,205467.00,789933.00,65636.00
6877,31568.00,24679.00,87192.00,53503.00,52734.00,12440.00,205261.00,793557.00,54625.00
6878,35621.00,27602.00,97644.00,55128.00,57704.00,12501.00,205562.00,795588.00,65182.00
6879,31894.00,24518.00,86566.00,56233.00,51195.00,12570.00,205254.00,790066.00,67092.00
6880,31741.00,24625.00,87668.00,53663.00,51556.00,12506.00,205265.00,793527.00,54559.00
6881,35695.00,27622.00,98866.00,54375.00,59350.00,12597.00,205607.00,796196.00,64617.00
6882,31780.00,24717.00,87585.00,56319.00,55526.00,12634.00,205565.00,811614.00,72510.00
6883,34805.00,27011.00,95538.00,83279.00,71158.00,13179.00,235836.00,820773.00,54860.00
6884,35694.00,27796.00,113508.00,66544.00,51483.00,12569.00,208390.00,786893.00,64658.00
6885,34418.00,24619.00,87215.00,53506.00,51920.00,12601.00,205275.00,793616.00,54460.00
6886,35678.00,27629.00,98285.00,52820.00,28897.00,12537.00,205255.00,793125.00,54540.00
6887,35628.00,27718.00,114502.00,77512.00,50671.00,12531.00,208398.00,787467.00,65879.00
6888,48734.00,27608.00,95656.00,58760.00,53426.00,13127.00,220569.00,794048.00,54526.00
6889,35564.00,27585.00,98100.00,52837.00,28909.00,12574.00,205257.00,841837.00,65177.00
6890,31606.00,24640.00,87074.00,53695.00,50785.00,12594.00,208372.00,837294.00,66168.00
6891,31826.00,24650.00,87770.00,53504.00,51836.00,12603.00,205254.00,793716.00,54515.00
6892,35504.00,27623.00,98557.00,52691.00,28898.00,12615.00,205258.00,793662.00,79041.00
6893,31703.00,24556.00,86982.00,53591.00,61011.00,15602.00,205448.00,790226.00,64971.00
6894,31784.00,24587.00,86648.00,53646.00,52300.00,12535.00,205257.00,793308.00,54563.00
6895,35823.00,27683.00,98080.00,52791.00,45788.00,29210.00,222256.00,838852.00,65053.00
6896,31634.00,24548.00,87158.00,53558.00,52810.00,12567.00,205537.00,791799.00,64344.00
6897,31705.00,24639.00,87365.00,53484.00,51265.00,12513.00,205256.00,793416.00,54500.00
6898,35683.00,27818.00,98588.00,63067.00,28959.00,12593.00,205340.00,798764.00,54585.00
6899,35678.00,27782.00,97774.00,65212.00,52355.00,12616.00,205334.00,790113.00,65601.00
6900,31920.00,24693.00,86759.00,53509.00,52424.00,12528.00,205392.00,827649.00,65967.00
6901,35837.00,27749.00,98769.00,65162.00,51542.00,12542.00,205281.00,792359.00,64683.00
6902,31668.00,24590.00,87280.00,56507.00,59309.00,12525.00,205286.00,791492.00,64999.00
6903,31743.00,24495.00,86832.00,72616.00,54309.00,13118.00,216060.00,815316.00,54637.00
6904,35514.00,27667.00,115140.00,90917.00,52283.00,13319.00,219950.00,802092.00,66065.00
6905,34672.00,24521.00,108478.00,58701.00,53673.00,13243.00,216065.00,855184.00,54867.00
6906,35832.00,27626.00,96657.00,52776.00,28915.00,12561.00,205619.00,837682.00,72339.00
6907,31698.00,24593.00,87675.00,53486.00,55625.00,12583.00,205476.00,861209.00,107658.00
6908,35009.00,26922.00,104483.00,53583.00,50674.00,12475.00,205259.00,793107.00,54675.00
6909,35639.00,27638.00,111636.00,66660.00,52782.00,12492.00,207872.00,787007.00,64676.00
6910,31714.00,24733.00,88908.00,53550.00,51191.00,12503.00,205260.00,793582.00,54591.00
6911,35480.00,27622.00,98011.00,52803.00,28851.00,12417.00,205246.00,793537.00,54722.00
6912,35724.00,27651.00,111400.00,66164.00,51592.00,12524.00,208166.00,838167.00,75625.00
6913,38185.00,27082.00,94921.00,58780.00,58507.00,13237.00,216058.00,850518.00,67837.00
6914,35875.00,27601.00,98488.00,52855.00,28753.00,12534.00,205293.00,836082.00,63822.00
6915,31629.00,24545.00,87420.00,53477.00,51176.00,12539.00,208556.00,787306.00,66723.00
6916,31673.00,24645.00,86685.00,53482.00,52133.00,12484.00,205247.00,793271.00,54504.00
6917,35796.00,27759.00,98074.00,52873.00,28829.00,12495.00,205257.00,793705.00,55981.00
6918,31613.00,36314.00,87237.00,53570.00,70525.00,12545.00,208506.00,787166.00,68525.00
6919,31734.00,24639.00,87158.00,53485.00,51540.00,12523.00,205280.00,855823.00,68335.00
6920,37956.00,29157.00,109642.00,52696.00,28844.00,12602.00,205476.00,800099.00,65500.00
6921,31682.00,24595.00,86512.00,53590.00,54779.00,12583.00,205310.00,790281.00,65008.00
6922,31866.00,24684.00,87035.00,53637.00,51339.00,12513.00,205261.00,793713.00,54417.00
6923,35452.00,27601.00,98505.00,52809.00,28849.00,12510.00,205269.00,793855.00,73638.00
6924,31796.00,24727.00,86714.00,53506.00,51099.00,15571.00,205316.00,787249.00,65737.00
6925,31775.00,24396.00,87213.00,53499.00,52365.00,12531.00,205247.00,824782.00,67063.00
6926,35564.00,27630.00,98316.00,52904.00,28930.00,12569.00,205405.00,792880.00,70980.00
6927,31587.00,24443.00,86560.00,53492.00,51480.00,15729.00,205286.00,789664.00,64708.00
6928,31806.00,24755.00,86808.00,53584.00,51650.00,12497.00,205294.00,793240.00,54489.00
6929,35855.00,27664.00,98243.00,52831.00,28826.00,12594.00,205276.00,793512.00,65527.00
6930,31681.00,24638.00,87153.00,53502.00,51942.00,12579.00,208383.00,787652.00,67328.00
6931,31837.00,24444.00,86932.00,53611.00,52224.00,12434.00,205298.00,793377.00,54676.00
6932,35743.00,27491.00,97867.00,52912.00,28832.00,12514.00,225022.00,899807.00,65578.00
6933,31660.00,24579.00,87443.00,53545.00,56717.00,12552.00,205029.00,789993.00,65128.00
6934,31589.00,24583.00,86955.00,53568.00,52003.00,12535.00,205493.00,793202.00,54772.00
6935,35722.00,27661.00,98405.00,52853.00,28915.00,12519.00,205532.00,802005.00,82043.00
6936,31752.00,24643.00,87441.00,53551.00,53846.00,12624.00,205262.00,835568.00,64517.00
6937,31775.00,24724.00,87089.00,53520.00,65927.00,12573.00,205563.00,793566.00,54841.00
6938,35624.00,27722.00,97770.00,66256.00,62799.00,12545.00,205266.00,835906.00,64529.00
6939,31687.00,24613.00,107374.00,66613.00,50709.00,12616.00,205291.00,793691.00,54515.00
6940,35661.00,27619.00,97972.00,52788.00,28878.00,12609.00,205246.00,793421.00,54470.00
6941,35753.00,27692.00,112466.00,80693.00,51764.00,12564.00,208575.00,787591.00,65935.00
6942,31849.00,24653.00,89410.00,53475.00,52165.00,12558.00,205273.00,793769.00,54501.00
6943,35603.00,27574.00,98167.00,52817.00,28876.00,12671.00,205276.00,793685.00,54522.00
6944,35569.00,27447.00,112450.00,66800.00,52206.00,12550.00,208399.00,873406.00,67592.00
6945,31563.00,24621.00,87340.00,53654.00,51739.00,12549.00,205606.00,793952.00,54641.00
6946,35930.00,27615.00,98265.00,52746.00,28872.00,12599.00,205550.00,793299.00,54852.00
6947,43741.00,27699.00,102023.00,67554.00,62246.00,12574.00,208426.00,787190.00,67795.00
6948,31536.00,24478.00,87231.00,53578.00,50588.00,12583.00,205568.00,822487.00,57480.00
6949,46672.00,28971.00,98073.00,52800.00,28888.00,12615.00,205105.00,794076.00,65459.00
6950,31763.00,24575.00,88324.00,53491.00,51610.00,12546.00,208546.00,786872.00,67455.00
6951,34888.00,41760.00,95621.00,58816.00,53157.00,13195.00,218058.00,830287.00,54722.00
6952,36019.00,27656.00,98338.00,52886.00,28850.00,12475.00,205642.00,793721.00,74461.00
6953,31857.00,24518.00,86837.00,53530.00,57483.00,12543.00,205474.00,790623.00,65277.00
6954,31818.00,24475.00,86627.00,53451.00,51753.00,12584.00,205269.00,793307.00,54756.00
6955,35640.00,27775.00,97755.00,52721.00,28846.00,12612.00,205264.00,793488.00,64339.00
6956,31817.00,24597.00,88443.00,53548.00,51260.00,12608.00,208377.00,787428.00,68226.00
6957,48084.00,24480.00,95160.00,58812.00,62784.00,13577.00,247188.00,850629.00,54624.00
6958,35663.00,27645.00,97189.00,65397.00,52171.00,12489.00,205264.00,791193.00,65828.00
6959,31725.00,24545.00,86895.00,56213.00,55678.00,12535.00,205513.00,790130.00,65752.00
6960,31782.00,24477.00,87245.00,53571.00,52762.00,12514.00,205235.00,793348.00,54620.00
6961,35474.00,27708.00,97687.00,65606.00,59023.00,12584.00,205462.00,790341.00,65771.00
6962,31773.00,24528.00,87253.00,56320.00,50456.00,12534.00,205279.00,789741.00,67282.00
6963,31690.00,24596.00,86854.00,53565.00,51843.00,12732.00,205284.00,792919.00,54690.00
6964,35674.00,27717.00,98201.00,65560.00,63611.00,12510.00,208710.00,844866.00,81370.00
6965,34817.00,26952.00,98038.00,58781.00,55627.00,13211.00,218395.00,817584.00,57524.00
6966,37789.00,29007.00,102726.00,55645.00,40280.00,12479.00,205293.00,793321.00,54619.00
6967,41981.00,27586.00,102010.00,66883.00,52870.00,12583.00,208752.00,850883.00,71532.00
6968,35649.00,27522.00,97272.00,60290.00,80556.00,12507.00,231145.00,888129.00,74891.00
6969,38669.00,29800.00,123279.00,111089.00,53433.00,13559.00,231120.00,802953.00,76234.00
6970,31815.00,24633.00,87143.00,53462.00,51861.00,12520.00,205258.00,793843.00,54616.00
6971,35689.00,27583.00,98195.00,52793.00,28909.00,12538.00,205266.00,794049.00,66498.00
6972,31740.00,24546.00,88008.00,53543.00,50801.00,12515.00,209171.00,794964.00,57954.00
6973,35618.00,27759.00,97863.00,52817.00,28955.00,12603.00,205106.00,792527.00,54487.00
6974,35490.00,27694.00,98276.00,52760.00,28884.00,12701.00,205140.00,793476.00,54505.00
6975,41973.00,27626.00,102433.00,74975.00,51691.00,12611.00,208377.00,787184.00,68516.00
6976,31788.00,24505.00,87157.00,53531.00,51280.00,12547.00,205321.00,823137.00,57364.00
6977,35625.00,38843.00,98128.00,52823.00,28890.00,12520.00,205504.00,793183.00,65481.00
6978,31575.00,24511.00,86032.00,53647.00,58367.00,12515.00,208605.00,787030.00,68056.00
6979,31791.00,24491.00,87338.00,53383.00,51370.00,12551.00,205550.00,793345.00,54865.00
6980,35565.00,27549.00,97577.00,52710.00,28878.00,12627.00,205581.00,829995.00,68299.00
6981,34880.00,27029.00,95824.00,58891.00,54442.00,13233.00,219818.00,880913.00,64584.00
6982,31712.00,24739.00,87168.00,53576.00,52197.00,12540.00,205266.00,793529.00,54455.00
6983,35541.00,27718.00,98905.00,65221.00,51091.00,12601.00,205253.00,794349.00,76746.00
6984,31784.00,24610.00,87140.00,56312.00,52004.00,12543.00,205263.00,793253.00,71898.00
6985,31647.00,24491.00,87249.00,53517.00,52663.00,12617.00,205392.00,795608.00,54681.00
6986,35875.00,27708.00,132269.00,88798.00,54262.00,13617.00,249772.00,852459.00,135476.00
6987,35807.00,27760.00,98628.00,60322.00,82536.00,13337.00,216096.00,882597.00,58991.00
6988,48495.00,29873.00,128188.00,67384.00,51488.00,12574.00,230396.00,855728.00,108005.00
6989,35733.00,27679.00,97874.00,60174.00,65454.00,13129.00,216307.00,847784.00,54855.00
6990,35782.00,27712.00,97266.00,65917.00,55934.00,12581.00,208767.00,858631.00,65788.00
6991,31706.00,24541.00,112675.00,58707.00,53086.00,13193.00,222486.00,863796.00,67397.00
6992,35799.00,27701.00,96745.00,52807.00,28906.00,12581.00,244573.00,851303.00,65398.00
6993,31580.00,24425.00,86689.00,53534.00,85298.00,13600.00,221987.00,896561.00,59078.00
6994,37568.00,40340.00,111447.00,52809.00,28861.00,12512.00,205570.00,837991.00,54590.00
6995,42460.00,27714.00,102249.00,71515.00,51452.00,12597.00,232166.00,805708.00,92097.00
6996,35641.00,27680.00,97687.00,70321.00,74809.00,12552.00,205094.00,838294.00,54688.00
6997,35718.00,27540.00,97863.00,65410.00,50692.00,12497.00,208756.00,858314.00,70130.00
6998,37232.00,27039.00,95674.00,58694.00,58641.00,13203.00,220076.00,828570.00,68556.00
6999,35527.00,39332.00,97949.00,52903.00,28865.00,12537.00,205323.00,838447.00,64565.00
7000,31645.00,24600.00,87299.00,53564.00,50314.00,32414.00,236618.00,898920.00,73325.00
7001,35598.00,27641.00,106512.00,58641.00,53580.00,13161.00,216081.00,868490.00,54736.00
7002,44265.00,27647.00,102753.00,66337.00,51382.00,12603.00,208492.00,788654.00,67580.00
7003,31717.00,24440.00,86935.00,53610.00,51386.00,12531.00,205269.00,793683.00,54561.00
7004,35644.00,27534.00,98518.00,52927.00,28867.00,12526.00,205256.00,794089.00,54647.00
7005,42013.00,27708.00,118608.00,91414.00,74834.00,17546.00,221917.00,842877.00,74460.00
7006,34919.00,26930.00,95181.00,65285.00,52116.00,12575.00,205276.00,884214.00,54841.00
7007,35638.00,27768.00,113699.00,67267.00,60663.00,12663.00,207990.00,787561.00,64635.00
7008,34741.00,24508.00,86608.00,53697.00,50611.00,12504.00,205254.00,793712.00,54733.00
7009,35648.00,27542.00,98666.00,52856.00,28893.00,12531.00,205257.00,869907.00,54875.00
7010,42794.00,27650.00,102355.00,67504.00,61039.00,12532.00,233103.00,804655.00,84080.00
7011,34893.00,26985.00,95706.00,58820.00,70269.00,12510.00,205283.00,793251.00,54399.00
7012,35763.00,27599.00,98369.00,54605.00,58856.00,12532.00,205234.00,797001.00,66060.00
7013,31760.00,24498.00,87208.00,56794.00,74591.00,13302.00,216429.00,803805.00,65309.00
7014,31629.00,24520.00,87385.00,53518.00,52139.00,12488.00,205265.00,793902.00,54517.00
7015,35758.00,27624.00,99854.00,76157.00,51542.00,12558.00,208510.00,786975.00,64738.00
7016,31974.00,24690.00,90117.00,53515.00,51585.00,12515.00,205258.00,789999.00,65658.00
7017,31826.00,24602.00,86782.00,53480.00,58722.00,12581.00,229484.00,884102.00,54670.00
7018,35607.00,27545.00,113680.00,66980.00,50790.00,12452.00,230641.00,809427.00,86850.00
7019,34712.00,26950.00,95826.00,58777.00,59079.00,13252.00,215731.00,792998.00,54592.00
7020,35646.00,27683.00,98318.00,52897.00,28975.00,12610.00,205086.00,793204.00,74523.00
7021,31725.00,24541.00,86743.00,53627.00,52764.00,16064.00,231510.00,864726.00,82045.00
7022,35771.00,27535.00,97932.00,70214.00,52943.00,13185.00,216096.00,903012.00,59097.00
7023,38715.00,29955.00,105713.00,57088.00,31419.00,13500.00,226956.00,876855.00,82418.00
7024,35544.00,27552.00,107792.00,58817.00,68261.00,12664.00,224598.00,878202.00,54699.00
7025,35604.00,27570.00,97353.00,52852.00,29002.00,12567.00,247433.00,825342.00,65797.00
7026,50709.00,27422.00,95193.00,58765.00,53465.00,13235.00,217697.00,834788.00,54636.00
7027,35660.00,27563.00,97728.00,52736.00,28912.00,12555.00,205114.00,834750.00,75466.00
7028,31821.00,24525.00,86684.00,53634.00,54243.00,29056.00,216073.00,801980.00,95377.00
7029,51221.00,26911.00,98066.00,60219.00,67350.00,13556.00,230880.00,847912.00,54611.00
7030,35660.00,27690.00,115150.00,68121.00,56563.00,12547.00,229883.00,804388.00,74229.00
7031,31685.00,24731.00,87308.00,53611.00,51553.00,12591.00,205253.00,792545.00,54407.00
7032,35622.00,27730.00,98345.00,52900.00,28752.00,12625.00,205269.00,835425.00,64853.00
7033,31783.00,24474.00,87112.00,53502.00,60939.00,12629.00,238730.00,817698.00,87597.00
7034,34904.00,27090.00,95369.00,58813.00,80309.00,12529.00,205261.00,792676.00,54527.00
7035,35675.00,27732.00,98227.00,65408.00,51608.00,12627.00,205252.00,792357.00,69697.00
7036,31899.00,24587.00,87428.00,56482.00,52289.00,12460.00,205303.00,789826.00,65472.00
7037,31644.00,24628.00,87800.00,53484.00,52792.00,12592.00,205510.00,856398.00,57629.00
7038,37699.00,29100.00,117861.00,73149.00,60073.00,13135.00,219053.00,829758.00,74795.00
7039,34981.00,26905.00,95626.00,58688.00,52650.00,13176.00,217557.00,794220.00,54519.00
7040,35527.00,27784.00,98214.00,52770.00,28804.00,12617.00,205292.00,793213.00,55020.00
7041,31830.00,35281.00,86913.00,71385.00,57264.00,13188.00,219746.00,888960.00,69779.00
7042,34753.00,26890.00,113546.00,60214.00,60459.00,13514.00,229907.00,848042.00,54816.00
7043,35879.00,27538.00,114671.00,67507.00,57311.00,12527.00,229466.00,806877.00,68508.00
7044,34902.00,41564.00,95919.00,58792.00,52875.00,13265.00,219525.00,826271.00,65510.00
7045,35697.00,27407.00,97750.00,52724.00,28891.00,12561.00,205541.00,792816.00,73193.00
7046,31625.00,24616.00,87658.00,53452.00,51265.00,15243.00,205286.00,786919.00,97005.00
7047,34695.00,26917.00,95533.00,58857.00,53202.00,13169.00,217023.00,835762.00,54622.00
7048,35624.00,27768.00,98205.00,65002.00,50901.00,12455.00,205304.00,846163.00,57471.00
7049,37680.00,28966.00,124651.00,56972.00,31334.00,13481.00,241532.00,820062.00,57519.00
7050,37523.00,29046.00,109113.00,52802.00,28791.00,12564.00,205507.00,854853.00,59149.00
7051,38745.00,29782.00,116256.00,64780.00,28935.00,12541.00,233425.00,804938.00,83286.00
7052,34896.00,26924.00,95967.00,58803.00,70877.00,13264.00,216253.00,872630.00,74008.00
7053,38512.00,29804.00,121107.00,75321.00,60975.00,13531.00,239866.00,787134.00,76940.00
7054,34823.00,41595.00,95999.00,58748.00,53731.00,13176.00,219631.00,825858.00,65203.00
7055,35744.00,27683.00,98047.00,52799.00,28868.00,12545.00,205284.00,843632.00,64497.00
7056,31632.00,24536.00,108239.00,61362.00,52208.00,13130.00,226051.00,836715.00,72502.00
7057,35783.00,27691.00,117498.00,53562.00,51020.00,12548.00,205267.00,923179.00,55468.00
7058,31852.00,35472.00,86910.00,53566.00,59766.00,12689.00,232993.00,808363.00,69458.00
7059,31850.00,24732.00,87545.00,53588.00,58350.00,12547.00,205129.00,793073.00,54519.00
7060,35725.00,27491.00,97629.00,52859.00,28840.00,12532.00,205183.00,833978.00,72985.00
7061,31688.00,24560.00,87207.00,53570.00,79500.00,13245.00,216097.00,802456.00,66528.00
7062,31811.00,24646.00,86467.00,53663.00,52425.00,12617.00,205248.00,792957.00,54525.00
7063,35596.00,27758.00,98829.00,65112.00,51931.00,12558.00,205231.00,832614.00,65243.00
7064,31731.00,24580.00,90462.00,73583.00,52684.00,13166.00,225736.00,810734.00,57804.00
7065,54177.00,29075.00,113402.00,55583.00,30418.00,23847.00,227194.00,849726.00,55333.00
7066,31709.00,35151.00,87123.00,53525.00,52005.00,12602.00,231009.00,803625.00,93936.00
7067,34871.00,26974.00,96061.00,58817.00,53606.00,13157.00,217213.00,792986.00,54690.00
7068,35565.00,27656.00,98567.00,52834.00,28907.00,12540.00,205281.00,801718.00,65718.00
7069,31612.00,24576.00,87414.00,53550.00,55105.00,28567.00,216113.00,822307.00,71523.00
7070,34787.00,27076.00,95542.00,66794.00,81956.00,12501.00,227150.00,816167.00,54725.00
7071,35685.00,27837.00,113408.00,66700.00,50840.00,12518.00,207763.00,787459.00,65727.00
7072,31894.00,24531.00,112286.00,58856.00,59443.00,13240.00,220303.00,821195.00,67670.00
7073,35783.00,27748.00,97897.00,52727.00,28919.00,12558.00,205282.00,834018.00,65678.00
7074,31824.00,24500.00,86999.00,53539.00,51872.00,12533.00,208638.00,787263.00,85720.00
7075,34731.00,27174.00,95411.00,58839.00,53452.00,13191.00,217600.00,794668.00,54484.00
7076,35637.00,27648.00,97708.00,52890.00,28959.00,12541.00,205098.00,793608.00,65357.00
7077,31735.00,24527.00,107549.00,75774.00,58703.00,13718.00,221731.00,819927.00,74656.00
7078,31623.00,24512.00,87116.00,53573.00,52249.00,12592.00,205269.00,794002.00,54723.00
7079,35718.00,27628.00,98640.00,64939.00,51004.00,12500.00,205452.00,842535.00,73424.00
7080,31721.00,24640.00,89731.00,53561.00,57011.00,12570.00,205284.00,793468.00,54557.00
7081,35592.00,27667.00,98093.00,52907.00,28851.00,12488.00,205321.00,793654.00,54657.00
7082,35498.00,27653.00,98550.00,52911.00,28900.00,12511.00,205255.00,793907.00,65661.00
7083,31773.00,24505.00,86810.00,56356.00,59674.00,12548.00,205294.00,790008.00,65948.00
7084,31837.00,24535.00,87328.00,53649.00,52317.00,12560.00,205381.00,793236.00,54712.00
7085,35681.00,27756.00,98365.00,66292.00,53398.00,12528.00,205269.00,792656.00,64394.00
7086,31734.00,24581.00,86960.00,56349.00,51450.00,12502.00,205268.00,789790.00,65693.00
7087,31804.00,24789.00,86542.00,53535.00,64187.00,12553.00,205446.00,839428.00,54762.00
7088,35654.00,27773.00,110593.00,82817.00,51883.00,12676.00,209111.00,788063.00,72202.00
7089,31782.00,24532.00,89984.00,53572.00,50713.00,12518.00,205273.00,887157.00,59325.00
7090,48990.00,30057.00,108256.00,52838.00,28826.00,12600.00,205453.00,794870.00,55906.00
7091,31750.00,34390.00,87621.00,53476.00,51226.00,12523.00,208609.00,788506.00,67881.00
7092,31635.00,24720.00,86856.00,53690.00,51899.00,12701.00,205577.00,793745.00,54948.00
7093,35688.00,27637.00,97716.00,52972.00,28891.00,12634.00,205557.00,793409.00,54883.00
7094,42485.00,27562.00,102415.00,66880.00,52933.00,12541.00,208327.00,876986.00,78307.00
7095,34957.00,26983.00,95925.00,58787.00,54315.00,23470.00,205354.00,792895.00,54774.00
7096,35692.00,27503.00,97769.00,54488.00,60066.00,12575.00,205469.00,796471.00,66270.00
7097,31706.00,24410.00,87174.00,56374.00,51760.00,12660.00,205581.00,789650.00,64555.00
7098,31782.00,24581.00,86858.00,53526.00,50960.00,12458.00,205270.00,793433.00,54532.00
7099,35724.00,27647.00,98036.00,53730.00,60209.00,12522.00,205264.00,797515.00,65581.00
7100,31765.00,24540.00,86886.00,56652.00,75046.00,13182.00,216075.00,804635.00,65165.00
7101,31720.00,24580.00,87334.00,53552.00,50541.00,12540.00,205282.00,846018.00,59079.00
7102,37372.00,40472.00,118688.00,96305.00,50705.00,12573.00,208641.00,832128.00,68675.00
7103,31712.00,24540.00,87476.00,53521.00,51419.00,12520.00,205251.00,793971.00,54731.00
7104,35707.00,27736.00,98820.00,52686.00,28892.00,12458.00,205270.00,793671.00,54714.00
7105,42076.00,27688.00,102180.00,74704.00,50703.00,12486.00,208356.00,788666.00,69380.00
7106,31759.00,24538.00,87194.00,53580.00,51692.00,12554.00,205246.00,793287.00,54545.00
7107,35693.00,27671.00,98058.00,52791.00,28815.00,12573.00,205260.00,793501.00,54526.00
7108,42213.00,27623.00,102069.00,66325.00,51341.00,12527.00,208358.00,787342.00,68964.00
7109,31836.00,24687.00,86420.00,53595.00,52186.00,12571.00,205263.00,794907.00,54775.00
7110,35579.00,27609.00,97696.00,52855.00,28919.00,12556.00,205607.00,793519.00,54773.00
7111,42837.00,27700.00,102787.00,67396.00,52140.00,12488.00,208392.00,831580.00,76572.00
7112,31674.00,24454.00,87458.00,53511.00,51693.00,12564.00,205242.00,877047.00,65501.00
7113,35698.00,27692.00,99006.00,52837.00,28926.00,12635.00,205257.00,797799.00,64484.00
7114,31584.00,24628.00,87329.00,75143.00,73165.00,13174.00,216074.00,846984.00,64754.00
7115,31714.00,24636.00,86961.00,53520.00,53265.00,12550.00,205314.00,793575.00,54669.00
7116,35538.00,27671.00,111506.00,66346.00,52031.00,12527.00,208333.00,787507.00,66500.00
7117,31565.00,24717.00,90196.00,53596.00,52328.00,12554.00,205298.00,793153.00,54582.00
7118,35673.00,27468.00,98694.00,52849.00,28928.00,12568.00,205266.00,793134.00,54670.00
7119,35575.00,27788.00,112440.00,68090.00,57168.00,12504.00,208416.00,787122.00,72171.00
7120,31719.00,24577.00,89072.00,53429.00,56487.00,12479.00,205264.00,793373.00,54643.00
7121,35706.00,27550.00,97867.00,52819.00,28832.00,12551.00,205263.00,793766.00,54507.00
7122,35746.00,27634.00,112255.00,75041.00,51375.00,12619.00,208554.00,787352.00,65228.00
7123,31785.00,24430.00,89801.00,53533.00,51902.00,12564.00,205280.00,793153.00,54465.00
7124,35822.00,27689.00,98549.00,52722.00,28840.00,12478.00,205271.00,833391.00,54875.00
7125,35582.00,27589.00,113493.00,70636.00,58830.00,12523.00,229445.00,844304.00,84733.00
7126,44158.00,27140.00,86847.00,53615.00,51890.00,12527.00,239954.00,847438.00,54664.00
7127,35723.00,27689.00,98175.00,65353.00,51285.00,12579.00,205261.00,792001.00,64573.00
7128,31759.00,24543.00,87119.00,56308.00,53470.00,12596.00,205480.00,789740.00,69849.00
7129,31715.00,24540.00,86634.00,53555.00,52403.00,12516.00,205256.00,798140.00,54988.00
7130,35641.00,27610.00,97649.00,52941.00,28910.00,12559.00,205491.00,795777.00,65541.00
7131,31715.00,24578.00,87089.00,56268.00,53121.00,12501.00,205306.00,789723.00,64442.00
7132,31695.00,24423.00,86795.00,53585.00,51918.00,12575.00,205168.00,793038.00,54713.00
7133,35801.00,27728.00,97933.00,54236.00,59155.00,12484.00,205279.00,795879.00,64545.00
7134,31880.00,24708.00,87397.00,56366.00,52002.00,12698.00,205465.00,789825.00,66717.00
7135,31720.00,24618.00,87245.00,53555.00,51905.00,12482.00,204965.00,793447.00,54523.00
7136,35823.00,27601.00,97936.00,53602.00,62372.00,12580.00,205359.00,796095.00,64978.00
7137,31878.00,24784.00,87027.00,57000.00,59376.00,12519.00,205245.00,809446.00,70578.00
7138,34897.00,26900.00,96319.00,58871.00,68768.00,12536.00,205281.00,832547.00,57601.00
7139,48382.00,45727.00,136136.00,74449.00,53745.00,13644.00,283896.00,831219.00,64701.00
7140,31784.00,24609.00,86874.00,53547.00,51458.00,12527.00,205314.00,793821.00,54793.00
7141,35832.00,27630.00,97494.00,52896.00,28887.00,12543.00,205334.00,802738.00,65258.00
7142,31837.00,24765.00,87159.00,53540.00,53831.00,12631.00,205582.00,789660.00,70624.00
7143,31884.00,24498.00,87670.00,53599.00,51925.00,12533.00,205275.00,793488.00,54584.00
7144,35343.00,27742.00,98270.00,52815.00,28789.00,12499.00,205242.00,793279.00,63936.00
7145,31759.00,24637.00,87504.00,53515.00,56991.00,12562.00,208379.00,787231.00,67156.00
7146,31847.00,24536.00,87406.00,53565.00,51098.00,12569.00,205134.00,793039.00,54486.00
7147,35791.00,27620.00,98163.00,52731.00,28850.00,12532.00,205051.00,793722.00,55334.00
7148,31934.00,35209.00,87567.00,53594.00,51304.00,12536.00,208006.00,787107.00,68754.00
7149,31784.00,24706.00,87532.00,53553.00,51180.00,12622.00,205621.00,793676.00,54747.00
7150,35692.00,27619.00,98236.00,52866.00,28878.00,12569.00,205568.00,844123.00,55138.00
7151,50337.00,35303.00,112305.00,60240.00,65123.00,13523.00,221923.00,820065.00,69607.00
7152,31965.00,24686.00,87205.00,53497.00,51292.00,12596.00,205090.00,793771.00,54676.00
7153,35889.00,27738.00,98341.00,53417.00,64779.00,12558.00,205250.00,796032.00,65145.00
7154,31648.00,24567.00,86852.00,56333.00,50728.00,12522.00,205255.00,789670.00,65855.00
7155,31740.00,24692.00,87173.00,53610.00,52040.00,12526.00,205278.00,793311.00,54625.00
7156,35681.00,27498.00,98209.00,53157.00,63369.00,12556.00,221591.00,822726.00,65581.00
7157,31866.00,24599.00,86817.00,56759.00,60423.00,12537.00,205267.00,790205.00,68858.00
7158,31565.00,24493.00,87343.00,53508.00,51851.00,12560.00,205600.00,793386.00,54713.00
7159,35646.00,27529.00,98303.00,81482.00,51601.00,12460.00,208364.00,787280.00,65766.00
7160,31728.00,24594.00,89647.00,53537.00,56828.00,12498.00,205260.00,789605.00,66218.00
7161,31736.00,24732.00,87189.00,53586.00,51775.00,12523.00,205238.00,793356.00,54531.00
7162,35661.00,27598.00,111377.00,69512.00,52064.00,12552.00,208375.00,787470.00,66388.00
7163,31729.00,24569.00,89889.00,53581.00,54463.00,12660.00,205120.00,869053.00,59168.00
7164,38562.00,29956.00,113914.00,55692.00,39901.00,12616.00,205563.00,793161.00,54818.00
7165,43670.00,27698.00,102353.00,68332.00,50550.00,12536.00,208568.00,787201.00,64619.00
7166,31575.00,27388.00,86833.00,53577.00,52547.00,12573.00,205276.00,793586.00,54594.00
7167,35872.00,27565.00,98457.00,52795.00,28886.00,12575.00,205245.00,793346.00,54552.00
7168,44613.00,27642.00,102689.00,67147.00,51824.00,12564.00,208423.00,879056.00,83241.00
7169,34754.00,27022.00,98996.00,53508.00,59093.00,12487.00,231349.00,866230.00,54928.00
7170,35713.00,27607.00,112768.00,66680.00,50574.00,12500.00,207928.00,787226.00,65319.00
7171,31809.00,24554.00,89998.00,53512.00,61761.00,12549.00,205262.00,793746.00,54673.00
7172,35657.00,27687.00,98788.00,52899.00,28832.00,12586.00,205265.00,793038.00,54452.00
7173,35709.00,27619.00,111740.00,66768.00,54107.00,12674.00,208101.00,787177.00,64310.00
7174,31727.00,24572.00,90541.00,53625.00,51707.00,12571.00,205262.00,793391.00,54519.00
7175,35875.00,27562.00,98231.00,52856.00,28816.00,12546.00,205250.00,852839.00,59056.00
7176,48843.00,29901.00,123329.00,71786.00,52722.00,13181.00,219834.00,820597.00,96773.00
7177,34803.00,26986.00,95469.00,58825.00,68909.00,12564.00,205256.00,836191.00,54687.00
7178,35654.00,27642.00,97674.00,54650.00,60253.00,12564.00,205447.00,831458.00,64506.00
7179,31683.00,24569.00,90431.00,73093.00,52234.00,13215.00,216108.00,838806.00,74880.00
7180,38469.00,29981.00,106582.00,57151.00,31255.00,13617.00,232388.00,874723.00,60717.00
7181,35644.00,37536.00,98297.00,67135.00,58606.00,13952.00,228344.00,870162.00,73765.00
7182,35716.00,27605.00,108107.00,66807.00,51027.00,12512.00,205251.00,856405.00,58960.00
7183,38613.00,30015.00,106674.00,66118.00,30437.00,13111.00,239724.00,826658.00,106248.00
7184,34809.00,27046.00,95427.00,58849.00,81310.00,12532.00,205256.00,834220.00,54622.00
7185,35640.00,27642.00,97791.00,65471.00,57290.00,12567.00,208873.00,787598.00,65615.00
7186,31800.00,24510.00,113778.00,58758.00,53151.00,13081.00,216047.00,828658.00,57616.00
7187,37577.00,29247.00,102858.00,55617.00,30444.00,13193.00,224232.00,875229.00,57924.00
7188,34664.00,37573.00,99104.00,53508.00,51077.00,12520.00,233636.00,808919.00,66412.00
7189,31737.00,24373.00,87199.00,53503.00,58317.00,12577.00,205257.00,793359.00,54544.00
7190,35736.00,27672.00,98793.00,52753.00,28869.00,12531.00,205271.00,794481.00,76783.00
7191,31851.00,24611.00,105824.00,75553.00,72886.00,13702.00,222089.00,818363.00,64548.00
7192,31741.00,24472.00,87011.00,53594.00,51680.00,12464.00,205241.00,794110.00,54587.00
7193,35894.00,27662.00,98317.00,65883.00,51638.00,12504.00,205272.00,793803.00,64482.00
7194,31820.00,24539.00,86881.00,56276.00,51268.00,12573.00,205286.00,790103.00,71683.00
7195,31806.00,24691.00,86906.00,53594.00,50568.00,12609.00,205523.00,839303.00,67499.00
7196,35658.00,27780.00,111533.00,66193.00,51264.00,12606.00,226200.00,858167.00,67720.00
7197,31752.00,24548.00,86785.00,53630.00,51180.00,12513.00,205265.00,849338.00,54748.00
7198,35775.00,27624.00,97886.00,52765.00,29010.00,12555.00,205270.00,793476.00,65227.00
7199,31734.00,24649.00,104888.00,58796.00,67156.00,13580.00,226622.00,879381.00,81149.00
7200,34911.00,27030.00,95789.00,82425.00,58428.00,13133.00,236442.00,880247.00,54633.00
7201,43212.00,27558.00,102645.00,77357.00,51847.00,12532.00,232551.00,805324.00,70792.00
7202,31674.00,24679.00,87220.00,53443.00,67472.00,12575.00,205271.00,845565.00,59065.00
7203,38547.00,30001.00,105513.00,70063.00,56804.00,13577.00,233534.00,808018.00,65098.00
7204,31711.00,24678.00,89935.00,53533.00,51125.00,12503.00,205257.00,793824.00,54668.00
7205,35716.00,27551.00,98240.00,52837.00,28805.00,12509.00,205257.00,793423.00,54530.00
7206,35798.00,27778.00,111562.00,67381.00,50737.00,12600.00,208484.00,786748.00,65426.00
7207,31644.00,24585.00,89959.00,53459.00,50768.00,12623.00,205067.00,793130.00,54745.00
7208,35560.00,27679.00,97800.00,52702.00,28944.00,12543.00,205102.00,793298.00,54462.00
7209,35755.00,27572.00,110545.00,67132.00,51325.00,12516.00,208378.00,789091.00,68979.00
7210,31671.00,24512.00,89608.00,53512.00,61595.00,12637.00,205099.00,905745.00,54659.00
7211,35599.00,27617.00,97913.00,52822.00,28869.00,12514.00,205030.00,839208.00,59336.00
7212,35604.00,39389.00,98380.00,69922.00,62919.00,15820.00,205318.00,821468.00,84099.00
7213,34782.00,27066.00,95267.00,58781.00,73008.00,23784.00,205444.00,823937.00,54558.00
7214,35663.00,27741.00,98118.00,77241.00,57957.00,12507.00,208525.00,787447.00,66157.00
7215,31579.00,24562.00,89630.00,53674.00,57852.00,12540.00,205250.00,793699.00,54538.00
7216,35803.00,27759.00,98912.00,52842.00,28776.00,12589.00,205244.00,793392.00,54560.00
7217,35426.00,27695.00,102733.00,74512.00,51272.00,12514.00,208379.00,787463.00,66311.00
7218,31755.00,24589.00,90057.00,53525.00,55925.00,12550.00,205267.00,793641.00,54683.00
7219,35657.00,27549.00,98050.00,52861.00,28791.00,12524.00,205265.00,793522.00,54666.00
7220,35632.00,27774.00,111452.00,67432.00,55215.00,12505.00,243950.00,827661.00,65988.00
7221,35075.00,24563.00,86881.00,53605.00,53332.00,12532.00,205257.00,793587.00,54469.00
7222,35394.00,27509.00,97866.00,52737.00,28941.00,12512.00,205262.00,793408.00,54532.00
7223,35552.00,27531.00,115936.00,66611.00,50816.00,12526.00,208367.00,787092.00,74888.00
7224,31836.00,27260.00,109079.00,58854.00,52966.00,13218.00,221366.00,878983.00,54567.00
7225,35674.00,27634.00,97496.00,52864.00,28881.00,12545.00,205406.00,841714.00,65532.00
7226,31727.00,24583.00,87267.00,53539.00,74505.00,13215.00,226255.00,789609.00,65345.00
7227,31831.00,24743.00,87198.00,53619.00,52173.00,12619.00,205260.00,793394.00,54530.00
7228,35782.00,27628.00,98696.00,65072.00,58584.00,12544.00,205279.00,792487.00,66465.00
7229,31689.00,24606.00,86982.00,56960.00,57826.00,12544.00,205647.00,790969.00,64641.00
7230,31737.00,24400.00,87742.00,53412.00,59710.00,12567.00,204995.00,793537.00,54593.00
7231,35707.00,27670.00,97831.00,65306.00,56202.00,12473.00,205261.00,790948.00,66345.00
7232,31704.00,24612.00,86712.00,56321.00,50766.00,12527.00,205633.00,790260.00,65421.00
7233,31634.00,24586.00,87834.00,53596.00,51559.00,12608.00,205161.00,794154.00,54607.00
7234,35843.00,27652.00,97825.00,65498.00,52528.00,12522.00,205126.00,792837.00,64581.00
7235,31653.00,24539.00,86861.00,56283.00,50738.00,12521.00,205253.00,790117.00,65627.00
7236,31737.00,24553.00,86452.00,53543.00,51929.00,12514.00,205280.00,884771.00,54486.00
7237,35882.00,27657.00,112909.00,67577.00,50821.00,12545.00,207606.00,787806.00,65387.00
7238,34580.00,24509.00,87202.00,53575.00,57209.00,12528.00,205442.00,818938.00,57464.00
7239,37622.00,29050.00,109093.00,52765.00,28852.00,12619.00,205285.00,793879.00,54739.00
7240,44776.00,27593.00,102188.00,66331.00,51945.00,12719.00,208505.00,787007.00,65555.00
7241,31695.00,27231.00,86640.00,53534.00,50875.00,12591.00,205256.00,793435.00,54454.00
7242,35663.00,27463.00,98113.00,52810.00,28749.00,12544.00,205268.00,793414.00,54458.00
7243,35673.00,27663.00,112230.00,67412.00,59488.00,12483.00,208481.00,787947.00,64516.00
7244,31657.00,27215.00,87376.00,53632.00,51483.00,12554.00,205703.00,793373.00,54740.00
7245,35658.00,27701.00,98070.00,52790.00,28857.00,12487.00,205488.00,793615.00,54765.00
7246,45144.00,27658.00,102486.00,66361.00,50677.00,12615.00,208647.00,787419.00,64634.00
7247,31810.00,27147.00,87040.00,53521.00,51096.00,12566.00,205250.00,793683.00,54506.00
7248,35968.00,27757.00,98561.00,52692.00,28865.00,12518.00,205248.00,816050.00,57594.00
7249,46322.00,29181.00,115620.00,67977.00,68946.00,12497.00,249710.00,849991.00,64943.00
7250,31798.00,24646.00,86814.00,53525.00,58475.00,12629.00,205254.00,794013.00,54565.00
7251,35650.00,27635.00,98119.00,55072.00,57080.00,12465.00,205270.00,837408.00,65476.00
7252,31801.00,24726.00,86994.00,56047.00,51275.00,12586.00,205608.00,790259.00,65220.00
7253,31705.00,24426.00,87072.00,70214.00,53435.00,13137.00,216079.00,806392.00,54495.00
7254,35914.00,27700.00,111359.00,67338.00,50747.00,12504.00,209066.00,787293.00,71185.00
7255,31730.00,24586.00,90020.00,53550.00,52003.00,12589.00,205238.00,793335.00,54529.00
7256,35590.00,27536.00,98685.00,52744.00,28867.00,12482.00,205304.00,793710.00,54693.00
7257,35614.00,27591.00,111516.00,71193.00,50778.00,12583.00,208417.00,787834.00,66287.00
7258,31714.00,24620.00,90004.00,53463.00,54013.00,12512.00,205578.00,793514.00,54621.00
7259,35538.00,27607.00,98075.00,52845.00,28983.00,12596.00,205555.00,793122.00,54790.00
7260,35608.00,27522.00,111806.00,66585.00,51970.00,12473.00,208364.00,817579.00,69907.00
7261,38410.00,26938.00,96047.00,75545.00,61269.00,13586.00,221909.00,863245.00,57621.00
7262,35794.00,38762.00,97701.00,52714.00,28930.00,12702.00,205493.00,792917.00,75086.00
7263,31665.00,24522.00,86986.00,53580.00,51774.00,15607.00,205276.00,788487.00,96165.00
7264,34750.00,26984.00,96162.00,58683.00,53772.00,13190.00,215634.00,835717.00,54609.00
7265,35797.00,27568.00,97400.00,65097.00,51815.00,12525.00,205297.00,791812.00,65163.00
7266,31765.00,24554.00,86597.00,73520.00,52709.00,13293.00,216246.00,826576.00,70320.00
7267,34897.00,26897.00,104995.00,53424.00,54183.00,12737.00,205320.00,835708.00,57416.00
7268,37503.00,29320.00,132001.00,72160.00,60807.00,12474.00,207885.00,787487.00,67430.00
7269,31682.00,24583.00,87368.00,53526.00,51484.00,12525.00,205259.00,793273.00,54537.00
7270,35756.00,27649.00,98156.00,52789.00,28774.00,12600.00,205280.00,793521.00,54614.00
7271,42160.00,27796.00,102675.00,66204.00,50519.00,12611.00,208388.00,787003.00,67465.00
7272,31760.00,24472.00,87202.00,53559.00,51142.00,12541.00,205263.00,813539.00,57500.00
7273,37483.00,29168.00,102241.00,65313.00,28854.00,12512.00,224071.00,865316.00,116036.00
7274,31611.00,24559.00,87928.00,55723.00,52421.00,12624.00,205281.00,790179.00,66098.00
7275,31727.00,24665.00,86943.00,53602.00,52091.00,12565.00,205098.00,794001.00,54667.00
7276,35705.00,27679.00,97869.00,65149.00,52468.00,12528.00,205231.00,839938.00,88871.00
7277,31670.00,24597.00,90563.00,53565.00,54192.00,12555.00,205285.00,793447.00,54364.00
7278,35655.00,27834.00,97848.00,52903.00,28873.00,12562.00,205271.00,793461.00,54500.00
7279,35458.00,27683.00,111511.00,67860.00,58821.00,12559.00,208448.00,787477.00,64651.00
7280,31741.00,24780.00,89766.00,53492.00,50613.00,12542.00,205262.00,793472.00,54580.00
7281,35926.00,27713.00,98404.00,52824.00,28814.00,12494.00,205296.00,793630.00,54588.00
7282,35776.00,27511.00,112584.00,66792.00,50866.00,12538.00,208405.00,787635.00,64502.00
7283,31646.00,24647.00,90229.00,53613.00,55055.00,12590.00,205620.00,793694.00,54781.00
7284,35585.00,27516.00,98520.00,52788.00,28838.00,12564.00,205611.00,793707.00,54724.00
7285,35816.00,27715.00,111221.00,67372.00,50468.00,12535.00,208425.00,860158.00,70835.00
7286,43954.00,30271.00,87094.00,53559.00,51267.00,12573.00,205108.00,819927.00,75125.00
7287,38713.00,29934.00,113293.00,55535.00,30415.00,13231.00,216454.00,831481.00,72921.00
7288,31708.00,24650.00,87227.00,53641.00,56753.00,12653.00,205118.00,789452.00,64480.00
7289,31609.00,24629.00,87597.00,53629.00,52808.00,12538.00,205522.00,794119.00,54605.00
7290,35729.00,27742.00,98432.00,52800.00,28871.00,12570.00,205404.00,793844.00,63863.00
7291,31610.00,24686.00,87090.00,53503.00,51184.00,12524.00,208387.00,787535.00,70901.00
7292,31835.00,24730.00,87413.00,53537.00,52562.00,12716.00,205442.00,793548.00,54580.00
7293,35711.00,27763.00,98283.00,52697.00,28889.00,12511.00,205428.00,793284.00,55685.00
7294,31565.00,34554.00,86893.00,53594.00,51315.00,12549.00,208402.00,787731.00,68174.00
7295,31808.00,24575.00,86856.00,53578.00,51711.00,12539.00,205252.00,793165.00,54491.00
7296,35740.00,27602.00,99058.00,52940.00,28857.00,12533.00,205279.00,793524.00,54465.00
7297,43432.00,27540.00,102657.00,67676.00,51935.00,12599.00,208372.00,787196.00,67737.00
7298,31858.00,24686.00,87162.00,73866.00,53718.00,13151.00,225218.00,874422.00,54660.00
7299,35451.00,27559.00,98092.00,52903.00,28894.00,12608.00,205577.00,800891.00,65510.00
7300,31591.00,24778.00,87184.00,53604.00,53888.00,12579.00,205284.00,789693.00,65647.00
7301,31552.00,24543.00,86900.00,53492.00,56023.00,12537.00,205272.00,826413.00,66697.00
7302,35764.00,27704.00,98370.00,52807.00,28843.00,12549.00,223415.00,819048.00,64592.00
7303,31771.00,24500.00,87069.00,56428.00,56695.00,12539.00,205249.00,789957.00,72843.00
7304,31737.00,24505.00,87161.00,53547.00,51269.00,12483.00,205240.00,793515.00,54761.00
7305,35919.00,27792.00,98305.00,65237.00,52511.00,12557.00,205470.00,793634.00,64848.00
7306,31728.00,24587.00,87458.00,56328.00,51000.00,12530.00,205431.00,790331.00,66527.00
7307,31825.00,24545.00,86797.00,53537.00,52391.00,12541.00,205279.00,793876.00,54575.00
7308,35879.00,27648.00,98200.00,65187.00,52552.00,12596.00,205293.00,794066.00,65612.00
7309,31698.00,24467.00,87783.00,56261.00,51440.00,12554.00,205263.00,790117.00,64765.00
7310,31586.00,24527.00,86426.00,53589.00,52061.00,12518.00,205276.00,890055.00,54806.00
7311,35762.00,27533.00,112535.00,67035.00,50537.00,12532.00,207622.00,787645.00,65364.00
7312,31785.00,24600.00,90080.00,53484.00,50988.00,12441.00,205259.00,793282.00,54528.00
7313,35703.00,27754.00,98369.00,52804.00,28888.00,12492.00,205238.00,793495.00,54645.00
7314,35745.00,27580.00,113034.00,66413.00,51487.00,12609.00,227102.00,809602.00,65710.00
7315,50647.00,24699.00,95650.00,58742.00,52590.00,13183.00,220813.00,793075.00,54477.00
7316,35610.00,27515.00,98134.00,52704.00,28868.00,12584.00,205271.00,793543.00,54550.00
7317,42858.00,27617.00,102699.00,68368.00,50906.00,12515.00,230846.00,807516.00,80681.00
7318,31695.00,24618.00,87041.00,53641.00,51220.00,12509.00,205264.00,793402.00,54450.00
7319,35513.00,27689.00,98431.00,52816.00,29017.00,12492.00,205254.00,793373.00,64939.00
7320,31726.00,24646.00,87730.00,53575.00,51525.00,12608.00,208349.00,787418.00,67231.00
7321,31849.00,24521.00,87027.00,53544.00,51520.00,12500.00,205229.00,793788.00,54596.00
7322,35696.00,27705.00,98455.00,52790.00,28838.00,12500.00,205269.00,815482.00,59122.00
7323,34659.00,37308.00,119184.00,91142.00,99869.00,13388.00,236682.00,846033.00,69704.00
7324,34818.00,26963.00,95783.00,64303.00,59286.00,12621.00,205276.00,792891.00,54677.00
7325,35643.00,27629.00,114574.00,67540.00,50323.00,12603.00,228567.00,810679.00,65259.00
7326,49677.00,27123.00,95531.00,58881.00,59159.00,13136.00,217703.00,824012.00,57680.00
7327,37689.00,29046.00,102695.00,72416.00,31205.00,13587.00,221707.00,855395.00,64852.00
7328,31776.00,24481.00,87248.00,56698.00,64624.00,13293.00,234224.00,877994.00,71561.00
7329,34673.00,27115.00,98148.00,73589.00,55425.00,13205.00,237311.00,888760.00,91919.00
7330,34720.00,27139.00,95683.00,90486.00,53525.00,13256.00,226514.00,796729.00,54869.00
7331,35618.00,27631.00,97497.00,52833.00,28930.00,12564.00,205351.00,793327.00,54663.00
7332,35921.00,27541.00,99107.00,76800.00,50615.00,12486.00,208256.00,787269.00,64634.00
7333,31834.00,24562.00,89398.00,53562.00,51966.00,12580.00,205266.00,791419.00,70214.00
7334,31480.00,24629.00,86867.00,53615.00,59793.00,12544.00,205251.00,852756.00,69475.00
7335,37568.00,29126.00,123526.00,66126.00,50709.00,12544.00,208766.00,820711.00,73686.00
7336,34910.00,26867.00,97675.00,53589.00,51322.00,12554.00,205252.00,793454.00,54521.00
7337,35794.00,27685.00,97785.00,52814.00,28819.00,12502.00,205286.00,794392.00,54606.00
7338,31507.00,36757.00,102497.00,66874.00,51087.00,12562.00,208395.00,788465.00,67320.00
7339,31582.00,24483.00,87388.00,53645.00,56248.00,12640.00,205273.00,823364.00,57448.00
7340,47154.00,28949.00,97527.00,52778.00,28950.00,12570.00,205097.00,792940.00,66568.00
7341,31723.00,24588.00,86753.00,53575.00,51106.00,12480.00,208671.00,787811.00,67921.00
7342,31685.00,24458.00,86999.00,53595.00,51520.00,12520.00,205274.00,811317.00,57412.00
7343,37735.00,29040.00,102888.00,55548.00,30349.00,13200.00,223708.00,793508.00,83093.00
7344,34992.00,26978.00,96446.00,58894.00,64528.00,13227.00,223021.00,805951.00,80466.00
7345,34991.00,26966.00,94959.00,58921.00,66724.00,13126.00,216039.00,807790.00,54583.00
7346,35793.00,27682.00,110456.00,76737.00,51873.00,12467.00,208549.00,851675.00,72189.00
7347,38346.00,26983.00,96028.00,58858.00,64957.00,13198.00,262836.00,822691.00,54544.00
7348,35654.00,27736.00,97635.00,52773.00,29001.00,12448.00,205372.00,793381.00,63809.00
7349,31806.00,24639.00,87810.00,53589.00,78174.00,16732.00,216298.00,825972.00,65192.00
7350,31796.00,24457.00,86734.00,53558.00,56609.00,12508.00,205231.00,793416.00,54751.00
7351,35761.00,27732.00,98761.00,52822.00,28778.00,12602.00,205274.00,801140.00,74385.00
7352,31829.00,24551.00,87165.00,53514.00,54116.00,28968.00,216151.00,833288.00,57529.00
7353,37704.00,28988.00,108387.00,52913.00,28882.00,12567.00,205451.00,793118.00,54583.00
7354,35729.00,27689.00,97744.00,65073.00,50493.00,12569.00,205255.00,792895.00,65483.00
7355,31692.00,24513.00,86799.00,56136.00,60381.00,12607.00,205606.00,790143.00,65377.00
7356,31663.00,24564.00,88502.00,53497.00,51827.00,12515.00,205246.00,794060.00,54548.00
7357,35459.00,27718.00,97981.00,67072.00,51437.00,12562.00,205249.00,792735.00,64695.00
7358,31965.00,24554.00,86864.00,56302.00,50837.00,12612.00,205299.00,790250.00,65586.00
7359,31920.00,24530.00,86745.00,53576.00,51092.00,12557.00,252719.00,833092.00,54764.00
7360,35837.00,27470.00,112976.00,66280.00,51018.00,12607.00,208404.00,787288.00,65869.00
7361,31618.00,24549.00,90544.00,53584.00,59967.00,12534.00,205310.00,793540.00,54644.00
7362,35758.00,27687.00,97998.00,52748.00,28921.00,12506.00,205267.00,793594.00,54699.00
7363,35795.00,27637.00,113174.00,65999.00,51013.00,12595.00,208247.00,787344.00,64429.00
7364,31749.00,24551.00,89890.00,53650.00,51048.00,12498.00,205275.00,818721.00,57523.00
7365,37458.00,29086.00,110445.00,52815.00,28856.00,12534.00,205424.00,792828.00,54707.00
7366,35787.00,27889.00,111999.00,76530.00,50892.00,12541.00,208567.00,787207.00,64573.00
7367,31698.00,27231.00,87948.00,53682.00,52385.00,12524.00,205251.00,793370.00,54599.00
7368,35718.00,27725.00,98211.00,52685.00,28821.00,12571.00,205244.00,794044.00,54416.00
7369,45312.00,27661.00,102462.00,67156.00,56789.00,12596.00,208217.00,786984.00,65680.00
7370,31650.00,27358.00,87154.00,53409.00,53777.00,12540.00,205269.00,793422.00,54533.00
7371,35602.00,27556.00,98690.00,52725.00,28929.00,12566.00,205275.00,827313.00,57788.00
7372,35538.00,55353.00,141699.00,80978.00,71471.00,23755.00,205537.00,790465.00,65546.00
7373,31614.00,24455.00,87193.00,53533.00,51100.00,12592.00,205047.00,793911.00,54545.00
7374,35596.00,27700.00,97594.00,52852.00,28878.00,12610.00,205113.00,801158.00,65855.00
7375,31652.00,24583.00,86995.00,53486.00,54641.00,12586.00,205259.00,789911.00,64488.00
7376,31638.00,24523.00,87159.00,53584.00,50929.00,12452.00,205286.00,793376.00,54701.00
7377,35650.00,27659.00,98348.00,52738.00,28889.00,12581.00,205283.00,838190.00,73590.00
7378,31695.00,24550.00,87266.00,53620.00,69453.00,23455.00,205251.00,790588.00,64525.00
7379,31742.00,24551.00,86723.00,53641.00,52089.00,12480.00,205284.00,793586.00,54587.00
7380,35534.00,27729.00,98781.00,52834.00,64390.00,12547.00,205309.00,797059.00,66612.00
7381,31708.00,24519.00,87108.00,56062.00,59696.00,12610.00,205233.00,790364.00,65194.00
7382,31758.00,24543.00,86975.00,53593.00,52537.00,12598.00,205132.00,793410.00,54574.00
7383,35681.00,27656.00,97801.00,53929.00,62232.00,12472.00,205266.00,796263.00,83461.00
7384,35605.00,43426.00,101908.00,60297.00,54208.00,13546.00,238290.00,793324.00,54528.00
7385,35836.00,27692.00,98779.00,52713.00,28759.00,12513.00,205273.00,793838.00,54654.00
7386,35596.00,27434.00,111902.00,66698.00,55291.00,12448.00,208382.00,787563.00,65522.00
7387,31612.00,24704.00,89904.00,53534.00,61609.00,12561.00,205282.00,793487.00,54470.00
7388,35478.00,27649.00,97956.00,52723.00,28833.00,12521.00,205291.00,793669.00,54483.00
7389,35706.00,27555.00,111706.00,66949.00,51053.00,12588.00,208605.00,803990.00,71555.00
7390,34847.00,26866.00,98989.00,58796.00,55235.00,13315.00,225432.00,827409.00,54823.00
7391,35742.00,27568.00,97976.00,52792.00,28880.00,12533.00,205498.00,835432.00,54882.00
7392,31778.00,36199.00,87222.00,53504.00,50870.00,12650.00,208145.00,787041.00,67997.00
7393,31804.00,24509.00,87212.00,53573.00,53040.00,12623.00,205246.00,793245.00,54619.00
7394,35612.00,27622.00,98259.00,52800.00,28951.00,12542.00,205276.00,793448.00,54746.00
7395,42641.00,27948.00,102131.00,66801.00,51074.00,12480.00,208374.00,867671.00,64361.00
7396,31834.00,24570.00,87107.00,53593.00,50872.00,12475.00,205265.00,919300.00,54816.00
7397,35655.00,27717.00,100289.00,73798.00,50557.00,12585.00,225043.00,815147.00,64399.00
7398,31696.00,24477.00,90080.00,53621.00,50381.00,12555.00,205271.00,793567.00,54546.00
7399,35774.00,27681.00,98599.00,52611.00,28849.00,12474.00,205249.00,793662.00,54694.00
7400,35853.00,27514.00,112900.00,69244.00,51839.00,12551.00,208350.00,787838.00,66602.00
7401,31728.00,24552.00,107931.00,58807.00,52697.00,13213.00,225201.00,794111.00,54816.00
7402,35545.00,27601.00,97154.00,52789.00,28821.00,12503.00,205571.00,793781.00,54824.00
7403,35500.00,27654.00,114141.00,67507.00,56042.00,12547.00,230266.00,806304.00,68745.00
7404,31765.00,24607.00,86969.00,53476.00,51594.00,12506.00,205297.00,793658.00,54708.00
7405,35721.00,27740.00,98461.00,52674.00,28954.00,12515.00,205272.00,793173.00,54624.00
7406,42205.00,27739.00,102229.00,67693.00,51104.00,12595.00,208500.00,852470.00,97871.00
7407,35750.00,27757.00,98501.00,60213.00,71225.00,13268.00,239036.00,866907.00,84387.00
7408,38583.00,45502.00,124497.00,94354.00,59439.00,13176.00,261711.00,834483.00,64422.00
7409,31630.00,24526.00,86445.00,53435.00,51645.00,12570.00,205227.00,830223.00,67475.00
7410,35587.00,27770.00,98180.00,65226.00,50755.00,12556.00,205289.00,838203.00,64435.00
7411,31631.00,24619.00,90742.00,53563.00,50837.00,12548.00,205265.00,793392.00,54524.00
7412,35715.00,27750.00,98095.00,52792.00,28857.00,12543.00,205312.00,793326.00,54536.00
7413,35481.00,27711.00,110788.00,69273.00,51029.00,12539.00,208348.00,787396.00,65215.00
7414,31522.00,24659.00,89710.00,53518.00,60991.00,12584.00,205058.00,794320.00,54598.00
7415,35796.00,27593.00,97966.00,52866.00,28885.00,12603.00,205087.00,836367.00,54732.00
7416,35830.00,27669.00,112762.00,67809.00,51828.00,12591.00,208205.00,787103.00,65102.00
7417,34583.00,24581.00,87228.00,53577.00,61807.00,12532.00,205259.00,841376.00,59109.00
7418,38751.00,29824.00,105728.00,57130.00,31174.00,13576.00,240618.00,794029.00,64924.00
7419,31939.00,24525.00,87503.00,53487.00,50646.00,12533.00,208510.00,807646.00,73085.00
7420,35788.00,43511.00,98530.00,60235.00,64077.00,13185.00,218800.00,925359.00,78362.00
7421,35797.00,27872.00,112078.00,66916.00,60311.00,12568.00,208777.00,787665.00,76213.00
7422,31807.00,27438.00,87241.00,53472.00,50700.00,12645.00,205142.00,793477.00,54519.00
7423,35623.00,27800.00,96962.00,52834.00,28887.00,12546.00,204998.00,840537.00,54686.00
7424,35603.00,27694.00,98344.00,55044.00,60805.00,12518.00,207986.00,787121.00,64673.00
7425,31807.00,26375.00,87041.00,53541.00,51755.00,12608.00,205264.00,792562.00,54507.00
7426,35662.00,27645.00,98372.00,52838.00,28867.00,12542.00,205262.00,793387.00,54555.00
7427,44522.00,27578.00,102583.00,66428.00,50783.00,12533.00,208033.00,787197.00,64747.00
7428,49504.00,27562.00,95721.00,58751.00,55175.00,13192.00,220305.00,793382.00,54602.00
7429,35617.00,27669.00,97962.00,52769.00,28775.00,12573.00,205462.00,845451.00,79773.00
7430,45377.00,43217.00,95939.00,68747.00,69112.00,13189.00,216072.00,827672.00,71305.00
7431,34671.00,27052.00,104260.00,53644.00,52552.00,12593.00,205270.00,824983.00,66715.00
7432,35607.00,27679.00,113440.00,66867.00,51365.00,12538.00,208024.00,892980.00,88092.00
7433,31840.00,24548.00,87084.00,53527.00,51015.00,12599.00,205036.00,793616.00,54664.00
7434,35783.00,27500.00,97758.00,52800.00,28889.00,12511.00,205157.00,793697.00,64510.00
7435,31762.00,24564.00,87838.00,53513.00,50800.00,12545.00,208321.00,786992.00,67233.00
7436,31692.00,24596.00,86978.00,53708.00,50782.00,12600.00,205500.00,793442.00,54930.00
7437,35558.00,27651.00,97771.00,52750.00,28934.00,12550.00,205522.00,793382.00,54734.00
7438,31642.00,37023.00,102509.00,68761.00,50865.00,12561.00,208543.00,787586.00,67338.00
7439,31859.00,24667.00,87036.00,53614.00,51234.00,12530.00,205458.00,793480.00,54849.00
7440,35638.00,27620.00,97581.00,52730.00,28937.00,12539.00,205488.00,839005.00,55525.00
7441,31823.00,34860.00,86319.00,53620.00,51713.00,12522.00,207932.00,786896.00,69068.00
7442,31698.00,24668.00,87341.00,53587.00,51474.00,12505.00,205259.00,793477.00,54515.00
7443,35703.00,27589.00,98191.00,52794.00,28828.00,12589.00,205270.00,793107.00,54640.00
7444,41546.00,27771.00,102466.00,67030.00,50339.00,12480.00,208393.00,787126.00,68015.00
7445,31672.00,24605.00,87284.00,53573.00,60679.00,12647.00,250439.00,838412.00,54757.00
7446,35658.00,27504.00,97915.00,52867.00,28841.00,12606.00,205340.00,802258.00,64510.00
7447,31724.00,24563.00,87149.00,53583.00,54140.00,12560.00,205271.00,791440.00,64542.00
7448,31672.00,24764.00,86888.00,53601.00,51891.00,12623.00,205262.00,793742.00,54632.00
7449,35645.00,27661.00,98739.00,52803.00,28926.00,12618.00,205298.00,793023.00,64132.00
7450,31715.00,24526.00,87198.00,53568.00,51993.00,12587.00,208494.00,787278.00,69150.00
7451,31724.00,24612.00,86854.00,53560.00,51775.00,12592.00,204983.00,793297.00,54829.00
7452,35900.00,27743.00,98165.00,52727.00,28850.00,12629.00,205092.00,794011.00,55042.00
7453,31866.00,35487.00,87295.00,53570.00,51107.00,12482.00,231064.00,806830.00,67735.00
7454,31750.00,24639.00,86941.00,53542.00,51658.00,12433.00,205267.00,793809.00,54536.00
7455,35710.00,27761.00,97816.00,52737.00,28923.00,12460.00,205263.00,793423.00,55341.00
7456,31824.00,35148.00,87318.00,53604.00,50677.00,12483.00,208387.00,786846.00,69434.00
7457,31857.00,24718.00,87209.00,53509.00,51441.00,12476.00,205255.00,825148.00,65300.00
7458,35745.00,27699.00,97575.00,52807.00,28831.00,12551.00,248903.00,836005.00,64636.00
7459,31760.00,24664.00,86764.00,53585.00,54480.00,12582.00,205291.00,790022.00,65034.00
7460,31621.00,24587.00,87072.00,53583.00,52634.00,12544.00,205249.00,793492.00,54580.00
7461,35753.00,27577.00,97844.00,52738.00,28808.00,12462.00,205258.00,794463.00,75892.00
7462,31860.00,24621.00,87118.00,53554.00,50444.00,12621.00,208365.00,789219.00,70175.00
7463,31739.00,24539.00,87389.00,53570.00,58740.00,12635.00,205042.00,793764.00,54614.00
7464,35861.00,27804.00,97460.00,52727.00,28940.00,12498.00,205083.00,793204.00,64567.00
7465,31664.00,24707.00,87244.00,53576.00,56996.00,12560.00,208099.00,788877.00,85062.00
7466,34818.00,27092.00,95643.00,58839.00,53137.00,13153.00,217566.00,820330.00,54779.00
7467,35860.00,27544.00,97515.00,52787.00,28883.00,12599.00,205386.00,802289.00,65768.00
7468,31868.00,24537.00,87107.00,53549.00,54553.00,12520.00,205255.00,790283.00,64651.00
7469,31669.00,24568.00,86610.00,53587.00,51690.00,12579.00,205271.00,793584.00,54520.00
7470,35761.00,27691.00,98906.00,52842.00,28850.00,12519.00,251814.00,846259.00,64391.00
7471,31590.00,24523.00,86826.00,55808.00,53998.00,12541.00,205265.00,790918.00,64365.00
7472,31841.00,24587.00,87722.00,53614.00,50829.00,12536.00,205275.00,793190.00,54601.00
7473,35586.00,27698.00,98148.00,64811.00,50830.00,12553.00,205247.00,796145.00,65510.00
7474,31852.00,24664.00,86525.00,56312.00,50490.00,12568.00,205060.00,790094.00,65935.00
7475,31756.00,24597.00,104019.00,58732.00,56801.00,13202.00,226004.00,793570.00,54651.00
7476,35512.00,27617.00,100122.00,79514.00,51071.00,12590.00,208317.00,787489.00,66363.00
7477,31641.00,24630.00,89883.00,53592.00,57215.00,12569.00,205270.00,793088.00,54538.00
7478,35649.00,27708.00,98484.00,52801.00,28880.00,12546.00,205276.00,836715.00,54675.00
7479,35744.00,27607.00,111496.00,70353.00,50933.00,12559.00,226766.00,799892.00,64639.00
7480,34381.00,24608.00,87419.00,53579.00,50743.00,12562.00,205267.00,793437.00,54605.00
7481,35706.00,27634.00,97536.00,52852.00,28827.00,12479.00,205270.00,793315.00,54567.00
7482,35841.00,27736.00,113531.00,66274.00,53413.00,12533.00,208238.00,854319.00,83246.00
7483,34851.00,27033.00,113207.00,60264.00,54482.00,23716.00,218701.00,833288.00,54736.00
7484,35544.00,27588.00,97228.00,52715.00,28915.00,12555.00,205490.00,861690.00,71207.00
7485,34695.00,26967.00,98781.00,58774.00,70150.00,12635.00,205094.00,820904.00,57465.00
7486,37624.00,29026.00,103591.00,64005.00,28829.00,12455.00,205263.00,854154.00,57500.00
7487,37638.00,29122.00,124375.00,99141.00,57596.00,13598.00,226226.00,854904.00,70391.00
7488,50982.00,27025.00,97937.00,60182.00,53682.00,13470.00,221906.00,914018.00,58901.00
7489,38770.00,29890.00,133914.00,93920.00,52485.00,13245.00,218974.00,912626.00,71186.00
7490,34728.00,26975.00,105245.00,53598.00,51398.00,12548.00,205458.00,854803.00,54740.00
7491,35829.00,27635.00,114064.00,68087.00,50641.00,12520.00,230509.00,801398.00,67526.00
7492,31730.00,24761.00,87269.00,53675.00,56185.00,12577.00,231525.00,850297.00,54526.00
7493,35686.00,27701.00,97974.00,52820.00,28947.00,12587.00,205343.00,793161.00,73649.00
7494,31915.00,24539.00,87605.00,73019.00,96000.00,13700.00,221898.00,848036.00,81490.00
7495,34926.00,26865.00,95343.00,58789.00,76182.00,13545.00,281973.00,825736.00,65854.00
7496,31868.00,24573.00,86926.00,53537.00,50803.00,12616.00,208317.00,787051.00,72174.00
7497,31864.00,24578.00,87317.00,53502.00,51020.00,12525.00,205258.00,793727.00,54556.00
7498,35568.00,27596.00,98720.00,52717.00,28848.00,12527.00,205270.00,793411.00,54669.00
7499,42024.00,27568.00,102340.00,66212.00,51021.00,12504.00,208401.00,787313.00,67636.00
7500,31782.00,24609.00,86722.00,53551.00,51517.00,12474.00,205269.00,793695.00,54504.00
7501,35579.00,27687.00,98264.00,52724.00,28881.00,12482.00,205235.00,793837.00,54668.00
7502,42666.00,27742.00,102435.00,80591.00,54490.00,12525.00,233963.00,852575.00,65715.00
7503,31832.00,24609.00,87776.00,53611.00,51846.00,12610.00,205258.00,838311.00,54733.00
7504,35834.00,27647.00,97514.00,54794.00,59299.00,12517.00,205281.00,825524.00,78106.00
7505,34713.00,26943.00,98365.00,58711.00,53495.00,13223.00,222403.00,793616.00,54581.00
7506,35663.00,27701.00,98210.00,52801.00,28880.00,12451.00,205441.00,919617.00,59120.00
7507,38609.00,29883.00,126037.00,87159.00,81508.00,23763.00,216260.00,803368.00,64608.00
7508,31655.00,24404.00,87382.00,53572.00,51595.00,12505.00,205255.00,794025.00,54565.00
7509,35686.00,27672.00,98177.00,54208.00,61177.00,12566.00,205249.00,797640.00,65776.00
7510,31721.00,24660.00,87112.00,56484.00,58485.00,12489.00,205264.00,790182.00,65056.00
7511,31839.00,24495.00,87318.00,53538.00,51958.00,12559.00,205258.00,793691.00,54590.00
7512,35717.00,27688.00,98547.00,55103.00,59057.00,12518.00,205269.00,797406.00,65317.00
7513,31739.00,24665.00,87324.00,56269.00,56000.00,12571.00,205262.00,789751.00,64594.00
7514,31807.00,24576.00,87360.00,53525.00,52697.00,12520.00,205532.00,793457.00,54698.00
7515,35630.00,27670.00,98282.00,65013.00,53044.00,12519.00,205469.00,795114.00,78661.00
7516,31623.00,24596.00,87598.00,72909.00,54043.00,13201.00,216090.00,802150.00,68434.00
7517,31654.00,24571.00,87328.00,53618.00,51907.00,12444.00,205231.00,793845.00,54608.00
7518,35676.00,27694.00,111094.00,66277.00,50926.00,12556.00,208368.00,864744.00,87864.00
7519,31719.00,27592.00,86817.00,53509.00,51531.00,12546.00,205255.00,793518.00,54800.00
7520,35645.00,27597.00,99101.00,52768.00,28768.00,12661.00,205271.00,793402.00,54521.00
7521,35717.00,27495.00,112711.00,66282.00,52573.00,12522.00,208385.00,787440.00,64445.00
7522,31668.00,27590.00,86909.00,53602.00,51523.00,12623.00,205266.00,793222.00,54637.00
7523,35598.00,27572.00,98485.00,52878.00,28840.00,12507.00,205265.00,793534.00,54593.00
7524,35778.00,27691.00,113072.00,67116.00,58316.00,12561.00,208427.00,787377.00,66679.00
7525,31873.00,27339.00,86849.00,53630.00,50500.00,12503.00,205257.00,793249.00,54514.00
7526,35770.00,27597.00,98075.00,52755.00,28875.00,12539.00,205263.00,793985.00,54577.00
7527,35813.00,27527.00,112636.00,76715.00,51425.00,12502.00,208232.00,786833.00,66733.00
7528,31760.00,27285.00,87276.00,53489.00,52348.00,12538.00,205252.00,821896.00,57711.00
7529,46761.00,29149.00,97909.00,52946.00,28805.00,12636.00,205338.00,792860.00,54985.00
7530,31604.00,36035.00,86621.00,53563.00,51748.00,12562.00,208580.00,787517.00,65468.00
7531,31822.00,27205.00,110555.00,58726.00,52357.00,13144.00,237893.00,858622.00,54616.00
7532,35834.00,27624.00,98442.00,52799.00,28843.00,12564.00,205105.00,801222.00,65635.00
7533,31653.00,24455.00,86921.00,53559.00,59839.00,12619.00,205279.00,789711.00,66361.00
7534,31641.00,24544.00,87182.00,53606.00,51476.00,12532.00,205619.00,793153.00,54837.00
7535,35774.00,27730.00,97884.00,52805.00,28872.00,12548.00,205601.00,793272.00,77329.00
7536,31731.00,24733.00,87421.00,53549.00,51016.00,15704.00,205288.00,790615.00,64459.00
7537,31836.00,24607.00,87418.00,53449.00,51295.00,12477.00,205262.00,793657.00,54516.00
7538,35942.00,27661.00,98323.00,52913.00,28897.00,12522.00,205266.00,793760.00,64473.00
7539,31803.00,24542.00,87344.00,53559.00,58860.00,12455.00,208331.00,787001.00,69015.00
7540,31729.00,24542.00,87334.00,53560.00,52368.00,12530.00,205257.00,793381.00,54319.00
7541,35738.00,27474.00,98653.00,52855.00,28808.00,12572.00,205247.00,838215.00,66466.00
7542,31749.00,24595.00,87620.00,53480.00,55692.00,12651.00,208220.00,787673.00,65870.00
7543,31716.00,24662.00,87383.00,53452.00,51312.00,12477.00,205270.00,887021.00,54725.00
7544,35720.00,27657.00,98130.00,52869.00,62485.00,12561.00,205575.00,814671.00,90284.00
7545,35573.00,43341.00,101377.00,60273.00,81081.00,13287.00,218031.00,793211.00,54544.00
7546,35786.00,27724.00,97887.00,52867.00,28745.00,12563.00,205274.00,793614.00,54631.00
7547,35917.00,27720.00,113779.00,67504.00,52103.00,12589.00,208248.00,787087.00,64713.00
7548,31660.00,24575.00,90261.00,53530.00,51624.00,12624.00,205256.00,793426.00,54598.00
7549,35805.00,27577.00,98740.00,52794.00,29003.00,12514.00,205329.00,793425.00,54432.00
7550,35547.00,27637.00,113120.00,66980.00,61056.00,12467.00,208343.00,787798.00,64291.00
7551,31607.00,24499.00,90326.00,53553.00,52251.00,12575.00,205260.00,793593.00,54503.00
7552,35532.00,27609.00,98037.00,52770.00,28854.00,12466.00,205242.00,793359.00,54622.00
7553,35741.00,27846.00,113215.00,66055.00,50850.00,12554.00,208314.00,787382.00,66096.00
7554,31669.00,24627.00,112277.00,58713.00,62644.00,13210.00,223064.00,792767.00,54577.00
7555,35775.00,27723.00,97776.00,52757.00,28967.00,12551.00,205249.00,818014.00,57705.00
7556,45353.00,28940.00,133982.00,113896.00,72673.00,13542.00,221908.00,812527.00,72764.00
7557,31850.00,24584.00,87270.00,53622.00,52339.00,12465.00,205125.00,793672.00,54641.00
7558,35531.00,27617.00,97980.00,66652.00,50797.00,12518.00,205268.00,793034.00,75741.00
7559,31698.00,24513.00,87549.00,56301.00,50810.00,12575.00,205377.00,834119.00,69154.00
7560,31747.00,24567.00,86685.00,53541.00,52531.00,12437.00,222080.00,864523.00,54714.00
7561,36102.00,27834.00,114334.00,67190.00,51210.00,12547.00,208393.00,787495.00,65722.00
7562,31789.00,27420.00,87144.00,53512.00,51203.00,12635.00,205507.00,793623.00,54627.00
7563,35670.00,27580.00,98372.00,52590.00,28824.00,12587.00,205431.00,793119.00,54739.00
7564,45109.00,27622.00,102753.00,78614.00,50941.00,12488.00,208385.00,787379.00,64326.00
7565,31714.00,27313.00,87078.00,53596.00,50713.00,12545.00,205253.00,793705.00,54660.00
7566,35707.00,27642.00,98258.00,52740.00,28750.00,12516.00,205279.00,836798.00,54666.00
7567,43589.00,27633.00,102203.00,68229.00,52058.00,12498.00,238315.00,787347.00,113707.00
7568,35646.00,27639.00,97941.00,60311.00,54272.00,13538.00,233657.00,793904.00,54529.00
7569,35683.00,27701.00,98156.00,65436.00,52420.00,12554.00,205227.00,792082.00,64937.00
7570,31689.00,24584.00,87114.00,56279.00,51772.00,12557.00,205271.00,789621.00,66329.00
7571,31827.00,25428.00,87302.00,53628.00,51547.00,12510.00,205273.00,793740.00,54508.00
7572,35493.00,27666.00,98377.00,65104.00,52574.00,12462.00,205259.00,792640.00,66008.00
7573,31708.00,24533.00,86749.00,56262.00,53127.00,12468.00,205260.00,790033.00,65291.00
7574,31795.00,24599.00,87527.00,53582.00,51495.00,12620.00,205052.00,793374.00,54588.00
7575,35757.00,27563.00,97223.00,65321.00,50904.00,12537.00,205269.00,793547.00,66771.00
7576,31694.00,24504.00,87050.00,56386.00,59162.00,12635.00,205337.00,789937.00,65619.00
7577,31657.00,24507.00,86468.00,53576.00,51042.00,12612.00,205318.00,793363.00,54743.00
7578,35640.00,27639.00,97792.00,65002.00,59359.00,12584.00,205261.00,792002.00,79415.00
7579,48057.00,24675.00,99587.00,58903.00,53168.00,13193.00,216102.00,829309.00,57615.00
7580,35749.00,38261.00,97545.00,52893.00,28850.00,12592.00,205161.00,890352.00,54709.00
7581,41642.00,27654.00,102181.00,78884.00,51117.00,12561.00,208028.00,787119.00,67520.00
7582,31723.00,24730.00,87344.00,53539.00,52224.00,12542.00,205263.00,793346.00,54389.00
7583,35699.00,27785.00,98081.00,52821.00,28839.00,12576.00,205282.00,793081.00,55505.00
7584,31585.00,36101.00,87609.00,53558.00,55961.00,12560.00,208352.00,787379.00,67693.00
7585,31901.00,24654.00,87338.00,53510.00,52166.00,12574.00,205466.00,793309.00,54638.00
7586,35566.00,27665.00,98366.00,52906.00,28864.00,12548.00,205424.00,793328.00,54733.00
7587,42680.00,27669.00,102251.00,66829.00,51790.00,12559.00,208404.00,787260.00,78645.00
7588,31578.00,24708.00,86939.00,53625.00,52942.00,12632.00,205285.00,793184.00,54500.00
7589,35708.00,27664.00,98259.00,52787.00,28840.00,12501.00,205259.00,793626.00,54475.00
7590,42132.00,27596.00,102448.00,67086.00,51987.00,12568.00,208681.00,788040.00,67200.00
7591,31785.00,24563.00,87189.00,53530.00,52033.00,12522.00,205251.00,794006.00,54542.00
7592,35917.00,27645.00,98625.00,52737.00,28944.00,12583.00,205256.00,863086.00,61128.00
7593,34894.00,38932.00,104244.00,53514.00,65776.00,12588.00,205269.00,789924.00,73565.00
7594,31824.00,24589.00,87355.00,53614.00,52001.00,12613.00,205248.00,793713.00,54570.00
7595,35950.00,27659.00,98814.00,52805.00,28880.00,12584.00,205268.00,793569.00,74728.00
7596,31740.00,24550.00,87021.00,53498.00,52924.00,15566.00,205345.00,788274.00,65465.00
7597,31671.00,24659.00,87007.00,53660.00,52963.00,12540.00,205550.00,832024.00,54667.00
7598,35860.00,27700.00,97647.00,52799.00,28857.00,12521.00,205040.00,793901.00,72191.00
7599,31638.00,24562.00,87568.00,53614.00,51962.00,15614.00,205359.00,791034.00,65305.00
7600,31985.00,24680.00,86530.00,53513.00,52276.00,12506.00,205286.00,793996.00,54478.00
7601,35619.00,27664.00,98262.00,52787.00,28893.00,12494.00,205256.00,793475.00,64195.00
7602,31645.00,24496.00,87412.00,53470.00,51286.00,12488.00,208375.00,787184.00,67273.00
7603,31663.00,24564.00,87229.00,53519.00,52122.00,12557.00,205264.00,793695.00,54616.00
7604,35893.00,27663.00,98101.00,52786.00,28901.00,12572.00,205260.00,793792.00,54633.00
7605,31694.00,36777.00,102168.00,74054.00,51710.00,12693.00,248982.00,914185.00,67763.00
7606,31642.00,24641.00,87316.00,53392.00,50753.00,12540.00,205277.00,792667.00,54629.00
7607,35810.00,27542.00,100365.00,76608.00,55185.00,12492.00,207576.00,787191.00,65168.00
7608,31603.00,24606.00,90069.00,53613.00,51734.00,12715.00,205269.00,793436.00,54686.00
7609,35641.00,27705.00,97715.00,52710.00,28813.00,12604.00,205272.00,793167.00,54475.00
7610,35836.00,27720.00,99763.00,78498.00,60343.00,12565.00,208393.00,787787.00,65785.00
7611,31676.00,24663.00,90176.00,53584.00,57009.00,12535.00,205478.00,793018.00,54676.00
7612,35513.00,27517.00,97746.00,52853.00,28888.00,12502.00,205471.00,793425.00,54575.00
7613,35624.00,27721.00,101313.00,73953.00,51863.00,12537.00,208427.00,787759.00,65507.00
7614,31706.00,24533.00,90277.00,72656.00,52789.00,13268.00,216044.00,848024.00,54790.00
7615,35548.00,27464.00,97331.00,52775.00,28853.00,12593.00,205455.00,793783.00,54900.00
7616,35849.00,27497.00,115863.00,67415.00,51140.00,12489.00,208585.00,787144.00,73788.00
7617,34537.00,24680.00,87456.00,53642.00,53061.00,12592.00,205463.00,886099.00,66060.00
7618,35642.00,27667.00,98974.00,52727.00,28822.00,12473.00,205260.00,793192.00,64139.00
7619,31747.00,24505.00,87052.00,53575.00,60782.00,12568.00,208464.00,787073.00,67478.00
7620,31688.00,24694.00,86967.00,53633.00,51883.00,12589.00,205452.00,793075.00,54808.00
7621,35524.00,27696.00,97822.00,52843.00,28971.00,12577.00,205420.00,793505.00,58209.00
7622,31716.00,34785.00,102790.00,66490.00,51315.00,12531.00,208334.00,787101.00,68212.00
7623,31701.00,24648.00,87130.00,53502.00,51131.00,12545.00,205290.00,793504.00,54669.00
7624,35716.00,27794.00,98081.00,52765.00,28937.00,12557.00,205270.00,793636.00,55028.00
7625,31709.00,35871.00,87841.00,53522.00,50736.00,12484.00,208361.00,787250.00,65359.00
7626,31740.00,27319.00,87151.00,53587.00,51481.00,12594.00,205278.00,793642.00,54583.00
7627,35754.00,27589.00,98271.00,52894.00,28871.00,12491.00,205251.00,793317.00,54504.00
7628,44631.00,27715.00,102570.00,67449.00,50492.00,12633.00,208340.00,787475.00,65261.00
7629,31787.00,27273.00,87435.00,53561.00,51595.00,12610.00,205112.00,793649.00,54545.00
7630,35477.00,27563.00,97769.00,70930.00,30292.00,29588.00,222047.00,853472.00,75096.00
7631,31792.00,24592.00,86969.00,53447.00,60231.00,12517.00,205297.00,791926.00,64638.00
7632,31724.00,24690.00,87091.00,53541.00,51760.00,12559.00,205250.00,794349.00,54492.00
7633,35830.00,27595.00,97812.00,52905.00,28810.00,12511.00,205244.00,793596.00,65519.00
7634,31939.00,24641.00,87297.00,53562.00,50348.00,12648.00,208142.00,787354.00,73080.00
7635,34693.00,40666.00,110737.00,60268.00,64581.00,13589.00,241209.00,811701.00,57512.00
7636,37776.00,29081.00,102921.00,69310.00,52954.00,13323.00,221844.00,786997.00,64529.00
7637,31713.00,24484.00,90403.00,53508.00,57380.00,12588.00,205139.00,789996.00,65229.00
7638,31803.00,24618.00,87260.00,53412.00,52705.00,12507.00,205270.00,834790.00,67305.00
7639,35562.00,27698.00,114303.00,67234.00,57062.00,12531.00,208463.00,786833.00,64317.00
7640,31795.00,24688.00,89680.00,53563.00,51395.00,12543.00,224490.00,832924.00,54537.00
7641,35552.00,27667.00,98365.00,52860.00,28937.00,12478.00,205135.00,793209.00,54626.00
7642,44758.00,27663.00,102279.00,66180.00,54529.00,12546.00,253238.00,850627.00,73408.00
7643,34995.00,27054.00,95906.00,58733.00,58274.00,13218.00,216251.00,868089.00,54586.00
7644,35848.00,27587.00,110277.00,67396.00,54532.00,12527.00,225569.00,808652.00,65363.00
7645,31789.00,24634.00,112490.00,58804.00,52713.00,13229.00,223394.00,792913.00,54766.00
7646,37623.00,44128.00,103443.00,55477.00,46599.00,13559.00,221689.00,845032.00,76412.00
7647,31697.00,24640.00,86587.00,53534.00,50844.00,33040.00,237675.00,871729.00,71106.00
7648,34591.00,27007.00,113889.00,60136.00,54497.00,13564.00,229303.00,882020.00,57565.00
7649,48537.00,48319.00,112758.00,71776.00,56587.00,13196.00,216220.00,851687.00,54557.00
7650,35736.00,27525.00,97846.00,52789.00,28947.00,12583.00,205429.00,793450.00,54588.00
7651,35520.00,27584.00,97648.00,56169.00,59575.00,12506.00,205079.00,794474.00,65754.00
7652,31631.00,24737.00,87444.00,56417.00,50774.00,12579.00,205247.00,791144.00,64301.00
7653,31944.00,24502.00,87287.00,53535.00,62741.00,12475.00,205281.00,793353.00,54705.00
7654,35516.00,27688.00,97898.00,64914.00,57440.00,12519.00,245167.00,834426.00,75222.00
7655,31940.00,24526.00,110926.00,58645.00,52896.00,13227.00,216061.00,836710.00,54963.00
7656,35492.00,27658.00,97462.00,52797.00,28868.00,12574.00,205611.00,793455.00,54768.00
7657,43398.00,27586.00,102798.00,67233.00,51481.00,12644.00,208473.00,787135.00,65450.00
7658,31552.00,27399.00,87320.00,53558.00,51077.00,12482.00,205267.00,793171.00,54657.00
7659,35647.00,27848.00,98138.00,52820.00,28883.00,12446.00,205266.00,793779.00,54520.00
7660,44384.00,27751.00,101954.00,70861.00,51667.00,12535.00,208393.00,787128.00,72197.00
7661,31503.00,24634.00,87519.00,73833.00,58619.00,13222.00,221235.00,825644.00,57793.00
7662,37776.00,29236.00,131932.00,55479.00,30403.00,13346.00,221987.00,820520.00,65197.00
7663,31925.00,24669.00,105008.00,61274.00,62603.00,13251.00,215903.00,841011.00,71017.00
7664,34976.00,26900.00,101542.00,53529.00,51266.00,12506.00,205253.00,833994.00,54724.00
7665,35832.00,27538.00,113908.00,73261.00,50919.00,12534.00,208644.00,793825.00,77486.00
7666,31890.00,27206.00,87478.00,53446.00,52120.00,12586.00,205273.00,894888.00,59326.00
7667,38582.00,29943.00,116309.00,55507.00,30411.00,13338.00,218936.00,884361.00,70150.00
7668,42457.00,26923.00,106937.00,58789.00,70488.00,12520.00,205446.00,793636.00,54508.00
7669,35820.00,27718.00,97602.00,52721.00,28818.00,12603.00,205468.00,793345.00,54641.00
7670,35745.00,27702.00,113097.00,67346.00,57181.00,12507.00,208441.00,788536.00,64570.00
7671,31884.00,24505.00,90454.00,53493.00,51361.00,12564.00,205307.00,793728.00,54476.00
7672,35800.00,27603.00,98309.00,52763.00,28794.00,12482.00,205267.00,793159.00,54644.00
7673,35584.00,27591.00,113847.00,72202.00,50340.00,12554.00,208541.00,792204.00,64504.00
7674,31672.00,24533.00,112115.00,58795.00,53876.00,13337.00,221665.00,793475.00,54730.00
7675,35753.00,27540.00,98293.00,52830.00,28810.00,12496.00,205049.00,792541.00,54294.00
7676,45410.00,27665.00,102416.00,66228.00,51276.00,12551.00,208473.00,787183.00,64518.00
7677,31828.00,27142.00,86926.00,53538.00,51446.00,12430.00,205285.00,793376.00,54529.00
7678,35673.00,27722.00,98482.00,52786.00,28895.00,12613.00,205293.00,849571.00,59205.00
7679,48690.00,29903.00,127800.00,72901.00,62366.00,12573.00,205043.00,790254.00,84799.00
7680,34630.00,27006.00,96348.00,58762.00,54197.00,23514.00,205046.00,793023.00,54696.00
7681,35806.00,27644.00,98020.00,53770.00,62239.00,12526.00,205265.00,796443.00,65279.00
7682,31643.00,24553.00,87114.00,56407.00,52750.00,12599.00,205145.00,789876.00,66721.00
7683,31741.00,24601.00,86567.00,53564.00,51835.00,12517.00,205247.00,793135.00,54570.00
7684,35660.00,27589.00,98645.00,53492.00,68911.00,12466.00,205250.00,795874.00,64488.00
7685,31815.00,24602.00,86982.00,56240.00,55174.00,12550.00,205245.00,790433.00,65950.00
7686,31773.00,24505.00,86835.00,53453.00,52001.00,12508.00,205257.00,793117.00,54672.00
7687,35756.00,27710.00,99086.00,54383.00,62354.00,12547.00,205311.00,796571.00,74003.00
7688,31834.00,24642.00,87149.00,56729.00,75097.00,13259.00,216094.00,806473.00,73114.00
7689,31724.00,24727.00,87458.00,53523.00,51893.00,12513.00,205269.00,793249.00,54590.00
7690,35666.00,27587.00,102720.00,79571.00,51096.00,12534.00,208344.00,787954.00,95293.00
7691,34853.00,26999.00,115133.00,60321.00,65477.00,13394.00,221861.00,944111.00,54832.00
7692,35872.00,27657.00,97907.00,52847.00,66386.00,12602.00,205263.00,842552.00,78112.00
7693,31908.00,24682.00,90316.00,53596.00,52812.00,12663.00,205290.00,793973.00,54665.00
7694,35758.00,27691.00,98603.00,52787.00,28895.00,12536.00,205284.00,793703.00,54611.00
7695,35832.00,27709.00,100885.00,74407.00,51555.00,12516.00,208365.00,787587.00,64443.00
7696,31839.00,24628.00,89564.00,53599.00,58337.00,12449.00,205251.00,794052.00,54624.00
7697,35544.00,27725.00,98770.00,52762.00,28861.00,12596.00,205276.00,793416.00,54576.00
7698,35742.00,27678.00,100587.00,79170.00,51112.00,12610.00,208318.00,788414.00,65865.00
7699,31771.00,24664.00,89417.00,53643.00,59501.00,12422.00,205264.00,793318.00,54503.00
7700,35683.00,27759.00,98225.00,52804.00,28791.00,12566.00,205286.00,793017.00,54659.00
7701,35613.00,27837.00,101010.00,75144.00,60344.00,12548.00,208038.00,787343.00,68770.00
7702,31504.00,24518.00,89726.00,53480.00,50601.00,12677.00,205267.00,792929.00,54580.00
7703,35829.00,27719.00,97554.00,52797.00,28842.00,12468.00,241109.00,846363.00,54505.00
7704,35683.00,27655.00,114033.00,71593.00,50829.00,12474.00,208395.00,787161.00,68292.00
7705,31663.00,27315.00,87422.00,53663.00,58474.00,12449.00,205242.00,822082.00,57385.00
7706,37586.00,29108.00,108385.00,52759.00,28921.00,12505.00,205080.00,832790.00,65485.00
7707,31757.00,24541.00,87163.00,53600.00,58338.00,12468.00,208587.00,787552.00,73570.00
7708,31868.00,24572.00,87171.00,53503.00,52209.00,12629.00,205462.00,793460.00,54730.00
7709,35793.00,27735.00,98034.00,52939.00,28960.00,12624.00,229105.00,822327.00,74663.00
7710,31722.00,24575.00,87888.00,53549.00,53862.00,15659.00,229590.00,813922.00,65521.00
7711,31704.00,24510.00,87074.00,53480.00,56070.00,12539.00,205092.00,793594.00,54614.00
7712,35568.00,27738.00,97910.00,52898.00,28911.00,12528.00,205087.00,801070.00,75878.00
7713,31773.00,24607.00,87207.00,53522.00,59033.00,12553.00,205296.00,790096.00,69966.00
7714,31690.00,24466.00,87114.00,53543.00,51921.00,12507.00,205448.00,793413.00,54671.00
7715,35959.00,27630.00,97392.00,52822.00,28842.00,12619.00,205596.00,841474.00,82222.00
7716,31802.00,35191.00,110400.00,62474.00,64452.00,13590.00,238738.00,792874.00,54778.00
7717,35677.00,27665.00,98210.00,52815.00,28894.00,12579.00,205577.00,793789.00,54774.00
7718,35609.00,27578.00,111572.00,66143.00,51469.00,12491.00,225085.00,821869.00,65445.00
7719,31683.00,24515.00,90432.00,53514.00,51086.00,12498.00,205277.00,878352.00,54573.00
7720,35460.00,27637.00,98025.00,52774.00,28858.00,12565.00,205409.00,793274.00,54795.00
7721,31641.00,37210.00,103116.00,85992.00,62716.00,13308.00,248250.00,825355.00,72358.00
7722,34775.00,26877.00,95655.00,58770.00,62876.00,12492.00,205272.00,822826.00,54669.00
7723,35953.00,27716.00,97840.00,65188.00,51560.00,12521.00,208456.00,787298.00,64800.00
7724,31854.00,24532.00,90414.00,53543.00,63728.00,12579.00,205261.00,790285.00,64511.00
7725,31659.00,24537.00,86601.00,53634.00,50948.00,12533.00,205475.00,793515.00,54575.00
7726,35629.00,27690.00,100510.00,85308.00,51646.00,12519.00,208435.00,787014.00,73189.00
7727,31769.00,24662.00,89892.00,53665.00,54351.00,12603.00,205280.00,840920.00,59167.00
7728,38757.00,29688.00,114906.00,55571.00,40303.00,12514.00,205261.00,793743.00,54511.00
7729,35454.00,27655.00,112332.00,67565.00,50601.00,12559.00,208750.00,786896.00,67164.00
7730,31562.00,27392.00,86771.00,53526.00,50663.00,12590.00,205267.00,821082.00,57542.00
7731,47835.00,29063.00,97962.00,52805.00,28893.00,12650.00,205089.00,792662.00,54563.00
7732,41537.00,27723.00,102112.00,67264.00,51100.00,12457.00,208513.00,787202.00,67826.00
7733,31781.00,24503.00,86998.00,53623.00,50869.00,12550.00,205257.00,793932.00,54503.00
7734,35565.00,27539.00,98543.00,52802.00,28871.00,12437.00,205251.00,793743.00,54530.00
7735,42896.00,27812.00,103016.00,68181.00,61562.00,12525.00,208365.00,788268.00,70415.00
7736,31701.00,24519.00,87011.00,53565.00,50705.00,12465.00,205262.00,793378.00,54412.00
7737,35824.00,27462.00,98351.00,52809.00,28865.00,12559.00,205241.00,793357.00,54561.00
7738,41616.00,27711.00,102151.00,75869.00,52221.00,12521.00,208293.00,787228.00,67410.00
7739,31776.00,24619.00,86771.00,53563.00,51749.00,12566.00,205159.00,794236.00,54660.00
7740,35679.00,27575.00,97891.00,52897.00,28890.00,12530.00,230654.00,923086.00,76467.00
7741,31732.00,24576.00,87126.00,56676.00,50765.00,12565.00,205074.00,789601.00,65099.00
7742,31617.00,24653.00,87937.00,53596.00,51716.00,12546.00,205275.00,793187.00,54678.00
7743,35622.00,27644.00,98506.00,64961.00,60237.00,12531.00,205277.00,835434.00,66172.00
7744,31607.00,24451.00,89302.00,53552.00,50829.00,12553.00,205391.00,790035.00,64884.00
7745,31866.00,24623.00,87210.00,53597.00,51290.00,12560.00,205256.00,793351.00,54569.00
7746,35659.00,27570.00,100525.00,74213.00,50845.00,12633.00,208517.00,787302.00,65549.00
7747,31836.00,24636.00,89281.00,53434.00,50468.00,12558.00,205282.00,789974.00,66420.00
7748,31901.00,24564.00,87020.00,53589.00,51496.00,12563.00,205269.00,793185.00,54589.00
7749,35762.00,27751.00,99967.00,73528.00,50978.00,12503.00,208298.00,787351.00,65371.00
7750,31882.00,24695.00,89555.00,53875.00,55818.00,12573.00,205242.00,815525.00,71612.00
7751,34712.00,27000.00,105319.00,53529.00,51039.00,12600.00,205601.00,793011.00,54601.00
7752,35810.00,27615.00,113397.00,66016.00,50588.00,12589.00,207912.00,871804.00,74969.00
7753,31533.00,24564.00,87067.00,53530.00,51451.00,12549.00,205275.00,793488.00,54643.00
7754,35820.00,27601.00,98291.00,52747.00,28940.00,12444.00,205269.00,793566.00,54470.00
7755,42089.00,27699.00,102406.00,66902.00,50473.00,12614.00,208308.00,787247.00,69054.00
7756,34817.00,41945.00,95287.00,58826.00,53710.00,13219.00,218976.00,823180.00,54626.00
7757,35324.00,27624.00,98401.00,52839.00,28870.00,12552.00,205075.00,793648.00,84112.00
7758,31737.00,24631.00,87872.00,53522.00,54965.00,12569.00,205281.00,790240.00,65226.00
7759,31840.00,24735.00,86808.00,53594.00,60046.00,12578.00,205254.00,793526.00,54540.00
7760,35818.00,27770.00,98366.00,52877.00,28860.00,12490.00,205267.00,793320.00,78661.00
7761,31619.00,24653.00,87423.00,53513.00,52175.00,15482.00,205217.00,787406.00,67692.00
7762,31794.00,24699.00,86746.00,53616.00,51756.00,12417.00,205282.00,824928.00,65623.00
7763,35851.00,27616.00,97976.00,52770.00,28897.00,12636.00,205662.00,793093.00,71510.00
7764,31868.00,24664.00,87064.00,53493.00,51116.00,14806.00,205270.00,806435.00,81019.00
7765,34873.00,27055.00,95212.00,68323.00,51130.00,12497.00,231033.00,848714.00,54559.00
7766,35511.00,27777.00,110691.00,66101.00,50509.00,12524.00,208337.00,788506.00,75401.00
7767,31779.00,24422.00,89361.00,53533.00,51841.00,12531.00,205734.00,793623.00,54846.00
7768,35618.00,27605.00,98174.00,52811.00,28924.00,12579.00,205264.00,836503.00,54670.00
7769,35746.00,27527.00,114882.00,66286.00,50874.00,12501.00,227885.00,802381.00,64946.00
7770,31791.00,27450.00,87299.00,53500.00,51006.00,12490.00,205272.00,793286.00,54561.00
7771,35847.00,27626.00,98187.00,52820.00,28857.00,12524.00,205229.00,793361.00,54423.00
7772,35664.00,27644.00,115144.00,73084.00,50966.00,12491.00,208395.00,787137.00,64526.00
7773,31794.00,27419.00,87428.00,53498.00,50675.00,12522.00,205266.00,793523.00,54671.00
7774,35826.00,27774.00,98694.00,52819.00,28823.00,12619.00,205238.00,793533.00,54531.00
7775,35799.00,27599.00,113281.00,66539.00,50629.00,12612.00,208279.00,787539.00,74661.00
7776,31789.00,27220.00,87073.00,53548.00,52577.00,12496.00,205276.00,793206.00,54595.00
7777,35688.00,27885.00,98147.00,52780.00,28829.00,12586.00,248402.00,851956.00,64328.00
7778,31607.00,24664.00,86966.00,53613.00,52376.00,12553.00,230288.00,805083.00,69776.00
7779,31776.00,24578.00,87221.00,53598.00,58565.00,12465.00,205303.00,794692.00,54490.00
7780,35820.00,27580.00,98325.00,52874.00,28843.00,12511.00,205292.00,793864.00,74699.00
7781,31653.00,24679.00,87046.00,53582.00,51014.00,15632.00,231300.00,823583.00,71016.00
7782,34863.00,26951.00,95473.00,58816.00,53266.00,23332.00,205107.00,826905.00,54634.00
7783,35853.00,27591.00,98065.00,65530.00,51391.00,12548.00,208679.00,789232.00,64620.00
7784,31617.00,24570.00,89889.00,72125.00,54000.00,13174.00,225239.00,869062.00,66386.00
7785,35519.00,27676.00,97368.00,52882.00,28890.00,12526.00,205256.00,844711.00,55085.00
7786,31950.00,35769.00,87106.00,53505.00,52024.00,12605.00,239495.00,821350.00,89787.00
7787,34797.00,27078.00,96598.00,58743.00,68339.00,12561.00,228319.00,854339.00,54600.00
7788,35614.00,27669.00,110545.00,67129.00,51452.00,12533.00,208271.00,787451.00,66240.00
7789,31844.00,24603.00,90179.00,53479.00,50445.00,12466.00,252009.00,919341.00,67932.00
7790,35623.00,27618.00,97717.00,52906.00,28892.00,12613.00,205137.00,845468.00,66192.00
7791,31729.00,24673.00,87067.00,53524.00,59162.00,29278.00,216091.00,825793.00,71055.00
7792,34891.00,26992.00,95934.00,66258.00,50865.00,12463.00,205244.00,835825.00,54768.00
7793,35599.00,27806.00,127835.00,75168.00,57526.00,13283.00,262934.00,854152.00,113558.00
7794,35876.00,27704.00,98332.00,69438.00,53226.00,13151.00,219583.00,861262.00,58876.00
7795,38562.00,29773.00,130942.00,80690.00,61685.00,13292.00,219763.00,890539.00,104957.00
7796,35657.00,27721.00,98372.00,60172.00,98782.00,13562.00,229633.00,859899.00,54499.00
7797,36652.00,27737.00,98471.00,52765.00,28849.00,12618.00,228636.00,799966.00,65571.00
7798,34468.00,24522.00,86882.00,53658.00,58791.00,12512.00,205269.00,793296.00,54457.00
7799,35704.00,27737.00,99103.00,52832.00,28862.00,12549.00,205293.00,793022.00,54442.00
7800,35727.00,27467.00,114450.00,66929.00,61817.00,12556.00,208735.00,787087.00,99268.00
7801,35478.00,43726.00,97999.00,60270.00,53930.00,13628.00,228262.00,803996.00,54621.00
7802,35766.00,27839.00,97506.00,52837.00,28916.00,12543.00,205516.00,793761.00,75301.00
7803,31964.00,24534.00,86849.00,53608.00,51119.00,12520.00,208321.00,787388.00,66945.00
7804,31683.00,24587.00,87663.00,53620.00,50681.00,12477.00,205252.00,793898.00,54469.00
7805,35732.00,27663.00,98502.00,52782.00,28914.00,12515.00,205235.00,793372.00,65397.00
7806,31595.00,24664.00,86893.00,53576.00,51559.00,12510.00,231447.00,808555.00,75818.00
7807,31737.00,24568.00,87239.00,53594.00,50991.00,12511.00,205265.00,793249.00,54524.00
7808,35646.00,27677.00,98474.00,52681.00,28841.00,12528.00,205260.00,793460.00,64629.00
7809,31889.00,24606.00,87455.00,53560.00,50954.00,12637.00,208392.00,787527.00,68408.00
7810,31774.00,24521.00,86825.00,53536.00,51867.00,12572.00,205227.00,793449.00,54592.00
7811,35709.00,27660.00,97494.00,52799.00,28907.00,12669.00,205043.00,793645.00,54613.00
7812,31898.00,37129.00,101959.00,66278.00,50820.00,12573.00,208390.00,787446.00,68821.00
7813,31799.00,24533.00,87507.00,53518.00,53615.00,12530.00,205257.00,910964.00,59119.00
7814,48738.00,29918.00,111075.00,52685.00,28815.00,12483.00,205145.00,796356.00,66552.00
7815,31704.00,24516.00,87430.00,56300.00,55235.00,12568.00,205258.00,790058.00,72073.00
7816,31514.00,24478.00,86782.00,53582.00,51638.00,12606.00,205394.00,793655.00,54497.00
7817,35654.00,27684.00,97136.00,54658.00,57794.00,12541.00,205467.00,855957.00,65638.00
7818,31763.00,24619.00,90366.00,53583.00,71355.00,12572.00,205288.00,816278.00,57531.00
7819,37831.00,29035.00,102735.00,64251.00,28938.00,12579.00,205459.00,792837.00,54662.00
7820,35664.00,27729.00,112579.00,69757.00,51144.00,12527.00,208621.00,787215.00,73143.00
7821,31737.00,24658.00,90073.00,53406.00,60005.00,12524.00,205259.00,794349.00,54580.00
7822,35731.00,27654.00,98058.00,52757.00,28793.00,12549.00,205288.00,793747.00,54606.00
7823,35854.00,27681.00,114242.00,67064.00,54397.00,12563.00,208374.00,787322.00,65324.00
7824,34430.00,24608.00,87088.00,53560.00,51453.00,12485.00,205485.00,793509.00,54591.00
7825,35720.00,27684.00,97471.00,52910.00,28840.00,12562.00,205471.00,864777.00,59355.00
7826,48200.00,30081.00,103333.00,63980.00,28985.00,12527.00,231715.00,869703.00,57596.00
7827,37462.00,29197.00,103013.00,55525.00,40988.00,12532.00,215492.00,872059.00,54529.00
7828,35712.00,27626.00,97527.00,65210.00,52256.00,12546.00,207914.00,805365.00,64909.00
7829,31663.00,24613.00,90696.00,53556.00,50863.00,12501.00,205280.00,793525.00,54605.00
7830,35613.00,27637.00,98090.00,52756.00,28915.00,12503.00,205279.00,793353.00,54530.00
7831,35787.00,27637.00,111606.00,67111.00,75043.00,13202.00,219822.00,807900.00,64986.00
7832,31749.00,24665.00,91244.00,53604.00,58957.00,12583.00,205239.00,819645.00,74318.00
7833,38633.00,29955.00,105003.00,67150.00,40401.00,12597.00,205444.00,834964.00,54742.00
7834,35718.00,27621.00,97380.00,52840.00,28920.00,12508.00,208273.00,787342.00,69059.00
7835,31804.00,24736.00,87490.00,53573.00,51263.00,12562.00,205227.00,794060.00,54533.00
7836,35679.00,27689.00,98348.00,52828.00,28839.00,12607.00,205263.00,793859.00,54488.00
7837,41569.00,27556.00,102200.00,66539.00,50380.00,12560.00,208709.00,787495.00,67244.00
7838,47912.00,24566.00,95262.00,58852.00,53680.00,13189.00,233224.00,862073.00,54919.00
7839,35674.00,27704.00,98189.00,69894.00,55073.00,12593.00,205309.00,813771.00,76121.00
7840,34978.00,26988.00,98627.00,58809.00,52824.00,13207.00,216751.00,793332.00,54500.00
7841,35634.00,27535.00,98545.00,52821.00,28792.00,12523.00,205247.00,793332.00,54482.00
7842,35663.00,27612.00,100819.00,76038.00,56186.00,12565.00,208058.00,787410.00,65109.00
7843,31660.00,24356.00,89833.00,53565.00,50593.00,12503.00,205274.00,815293.00,57647.00
7844,37481.00,29063.00,102816.00,63812.00,28865.00,12483.00,205287.00,822027.00,56492.00
7845,35694.00,27665.00,97646.00,52821.00,28945.00,12579.00,208237.00,788663.00,66765.00
7846,31768.00,24505.00,89384.00,53562.00,50911.00,12571.00,205266.00,793613.00,54604.00
7847,35820.00,27661.00,98592.00,52804.00,28837.00,12503.00,205266.00,793621.00,54661.00
7848,35645.00,27561.00,131482.00,82789.00,59409.00,29413.00,249878.00,871344.00,85949.00
7849,34827.00,26969.00,113082.00,60353.00,56034.00,13559.00,230162.00,852261.00,54903.00
7850,37411.00,44236.00,135385.00,84743.00,53585.00,13609.00,243025.00,788665.00,67251.00
7851,31604.00,24557.00,87388.00,53537.00,51030.00,12496.00,205291.00,793692.00,54533.00
7852,35741.00,27580.00,98535.00,52762.00,28879.00,12562.00,205271.00,794672.00,54534.00
7853,43033.00,27665.00,102566.00,66709.00,50453.00,12515.00,208432.00,787750.00,68800.00
7854,31758.00,24599.00,87277.00,53526.00,51643.00,12540.00,205257.00,793434.00,54646.00
7855,35746.00,27699.00,98101.00,52850.00,28756.00,12521.00,205287.00,793226.00,54565.00
7856,43804.00,27458.00,102207.00,72118.00,63871.00,12542.00,231631.00,807587.00,103622.00
7857,34996.00,27007.00,105440.00,53596.00,62051.00,12556.00,205253.00,816688.00,57476.00
7858,37378.00,28974.00,102540.00,69025.00,65567.00,12470.00,205248.00,823772.00,70011.00
7859,34904.00,26941.00,103260.00,53641.00,50630.00,12584.00,205554.00,793604.00,54695.00
7860,35706.00,27670.00,97621.00,52852.00,28960.00,12630.00,205578.00,836678.00,54851.00
7861,35810.00,27661.00,112782.00,71621.00,51260.00,12424.00,208026.00,820162.00,69609.00
7862,34572.00,30513.00,98029.00,53554.00,52366.00,12463.00,223385.00,868229.00,54627.00
7863,35800.00,27789.00,98302.00,52856.00,28817.00,12496.00,205038.00,792966.00,78295.00
7864,31824.00,24690.00,87381.00,53564.00,52453.00,15291.00,205042.00,790052.00,74629.00
7865,31678.00,24613.00,87547.00,61358.00,52181.00,12487.00,205263.00,793762.00,54506.00
7866,35764.00,27643.00,98527.00,52704.00,28799.00,12514.00,205290.00,811996.00,81649.00
7867,34942.00,26759.00,113884.00,73447.00,52877.00,13209.00,220929.00,789795.00,64919.00
7868,31567.00,24669.00,87258.00,53621.00,50561.00,12556.00,205243.00,793405.00,54585.00
7869,35656.00,27749.00,98178.00,64971.00,57669.00,12581.00,205572.00,834668.00,65562.00
7870,31659.00,24438.00,89980.00,53545.00,55575.00,12566.00,205260.00,790093.00,69082.00
7871,31795.00,24578.00,87752.00,53510.00,52740.00,12535.00,205262.00,793554.00,54553.00
7872,35896.00,27521.00,101485.00,74772.00,51758.00,12525.00,208322.00,787574.00,64597.00
7873,31683.00,24682.00,89577.00,53488.00,50880.00,12517.00,222040.00,816764.00,54604.00
7874,35745.00,27793.00,98042.00,52884.00,28967.00,12534.00,205480.00,881995.00,54535.00
7875,36039.00,27846.00,113104.00,67385.00,53139.00,12533.00,208827.00,787488.00,72689.00
7876,31745.00,24603.00,87937.00,53620.00,51932.00,12548.00,205369.00,793219.00,54784.00
7877,35619.00,27752.00,97946.00,52742.00,28936.00,12616.00,205316.00,793260.00,54692.00
7878,42859.00,27709.00,102335.00,66273.00,51205.00,12478.00,209125.00,788455.00,67222.00
7879,31614.00,24542.00,87404.00,53494.00,50866.00,12500.00,205326.00,793353.00,54617.00
7880,35644.00,27779.00,98058.00,52876.00,28878.00,12512.00,205321.00,793400.00,54659.00
7881,43874.00,27626.00,101968.00,68199.00,59157.00,12507.00,208359.00,787283.00,69066.00
7882,50744.00,24597.00,95695.00,58839.00,54152.00,13208.00,221218.00,793027.00,54526.00
7883,35630.00,27916.00,98586.00,52679.00,28882.00,12463.00,205263.00,793683.00,65236.00
7884,31831.00,24586.00,87050.00,53593.00,60699.00,12502.00,208361.00,786900.00,68616.00
7885,31740.00,24557.00,87375.00,53509.00,51714.00,12457.00,205280.00,793475.00,54576.00
7886,35756.00,27716.00,98550.00,52792.00,28833.00,12511.00,205254.00,793284.00,54582.00
7887,31863.00,37198.00,122036.00,93073.00,53264.00,17357.00,222017.00,825573.00,65870.00
7888,31939.00,24492.00,86886.00,53581.00,80292.00,12591.00,205255.00,794045.00,54502.00
7889,35660.00,27694.00,98523.00,64860.00,52269.00,12534.00,205249.00,794333.00,64367.00
7890,31768.00,24501.00,86999.00,56223.00,51157.00,12551.00,205240.00,790657.00,72481.00
7891,31735.00,24410.00,87392.00,53593.00,51922.00,12539.00,205266.00,793805.00,54513.00
7892,35665.00,27612.00,96848.00,64914.00,62077.00,12542.00,205273.00,793526.00,65958.00
7893,31747.00,24517.00,86596.00,56313.00,60022.00,12611.00,205263.00,789832.00,64439.00
7894,31620.00,24456.00,86871.00,53561.00,51880.00,12576.00,205240.00,837540.00,54521.00
7895,35660.00,27583.00,99269.00,77071.00,51237.00,12603.00,208004.00,787428.00,64268.00
7896,31711.00,24587.00,90062.00,53531.00,51541.00,12526.00,205245.00,793570.00,54493.00
7897,35653.00,27705.00,98260.00,52776.00,28936.00,12537.00,205277.00,793503.00,54525.00
7898,35852.00,27625.00,101706.00,72279.00,51099.00,12550.00,208378.00,787070.00,74008.00
7899,31784.00,24544.00,89562.00,53557.00,51337.00,12610.00,205065.00,852362.00,57551.00
7900,54440.00,29202.00,105643.00,57022.00,40751.00,23565.00,205303.00,793997.00,54539.00
7901,44196.00,27612.00,102747.00,66658.00,51262.00,12670.00,208155.00,787225.00,64417.00
7902,31701.00,26937.00,87287.00,53575.00,52117.00,12584.00,205079.00,793742.00,54536.00
7903,35629.00,27745.00,97403.00,52814.00,28929.00,12568.00,205061.00,793531.00,54626.00
7904,45351.00,27637.00,102128.00,66002.00,54802.00,12546.00,251126.00,821137.00,88915.00
7905,34941.00,41977.00,95617.00,58838.00,64140.00,12579.00,205264.00,793211.00,54453.00
7906,35709.00,27761.00,98075.00,53667.00,69454.00,12476.00,205303.00,796324.00,65228.00
7907,31678.00,24622.00,87109.00,56581.00,71448.00,13240.00,216216.00,802162.00,65242.00
7908,31759.00,24619.00,87530.00,53621.00,51931.00,12501.00,205274.00,793415.00,54493.00
7909,35807.00,27727.00,98265.00,77871.00,51479.00,12595.00,208406.00,786756.00,66117.00
7910,31611.00,24690.00,89938.00,72124.00,52669.00,13246.00,216039.00,804092.00,54825.00
7911,35585.00,27643.00,97908.00,52819.00,28931.00,12591.00,205301.00,848155.00,58990.00
7912,49047.00,29898.00,126738.00,72586.00,50770.00,12483.00,208631.00,787816.00,65768.00
7913,31775.00,27295.00,87151.00,53563.00,50575.00,12591.00,205309.00,793144.00,54745.00
7914,35749.00,27385.00,98276.00,52892.00,28825.00,12456.00,205249.00,793672.00,54519.00
7915,44760.00,27566.00,102358.00,66077.00,50983.00,12461.00,208663.00,787166.00,64822.00
7916,31778.00,27242.00,87555.00,53507.00,75183.00,13185.00,232562.00,963529.00,57414.00
7917,37479.00,28974.00,113112.00,75386.00,50288.00,12659.00,208190.00,787376.00,66344.00
7918,31870.00,24508.00,89621.00,53623.00,58906.00,12531.00,205233.00,793853.00,54515.00
7919,35610.00,27649.00,98248.00,52768.00,28855.00,12575.00,205288.00,836689.00,54596.00
7920,35725.00,27477.00,113122.00,71030.00,52460.00,12484.00,207815.00,787288.00,65591.00
7921,34695.00,24526.00,87321.00,53621.00,58586.00,12548.00,205259.00,793495.00,54656.00
7922,35873.00,27721.00,97493.00,52650.00,28930.00,12540.00,205282.00,793496.00,54561.00
7923,35545.00,27593.00,115097.00,67080.00,60574.00,12558.00,208304.00,810370.00,69554.00
7924,34884.00,30283.00,95258.00,58779.00,53912.00,13194.00,264692.00,877970.00,54441.00
7925,35730.00,27714.00,97557.00,65081.00,54803.00,12569.00,205232.00,792593.00,64318.00
7926,31795.00,24506.00,86858.00,56993.00,55180.00,12487.00,205249.00,790318.00,64399.00
7927,31787.00,24570.00,87234.00,53580.00,52329.00,12541.00,205495.00,793442.00,54702.00
7928,35604.00,27687.00,97831.00,65383.00,51478.00,12531.00,205254.00,846869.00,105719.00
7929,35768.00,27670.00,101722.00,60214.00,81553.00,12602.00,205436.00,793904.00,54580.00
7930,35503.00,27707.00,97904.00,52809.00,28893.00,12502.00,205443.00,793057.00,54451.00
7931,35624.00,27723.00,112413.00,66720.00,51665.00,12567.00,208339.00,787473.00,66057.00
7932,48680.00,27653.00,96332.00,58857.00,54507.00,13286.00,220478.00,868427.00,66390.00
7933,35820.00,27645.00,97378.00,52830.00,28949.00,12643.00,205082.00,868123.00,71378.00
7934,34977.00,26959.00,97804.00,56541.00,50751.00,12590.00,205527.00,806863.00,73479.00
7935,34656.00,26984.00,105997.00,53610.00,64624.00,12593.00,205293.00,793536.00,71778.00
7936,38533.00,45312.00,123536.00,73051.00,54545.00,13520.00,241313.00,787437.00,71629.00
7937,31810.00,24626.00,87483.00,53522.00,50973.00,12450.00,205258.00,793367.00,54454.00
7938,35542.00,27802.00,98448.00,52817.00,28906.00,12519.00,205265.00,793091.00,54399.00
7939,60547.00,45171.00,114986.00,74239.00,53802.00,17680.00,237527.00,790184.00,65654.00
7940,31742.00,24538.00,86770.00,53544.00,51328.00,12556.00,205252.00,880762.00,54662.00
7941,35788.00,27610.00,97439.00,65347.00,55254.00,12599.00,208076.00,787066.00,66505.00
7942,31669.00,24503.00,90225.00,53582.00,50674.00,12497.00,205291.00,789323.00,66588.00
7943,31668.00,24544.00,87169.00,53598.00,52344.00,12606.00,205258.00,793640.00,54718.00
7944,35816.00,27549.00,99455.00,79361.00,57522.00,12545.00,208784.00,827672.00,64847.00
7945,31648.00,24644.00,108990.00,58784.00,53237.00,13221.00,217420.00,793774.00,54501.00
7946,35541.00,27750.00,98569.00,52760.00,28786.00,12566.00,205249.00,793591.00,54585.00
7947,35678.00,27562.00,113882.00,67270.00,51087.00,12518.00,208451.00,786940.00,65022.00
7948,34275.00,24537.00,87292.00,53589.00,72225.00,13253.00,216242.00,875253.00,67096.00
7949,35930.00,27775.00,97508.00,52792.00,28835.00,12652.00,205056.00,792985.00,64117.00
7950,31745.00,24617.00,87265.00,53554.00,50943.00,12580.00,233040.00,858362.00,104484.00
7951,35767.00,27648.00,97962.00,60269.00,87331.00,13952.00,237985.00,862242.00,54725.00
7952,43656.00,27663.00,102413.00,69319.00,50611.00,12546.00,230863.00,889090.00,70780.00
7953,34932.00,26941.00,95273.00,58721.00,67024.00,12701.00,205450.00,864222.00,58914.00
7954,48758.00,29976.00,127591.00,69345.00,52101.00,12553.00,248430.00,839629.00,112532.00
7955,35805.00,27570.00,99278.00,60104.00,80802.00,13561.00,232196.00,866649.00,54816.00
7956,35642.00,27677.00,115905.00,75162.00,51733.00,12547.00,228339.00,805890.00,64682.00
7957,35714.00,43817.00,98432.00,60185.00,53846.00,13528.00,234193.00,867698.00,54512.00
7958,35573.00,27497.00,98143.00,52692.00,28979.00,12548.00,205019.00,838168.00,66349.00
7959,31649.00,24508.00,87666.00,72333.00,52727.00,13282.00,226438.00,845656.00,58833.00
7960,38476.00,29786.00,114445.00,63972.00,28991.00,12586.00,205479.00,834492.00,54512.00
7961,35755.00,27585.00,113195.00,66695.00,50519.00,12515.00,231124.00,804840.00,66733.00
7962,31663.00,24704.00,86906.00,53508.00,51860.00,12635.00,205257.00,823530.00,65884.00
7963,35664.00,27594.00,99219.00,52818.00,28810.00,12439.00,205254.00,834565.00,74742.00
7964,31581.00,24604.00,87960.00,53485.00,71542.00,12506.00,230602.00,805659.00,65187.00
7965,31745.00,24581.00,87155.00,53537.00,51408.00,12600.00,205266.00,833642.00,54800.00
7966,35919.00,27947.00,98131.00,65369.00,56735.00,12526.00,205239.00,828452.00,64667.00
7967,31835.00,24538.00,108327.00,58825.00,52789.00,13232.00,222829.00,792881.00,54543.00
7968,35669.00,27738.00,98267.00,52815.00,29015.00,12546.00,205068.00,793380.00,54489.00
7969,35706.00,27572.00,113380.00,68286.00,56627.00,12501.00,227230.00,809279.00,64587.00
7970,31681.00,28530.00,87882.00,53539.00,51669.00,12547.00,205266.00,793671.00,54533.00
7971,35768.00,27622.00,98316.00,52807.00,28830.00,12544.00,205227.00,793600.00,73343.00
7972,46608.00,29156.00,112866.00,91994.00,52210.00,12610.00,234151.00,861664.00,70346.00
7973,34692.00,26920.00,95171.00,69182.00,59079.00,12558.00,205460.00,793905.00,54687.00
7974,35334.00,27649.00,98041.00,66184.00,52493.00,12563.00,205243.00,792242.00,66374.00
7975,31816.00,24494.00,86892.00,56158.00,51908.00,12579.00,205256.00,790362.00,64588.00
7976,31628.00,24569.00,87956.00,53520.00,50947.00,12540.00,205058.00,793571.00,54585.00
7977,35788.00,27727.00,97790.00,52792.00,28912.00,12530.00,205053.00,796077.00,69742.00
7978,31756.00,24576.00,87317.00,56398.00,50898.00,12561.00,205095.00,790059.00,64492.00
7979,31855.00,24813.00,87108.00,53516.00,54887.00,12537.00,205480.00,793366.00,54673.00
7980,35616.00,27510.00,97986.00,54502.00,59482.00,12536.00,205270.00,795672.00,64837.00
7981,31919.00,24616.00,87111.00,56266.00,50748.00,12486.00,205287.00,810341.00,71080.00
7982,34900.00,27103.00,94981.00,58750.00,70538.00,12589.00,205396.00,792740.00,54673.00
7983,35622.00,27584.00,100265.00,78157.00,52549.00,12610.00,208706.00,826158.00,65128.00
7984,31467.00,24650.00,89820.00,53472.00,87140.00,13235.00,236367.00,834423.00,54808.00
7985,35619.00,27616.00,97406.00,52813.00,28883.00,12589.00,205285.00,793115.00,54636.00
7986,31901.00,36948.00,102881.00,66037.00,50564.00,12576.00,208535.00,831425.00,66552.00
7987,31796.00,24613.00,87346.00,53546.00,52037.00,12568.00,205248.00,793284.00,54578.00
7988,35547.00,27586.00,97908.00,52848.00,28895.00,12546.00,205267.00,793939.00,64961.00
7989,31827.00,24478.00,87583.00,53565.00,50924.00,12586.00,208219.00,788332.00,67184.00
7990,31705.00,24492.00,87261.00,53549.00,50957.00,12531.00,205258.00,793694.00,54483.00
7991,35616.00,27702.00,98084.00,52739.00,28832.00,12585.00,205255.00,793417.00,54618.00
7992,42400.00,27723.00,102417.00,72686.00,50809.00,12609.00,208388.00,787320.00,66671.00
7993,31698.00,24690.00,86865.00,53546.00,52101.00,12607.00,205290.00,793580.00,54445.00
7994,35738.00,27575.00,98836.00,52871.00,28946.00,12526.00,205270.00,837888.00,55306.00
7995,31858.00,35456.00,87101.00,53473.00,51483.00,12545.00,207897.00,788208.00,67089.00
7996,31569.00,24651.00,86827.00,53512.00,51277.00,12531.00,205239.00,839860.00,72929.00
7997,63994.00,28896.00,119443.00,57058.00,31283.00,13624.00,234080.00,796267.00,64421.00
7998,31681.00,24697.00,87507.00,56543.00,51718.00,12552.00,205273.00,790793.00,65535.00
7999,31635.00,24572.00,87242.00,53552.00,51895.00,12550.00,205236.00,793292.00,54531.00
8000,35878.00,27779.00,97648.00,53671.00,60707.00,25478.00,205253.00,797076.00,65828.00
8001,31743.00,24685.00,86634.00,56210.00,53465.00,12536.00,205257.00,790031.00,65383.00
8002,31784.00,24703.00,87260.00,53436.00,51772.00,12548.00,205255.00,792931.00,54439.00
8003,35816.00,27705.00,97982.00,55055.00,59518.00,12638.00,205480.00,827566.00,72711.00
8004,31671.00,24648.00,87280.00,73954.00,53271.00,13182.00,216068.00,805087.00,54630.00
8005,35733.00,27723.00,97930.00,52814.00,28900.00,12608.00,205400.00,819594.00,57836.00
8006,37725.00,29057.00,120235.00,83578.00,59984.00,12557.00,228417.00,844058.00,73447.00
8007,34744.00,26951.00,95193.00,58810.00,53323.00,13241.00,218411.00,793265.00,54556.00
8008,35612.00,27567.00,97920.00,52850.00,28963.00,12594.00,205473.00,833755.00,81019.00
8009,35835.00,27721.00,98252.00,73579.00,63374.00,13229.00,219475.00,790934.00,65416.00
8010,31891.00,24500.00,87710.00,53504.00,52118.00,12604.00,205293.00,793387.00,54658.00
8011,35648.00,27643.00,97704.00,65025.00,55451.00,12501.00,205494.00,797485.00,54794.00
8012,35605.00,27723.00,114087.00,66383.00,50965.00,12658.00,205455.00,789784.00,64494.00
8013,31493.00,24725.00,86974.00,53625.00,52327.00,12579.00,205258.00,837409.00,54794.00
8014,35652.00,27579.00,111237.00,66132.00,50800.00,12458.00,208439.00,786977.00,65630.00
8015,31882.00,24567.00,89835.00,53552.00,58826.00,12526.00,205277.00,793646.00,54466.00
8016,35619.00,27671.00,98826.00,52762.00,28832.00,12500.00,205282.00,793864.00,54607.00
8017,35793.00,27758.00,112216.00,67094.00,50520.00,12692.00,208637.00,787347.00,65159.00
8018,31650.00,24711.00,89487.00,53609.00,50799.00,12512.00,205260.00,793520.00,54555.00
8019,35787.00,27612.00,98556.00,52705.00,28944.00,12494.00,205255.00,837838.00,73272.00
8020,37686.00,29171.00,123076.00,76290.00,61519.00,12476.00,207921.00,786960.00,68020.00
8021,31606.00,24524.00,87669.00,53657.00,50815.00,28737.00,216057.00,927133.00,54545.00
8022,35907.00,27611.00,98247.00,66125.00,50868.00,12533.00,205231.00,792674.00,65563.00
8023,31675.00,24645.00,86931.00,56337.00,50894.00,12649.00,205365.00,789598.00,64419.00
8024,31756.00,24567.00,87006.00,53435.00,51384.00,12532.00,205253.00,793709.00,54513.00
8025,35949.00,27591.00,98519.00,66628.00,51442.00,12523.00,205251.00,813775.00,71923.00
8026,34721.00,27011.00,98871.00,68290.00,55119.00,12514.00,205252.00,793996.00,54580.00
8027,35579.00,27773.00,98221.00,52690.00,28857.00,12540.00,205238.00,793246.00,54604.00
8028,35570.00,27514.00,111582.00,66772.00,50303.00,12579.00,208358.00,787197.00,65422.00
8029,31733.00,24732.00,89321.00,53622.00,50610.00,12565.00,205280.00,793226.00,54512.00
8030,35772.00,27613.00,98215.00,52856.00,28820.00,12541.00,205254.00,837374.00,54462.00
8031,35514.00,27555.00,112006.00,67038.00,53537.00,12488.00,207814.00,788080.00,66432.00
8032,31779.00,24682.00,110464.00,58882.00,52887.00,13202.00,221016.00,824237.00,54869.00
8033,35624.00,27631.00,97570.00,52715.00,28851.00,12574.00,205497.00,884070.00,63991.00
8034,31661.00,24506.00,87069.00,53570.00,50615.00,12606.00,234154.00,803006.00,85935.00
8035,34725.00,27185.00,95187.00,58719.00,53204.00,13282.00,217104.00,793078.00,54638.00
8036,35786.00,27655.00,97762.00,55082.00,59313.00,12557.00,205043.00,795468.00,65396.00
8037,31796.00,24526.00,87055.00,56246.00,51755.00,12450.00,205262.00,791382.00,64521.00
8038,31825.00,24570.00,86547.00,53559.00,52507.00,12539.00,205241.00,794025.00,54421.00
8039,35926.00,27611.00,98576.00,54470.00,61001.00,12493.00,205283.00,796208.00,64887.00
8040,31641.00,24545.00,86843.00,55969.00,50919.00,12524.00,205272.00,789901.00,64580.00
8041,31775.00,24481.00,87108.00,53557.00,52586.00,12574.00,205225.00,793616.00,54659.00
8042,35892.00,27661.00,97910.00,53872.00,62090.00,12460.00,205260.00,796258.00,64667.00
8043,32030.00,24513.00,86287.00,56193.00,51096.00,12592.00,205258.00,789988.00,65937.00
8044,31793.00,24537.00,87179.00,53555.00,51906.00,12542.00,205492.00,836354.00,54712.00
8045,35791.00,27636.00,98220.00,64908.00,50821.00,12593.00,205233.00,818122.00,71694.00
8046,34673.00,26769.00,124700.00,75714.00,69176.00,13578.00,241206.00,793729.00,54670.00
8047,35757.00,27728.00,97750.00,52864.00,28836.00,12503.00,205490.00,793265.00,54621.00
8048,44937.00,27675.00,102211.00,67111.00,51719.00,12535.00,208414.00,787246.00,71123.00
8049,31582.00,27308.00,87304.00,53551.00,53022.00,12528.00,205255.00,793757.00,54436.00
8050,35747.00,27776.00,98162.00,52840.00,28830.00,12464.00,205313.00,793637.00,54633.00
8051,44721.00,27462.00,102853.00,66388.00,51360.00,12516.00,208467.00,787301.00,68018.00
8052,31770.00,27214.00,86501.00,53541.00,55289.00,12533.00,205260.00,792839.00,54550.00
8053,35576.00,27624.00,98579.00,52764.00,28827.00,12436.00,205302.00,793280.00,54479.00
8054,44867.00,27735.00,102213.00,66201.00,51827.00,12597.00,208450.00,788655.00,65669.00
8055,31732.00,27369.00,86879.00,53545.00,52544.00,12500.00,205275.00,793154.00,54582.00
8056,35474.00,27603.00,98385.00,52707.00,28787.00,12487.00,205267.00,793912.00,54776.00
8057,45291.00,27815.00,102358.00,67313.00,58269.00,12618.00,208678.00,786674.00,70257.00
8058,49434.00,27759.00,111072.00,60198.00,69312.00,13532.00,221741.00,825931.00,54618.00
8059,35569.00,27467.00,97260.00,52822.00,28899.00,12585.00,205434.00,802746.00,64491.00
8060,31495.00,24593.00,87570.00,53594.00,62530.00,12543.00,205281.00,790137.00,64671.00
8061,31887.00,24549.00,87283.00,53506.00,51399.00,12554.00,205286.00,793189.00,54557.00
8062,35824.00,27637.00,97850.00,52865.00,28899.00,12526.00,205250.00,793603.00,63863.00
8063,31890.00,24596.00,87558.00,53580.00,51033.00,12590.00,209123.00,787176.00,67106.00
8064,31630.00,24669.00,86568.00,53600.00,51427.00,12507.00,205065.00,793342.00,54654.00
8065,35707.00,27632.00,97789.00,52782.00,28864.00,12553.00,205106.00,793358.00,57485.00
8066,31758.00,34895.00,102884.00,68164.00,56373.00,12619.00,208488.00,787343.00,68823.00
8067,31539.00,24543.00,86832.00,53646.00,55315.00,12549.00,205444.00,793468.00,54753.00
8068,35833.00,27444.00,97674.00,52707.00,28824.00,12537.00,205422.00,793649.00,57775.00
8069,31823.00,34773.00,102595.00,68374.00,51204.00,12541.00,208571.00,787208.00,68906.00
8070,31855.00,24650.00,86985.00,53430.00,59773.00,12527.00,205277.00,889110.00,74817.00
8071,38773.00,29964.00,105835.00,58134.00,93238.00,32439.00,208151.00,787598.00,66046.00
8072,31660.00,24546.00,90277.00,53521.00,50533.00,12449.00,205237.00,794485.00,54521.00
8073,35817.00,27693.00,97948.00,52802.00,28807.00,12487.00,205276.00,793622.00,54588.00
8074,35841.00,27653.00,110888.00,67258.00,51072.00,12532.00,208352.00,787068.00,65816.00
8075,31629.00,24473.00,90073.00,53577.00,52216.00,12517.00,205249.00,793434.00,54448.00
8076,35744.00,27684.00,98107.00,52770.00,28807.00,12561.00,205258.00,793575.00,54491.00
8077,35711.00,27565.00,112075.00,86823.00,52228.00,12536.00,208335.00,787670.00,64557.00
8078,31654.00,24583.00,90051.00,53569.00,51103.00,12567.00,205431.00,793302.00,54632.00
8079,35598.00,27777.00,97748.00,52778.00,28881.00,12547.00,205415.00,793505.00,54597.00
8080,35758.00,27762.00,112362.00,70056.00,50809.00,12665.00,208155.00,786780.00,74995.00
8081,34768.00,40434.00,116367.00,60268.00,59582.00,13581.00,221917.00,855342.00,57756.00
8082,37481.00,29015.00,102786.00,55487.00,30433.00,13246.00,223016.00,846710.00,86200.00
8083,35592.00,27898.00,97732.00,73899.00,64687.00,13549.00,227053.00,805726.00,54796.00
8084,35688.00,27788.00,97933.00,52744.00,28863.00,12556.00,205448.00,793868.00,54527.00
8085,35845.00,27839.00,100787.00,73829.00,51695.00,12533.00,208392.00,787302.00,64808.00
8086,31775.00,24586.00,89740.00,53580.00,50933.00,12659.00,205250.00,789953.00,65679.00
8087,31682.00,24694.00,87131.00,53464.00,51118.00,12552.00,205246.00,818919.00,57471.00
8088,37578.00,29065.00,124859.00,67470.00,54424.00,12533.00,235847.00,806812.00,65047.00
8089,34537.00,24651.00,86991.00,53592.00,51424.00,12530.00,205252.00,793864.00,54569.00
8090,35718.00,27682.00,98686.00,52828.00,28848.00,12587.00,205270.00,793410.00,54584.00
8091,35813.00,27524.00,113171.00,66241.00,51516.00,12538.00,208664.00,787425.00,66615.00
8092,34430.00,24683.00,87075.00,53519.00,51242.00,12532.00,205462.00,793250.00,54607.00
8093,35769.00,27655.00,97680.00,52818.00,28842.00,12613.00,205465.00,793393.00,54640.00
8094,35590.00,27556.00,114534.00,66337.00,50964.00,12587.00,208616.00,787374.00,65008.00
8095,34534.00,24630.00,87271.00,53558.00,51036.00,12521.00,225764.00,912642.00,54621.00
8096,35772.00,27503.00,98002.00,52776.00,28875.00,12566.00,205061.00,793313.00,73842.00
8097,31769.00,24532.00,86941.00,53538.00,54622.00,12600.00,205089.00,790032.00,67052.00
8098,31615.00,24557.00,87619.00,53542.00,51678.00,12564.00,205233.00,793858.00,54539.00
8099,35755.00,27611.00,97905.00,52982.00,28841.00,12542.00,205262.00,793118.00,64412.00
8100,31843.00,24575.00,88297.00,53596.00,72965.00,13179.00,249857.00,824697.00,76879.00
8101,34889.00,27038.00,95383.00,65537.00,59679.00,12626.00,205577.00,793346.00,54681.00
8102,35714.00,27723.00,98492.00,80920.00,57881.00,12526.00,208371.00,787134.00,65834.00
8103,31790.00,24463.00,90157.00,53605.00,51749.00,12617.00,205127.00,814788.00,75985.00
8104,34827.00,26855.00,100554.00,53447.00,51969.00,12563.00,205250.00,793835.00,54438.00
8105,35689.00,27788.00,113059.00,66132.00,51469.00,12595.00,208487.00,787413.00,64347.00
8106,31741.00,24512.00,89623.00,53523.00,51712.00,12562.00,205254.00,793380.00,54580.00
8107,35633.00,27548.00,98653.00,52804.00,28882.00,12517.00,205260.00,885559.00,54540.00
8108,43737.00,27666.00,127874.00,72871.00,59804.00,17318.00,216118.00,833181.00,76427.00
8109,34679.00,26933.00,95049.00,66979.00,52065.00,12524.00,205277.00,836273.00,54733.00
8110,35607.00,27679.00,98513.00,81147.00,55641.00,12656.00,225498.00,810038.00,64646.00
8111,31829.00,24665.00,110373.00,58609.00,53161.00,13169.00,215896.00,869293.00,57267.00
8112,37697.00,29133.00,103152.00,55465.00,30408.00,13191.00,251738.00,867279.00,64983.00
8113,31944.00,24523.00,87509.00,56231.00,92392.00,13479.00,221934.00,879898.00,59290.00
8114,38708.00,29862.00,114308.00,55603.00,30515.00,13193.00,217032.00,857556.00,54784.00
8115,35687.00,27766.00,98250.00,52747.00,28864.00,12561.00,231069.00,804615.00,70916.00
8116,34779.00,42429.00,95149.00,58790.00,68833.00,12531.00,204996.00,834775.00,54621.00
8117,35537.00,27612.00,98054.00,53241.00,62788.00,12559.00,205256.00,834392.00,64560.00
8118,31763.00,24555.00,90153.00,53490.00,51453.00,12532.00,205268.00,789938.00,67392.00
8119,31894.00,24455.00,87280.00,53511.00,51044.00,12495.00,205298.00,912476.00,54630.00
8120,35657.00,27833.00,113848.00,66979.00,53095.00,12467.00,230745.00,805584.00,84491.00
8121,34927.00,27083.00,105741.00,53561.00,51528.00,12520.00,205607.00,792487.00,54952.00
8122,35556.00,27643.00,97603.00,52743.00,28904.00,12467.00,205533.00,793342.00,64621.00
8123,31821.00,24543.00,87353.00,53694.00,50976.00,12485.00,208380.00,787129.00,69164.00
8124,31696.00,24591.00,87264.00,53570.00,51435.00,12462.00,205249.00,793409.00,54532.00
8125,35669.00,27567.00,98985.00,52863.00,28937.00,12512.00,205282.00,793401.00,54525.00
8126,31829.00,36548.00,102487.00,66505.00,50793.00,12487.00,208337.00,787452.00,67201.00
8127,31743.00,24657.00,87131.00,53490.00,52002.00,12570.00,205373.00,793466.00,54672.00
8128,35653.00,27806.00,97539.00,52843.00,28863.00,12603.00,205398.00,792997.00,54805.00
8129,42056.00,27601.00,102275.00,67602.00,61433.00,12590.00,208312.00,787916.00,67441.00
8130,31780.00,24553.00,86284.00,53574.00,51004.00,12553.00,205279.00,793150.00,54581.00
8131,35754.00,27562.00,98030.00,52928.00,28810.00,12509.00,205275.00,856939.00,71507.00
8132,34976.00,27003.00,96786.00,65669.00,63288.00,12640.00,205258.00,790050.00,67029.00
8133,31641.00,24545.00,87665.00,53476.00,51757.00,12613.00,205048.00,836482.00,54752.00
8134,35690.00,27599.00,97951.00,52782.00,45691.00,13251.00,216066.00,814615.00,65405.00
8135,31688.00,24517.00,87715.00,56452.00,51164.00,12610.00,205264.00,791124.00,64501.00
8136,31766.00,24482.00,87323.00,53619.00,51967.00,12519.00,205276.00,793404.00,54433.00
8137,35840.00,27723.00,98966.00,54669.00,61385.00,12507.00,205248.00,795998.00,65730.00
8138,31837.00,24453.00,86783.00,56298.00,50446.00,12539.00,205084.00,789866.00,64601.00
8139,31805.00,24603.00,87096.00,53615.00,51004.00,12591.00,205272.00,793222.00,54355.00
8140,35631.00,27725.00,97934.00,53588.00,61806.00,12569.00,205089.00,796294.00,65052.00
8141,31699.00,24722.00,87140.00,56208.00,51726.00,12572.00,205265.00,789953.00,65302.00
8142,31701.00,24686.00,86746.00,53692.00,64264.00,12597.00,205219.00,793374.00,54477.00
8143,35601.00,27783.00,98222.00,54775.00,59232.00,12496.00,205280.00,796482.00,65378.00
8144,31773.00,24587.00,86642.00,56332.00,50981.00,28925.00,234694.00,861150.00,54760.00
8145,35721.00,27645.00,97877.00,52905.00,29010.00,12516.00,205416.00,793689.00,54727.00
8146,35723.00,27584.00,112067.00,68294.00,57715.00,12574.00,228315.00,809758.00,65668.00
8147,34612.00,24473.00,87498.00,53547.00,59156.00,12526.00,205264.00,793222.00,54442.00
8148,35797.00,27609.00,98288.00,52736.00,28899.00,12504.00,205268.00,793444.00,54539.00
8149,35891.00,27553.00,113238.00,66592.00,51878.00,12533.00,208346.00,787505.00,64541.00
8150,34312.00,24638.00,87496.00,53561.00,51441.00,12633.00,205124.00,793408.00,54506.00
8151,35709.00,27588.00,97652.00,52750.00,28887.00,12655.00,205047.00,793016.00,54495.00
8152,35677.00,27535.00,114228.00,67223.00,50742.00,12554.00,208633.00,787210.00,66095.00
8153,34542.00,24507.00,86708.00,53498.00,59723.00,12540.00,205237.00,793584.00,54552.00
8154,35796.00,27610.00,98669.00,52855.00,28919.00,12528.00,205281.00,793143.00,54591.00
8155,35627.00,27739.00,113717.00,66386.00,51294.00,12490.00,208370.00,816219.00,77311.00
8156,34679.00,27053.00,105059.00,53574.00,51224.00,12614.00,205493.00,898719.00,73442.00
8157,38468.00,29990.00,131207.00,69257.00,54898.00,13526.00,258054.00,787542.00,67618.00
8158,31824.00,24495.00,89646.00,53474.00,51622.00,12447.00,205263.00,818403.00,57582.00
8159,37677.00,29914.00,102979.00,55612.00,30399.00,13203.00,221701.00,794020.00,54665.00
8160,35572.00,27571.00,112391.00,67762.00,50625.00,12584.00,208779.00,788731.00,64751.00
8161,31788.00,27378.00,87003.00,53550.00,51122.00,12541.00,205253.00,851342.00,54917.00
8162,35719.00,27763.00,97719.00,52774.00,28867.00,12638.00,205426.00,793831.00,55072.00
8163,31849.00,35804.00,87050.00,53414.00,56949.00,12590.00,208400.00,786948.00,69424.00
8164,31701.00,24614.00,87234.00,53504.00,51252.00,12559.00,205538.00,793948.00,54593.00
8165,35571.00,27717.00,97876.00,52819.00,28920.00,12567.00,205419.00,829330.00,67648.00
8166,31659.00,35828.00,86666.00,53492.00,51395.00,12533.00,208518.00,787343.00,69285.00
8167,31651.00,24557.00,87264.00,53609.00,51969.00,12524.00,205243.00,793940.00,54639.00
8168,35892.00,27781.00,98309.00,52750.00,28848.00,12506.00,205251.00,836043.00,60015.00
8169,35781.00,37768.00,98166.00,70537.00,59120.00,27048.00,205430.00,789959.00,65154.00
8170,31918.00,24481.00,86731.00,53562.00,51433.00,12494.00,205254.00,793506.00,54507.00
8171,35528.00,27632.00,98651.00,52822.00,28802.00,12562.00,205241.00,847752.00,67038.00
8172,31667.00,24572.00,87343.00,53509.00,53903.00,12548.00,205249.00,789891.00,64841.00
8173,31604.00,24489.00,86787.00,53416.00,51325.00,12571.00,205262.00,793872.00,54562.00
8174,35604.00,27848.00,97763.00,52774.00,28959.00,12508.00,205264.00,833859.00,79660.00
8175,31615.00,24485.00,87751.00,53542.00,57003.00,12626.00,205616.00,789991.00,64490.00
8176,31686.00,24623.00,87169.00,53557.00,51784.00,12535.00,205236.00,793456.00,54314.00
8177,35930.00,27727.00,98318.00,52737.00,28807.00,12546.00,205262.00,826796.00,108822.00
8178,51564.00,27096.00,137669.00,58804.00,76494.00,13616.00,227616.00,808395.00,54732.00
8179,35900.00,27826.00,97586.00,52812.00,28849.00,12545.00,205495.00,793931.00,54617.00
8180,35709.00,27717.00,113900.00,66954.00,52433.00,12451.00,208410.00,787068.00,64509.00
8181,34444.00,24591.00,86930.00,73958.00,56438.00,13298.00,224989.00,877823.00,54763.00
8182,35708.00,27640.00,98215.00,52764.00,28909.00,12538.00,205481.00,792607.00,77356.00
8183,31798.00,24420.00,87714.00,53616.00,50691.00,12487.00,208387.00,787672.00,95905.00
8184,34652.00,27106.00,95782.00,58753.00,53277.00,23110.00,205283.00,794503.00,54467.00
8185,35840.00,27809.00,98725.00,70513.00,65696.00,13243.00,216068.00,803729.00,72711.00
8186,31676.00,24733.00,87442.00,56430.00,51040.00,12583.00,205268.00,790620.00,64703.00
8187,31847.00,24651.00,87506.00,53504.00,52476.00,12597.00,205259.00,793720.00,54590.00
8188,35711.00,27750.00,97737.00,65482.00,50984.00,12507.00,205283.00,792775.00,65633.00
8189,31547.00,24506.00,86880.00,56375.00,51654.00,12607.00,205077.00,789699.00,65242.00
8190,31774.00,24521.00,87030.00,53575.00,51379.00,12494.00,205271.00,793624.00,54439.00
8191,35814.00,27618.00,98911.00,66609.00,50788.00,12553.00,205115.00,793214.00,65556.00
8192,31576.00,24732.00,86883.00,56326.00,51284.00,12506.00,205256.00,789875.00,64550.00
8193,31746.00,24638.00,87006.00,53578.00,52572.00,12610.00,205259.00,884412.00,54467.00
8194,35757.00,27662.00,112358.00,69004.00,51774.00,12641.00,208967.00,787637.00,65561.00
8195,31633.00,24681.00,89658.00,53599.00,50674.00,12558.00,205266.00,793504.00,54447.00
8196,35717.00,27656.00,97858.00,52778.00,28815.00,12495.00,205254.00,834051.00,57914.00
8197,37545.00,29137.00,125069.00,101869.00,51394.00,12541.00,237623.00,787309.00,66508.00
8198,31771.00,24592.00,87133.00,53574.00,52288.00,12575.00,205261.00,793404.00,54664.00
8199,35845.00,27545.00,97839.00,52842.00,28878.00,12545.00,205344.00,793688.00,56001.00
8200,31739.00,34786.00,86820.00,53589.00,50599.00,12581.00,208433.00,786971.00,67201.00
8201,31886.00,24617.00,87525.00,53596.00,51956.00,12550.00,205442.00,793367.00,54756.00
8202,35794.00,27541.00,97206.00,52813.00,28878.00,12599.00,205450.00,794270.00,54670.00
8203,43048.00,27691.00,102386.00,74979.00,51610.00,12650.00,208178.00,787264.00,75574.00
8204,31729.00,24610.00,87032.00,53497.00,51355.00,12566.00,205238.00,793773.00,54536.00
8205,35749.00,27593.00,97999.00,52733.00,28852.00,12581.00,205265.00,815226.00,57364.00
8206,34982.00,37919.00,117853.00,66215.00,82116.00,23631.00,251812.00,823597.00,68522.00
8207,31701.00,24561.00,87383.00,53546.00,51745.00,12545.00,205136.00,793690.00,54538.00
8208,35697.00,27553.00,97876.00,65523.00,50510.00,12588.00,205256.00,791898.00,64620.00
8209,31646.00,24538.00,87241.00,74873.00,53017.00,13627.00,222002.00,840388.00,57528.00
8210,35864.00,38700.00,98274.00,52912.00,28957.00,12545.00,205473.00,793705.00,54773.00
8211,35654.00,27567.00,114515.00,67472.00,50999.00,12515.00,208397.00,787722.00,64584.00
8212,31600.00,24800.00,90411.00,53591.00,50466.00,12524.00,205253.00,793975.00,54622.00
8213,35423.00,27717.00,98005.00,52741.00,28822.00,12569.00,205290.00,793396.00,54652.00
8214,35619.00,27628.00,113160.00,67158.00,51088.00,12505.00,208381.00,787226.00,65513.00
8215,31667.00,24592.00,90008.00,53542.00,52043.00,12531.00,205559.00,793501.00,54735.00
8216,35847.00,27687.00,98229.00,52726.00,28964.00,12612.00,205467.00,793531.00,54949.00
8217,35885.00,27552.00,112962.00,67748.00,65596.00,12602.00,208257.00,787420.00,66978.00
8218,34414.00,24640.00,86967.00,53623.00,102712.00,13648.00,221935.00,859163.00,66765.00
8219,35790.00,27680.00,97419.00,52821.00,28901.00,12627.00,205164.00,793351.00,77098.00
8220,31930.00,24598.00,87363.00,53436.00,63910.00,12606.00,205280.00,789262.00,65818.00
8221,31667.00,24462.00,86692.00,53600.00,51968.00,12522.00,205273.00,793549.00,54503.00
8222,35791.00,27802.00,98538.00,52934.00,28925.00,12483.00,205294.00,835822.00,75150.00
8223,31832.00,24543.00,87396.00,53557.00,54811.00,12609.00,205517.00,790156.00,66286.00
8224,31741.00,24636.00,87248.00,53515.00,50708.00,12512.00,205340.00,793551.00,54659.00
8225,35828.00,27707.00,98256.00,52783.00,29004.00,12559.00,205261.00,793044.00,76920.00
8226,31916.00,24624.00,86601.00,53506.00,52840.00,12576.00,208318.00,786829.00,66731.00
8227,31809.00,24566.00,86918.00,53499.00,51729.00,12533.00,205274.00,793765.00,54491.00
8228,35597.00,27622.00,98291.00,52748.00,28869.00,12516.00,205311.00,793103.00,56320.00
8229,31624.00,35192.00,110722.00,58910.00,52312.00,13140.00,245639.00,845056.00,64539.00
8230,31852.00,24832.00,87337.00,53638.00,51958.00,12523.00,205267.00,863887.00,74440.00
8231,38429.00,29961.00,120220.00,76847.00,73810.00,13100.00,244520.00,829475.00,73737.00
8232,34847.00,26933.00,95091.00,58803.00,74600.00,12524.00,205270.00,792414.00,54607.00
8233,35608.00,27636.00,98217.00,52838.00,28980.00,12628.00,205277.00,792833.00,76735.00
8234,31943.00,24591.00,87534.00,53516.00,51072.00,12492.00,207484.00,787003.00,96342.00
8235,34865.00,27082.00,95838.00,58782.00,54337.00,23855.00,205084.00,838389.00,54595.00
8236,35733.00,27553.00,98105.00,65008.00,52038.00,12585.00,205566.00,792670.00,64512.00
8237,31809.00,24685.00,86727.00,56422.00,51068.00,12486.00,205289.00,790387.00,75717.00
8238,31675.00,24605.00,86856.00,53550.00,51620.00,12595.00,205304.00,792504.00,54444.00
8239,35801.00,27661.00,98503.00,65144.00,59109.00,12489.00,205280.00,791318.00,65741.00
8240,31904.00,24517.00,87442.00,56258.00,56161.00,12550.00,205277.00,789713.00,64750.00
8241,31800.00,24519.00,87732.00,53561.00,50644.00,12571.00,205405.00,793941.00,54638.00
8242,35624.00,27743.00,97197.00,65365.00,59376.00,12517.00,205271.00,846800.00,72027.00
8243,35018.00,37707.00,99213.00,68396.00,60266.00,13122.00,216096.00,809760.00,54910.00
8244,35782.00,27562.00,97968.00,52775.00,28975.00,12582.00,205556.00,793191.00,54801.00
8245,35462.00,27608.00,113697.00,68169.00,51627.00,12523.00,208131.00,787843.00,64507.00
8246,31729.00,27265.00,87753.00,53507.00,54276.00,12516.00,205300.00,793506.00,54538.00
8247,35746.00,27642.00,97819.00,52873.00,28909.00,12518.00,205258.00,837585.00,54741.00
8248,35459.00,27600.00,111786.00,66367.00,52288.00,12514.00,207708.00,787331.00,74152.00
8249,31732.00,24475.00,87745.00,53588.00,51363.00,12544.00,205274.00,793342.00,54558.00
8250,35831.00,27672.00,98210.00,52758.00,28810.00,12459.00,205291.00,793318.00,54601.00
8251,31806.00,36171.00,86832.00,53555.00,52460.00,12554.00,208344.00,787818.00,64994.00
8252,31718.00,27134.00,87173.00,53562.00,54167.00,12545.00,205244.00,793920.00,54528.00
8253,35849.00,27666.00,97871.00,52774.00,28851.00,12538.00,205269.00,793156.00,54618.00
8254,44661.00,27659.00,102270.00,76997.00,51624.00,12514.00,208367.00,786978.00,76214.00
8255,31658.00,24523.00,87439.00,69259.00,63866.00,13210.00,245800.00,906302.00,54715.00
8256,35732.00,27739.00,97877.00,65440.00,51270.00,12489.00,207648.00,865861.00,80372.00
8257,33773.00,24619.00,87152.00,53593.00,50706.00,28683.00,216224.00,814486.00,54521.00
8258,35625.00,27678.00,97641.00,52813.00,28836.00,12595.00,205553.00,836375.00,71460.00
8259,34838.00,37978.00,95775.00,75672.00,53499.00,13534.00,224924.00,847370.00,77611.00
8260,34832.00,27124.00,95929.00,75841.00,62752.00,13576.00,221961.00,871536.00,57582.00
8261,38724.00,45278.00,125295.00,82750.00,52967.00,13174.00,245538.00,886588.00,71493.00
8262,34677.00,26927.00,99814.00,53600.00,51685.00,12532.00,205273.00,797151.00,54778.00
8263,35711.00,27747.00,98346.00,52834.00,28888.00,12507.00,205416.00,796832.00,81539.00
8264,31658.00,24644.00,87723.00,56652.00,57973.00,12495.00,205245.00,789686.00,65496.00
8265,31657.00,24597.00,86849.00,53562.00,51531.00,12498.00,205268.00,793227.00,54696.00
8266,35785.00,27788.00,97738.00,66173.00,51219.00,12524.00,205274.00,791091.00,106141.00
8267,51147.00,27017.00,101765.00,60247.00,59767.00,13632.00,229716.00,804205.00,54643.00
8268,35587.00,27591.00,97989.00,52843.00,28895.00,12616.00,205296.00,793431.00,54608.00
8269,35757.00,27801.00,113619.00,85655.00,50600.00,12495.00,208374.00,787319.00,66091.00
8270,31681.00,27305.00,87498.00,53531.00,50654.00,12512.00,205280.00,793205.00,54626.00
8271,35805.00,27722.00,98966.00,52906.00,28827.00,12536.00,205264.00,793593.00,54552.00
8272,36051.00,27547.00,113100.00,66735.00,51638.00,12587.00,229133.00,809008.00,67590.00
8273,31806.00,24517.00,86886.00,53540.00,52074.00,12641.00,205232.00,793398.00,54584.00
8274,35861.00,27696.00,98826.00,52750.00,28897.00,12564.00,205267.00,793545.00,54542.00
8275,31871.00,37077.00,102379.00,67335.00,59289.00,12523.00,208321.00,787264.00,68367.00
8276,31724.00,24405.00,87521.00,53513.00,52169.00,12526.00,205304.00,793289.00,54409.00
8277,35814.00,27789.00,98477.00,52852.00,28911.00,12597.00,205255.00,793638.00,54542.00
8278,31985.00,37128.00,102253.00,66122.00,50842.00,12585.00,208555.00,788941.00,67263.00
8279,31630.00,24681.00,87357.00,53602.00,52022.00,12481.00,205260.00,887266.00,68523.00
8280,47831.00,29180.00,97684.00,52858.00,28921.00,12533.00,225647.00,857343.00,65476.00
8281,31850.00,24570.00,89436.00,53552.00,50460.00,12559.00,205257.00,790255.00,91885.00
8282,34647.00,26972.00,95692.00,58810.00,59684.00,13229.00,219579.00,793432.00,54648.00
8283,35472.00,27578.00,112940.00,66221.00,51343.00,12528.00,208369.00,787392.00,76012.00
8284,34736.00,24534.00,87076.00,53555.00,59477.00,12660.00,205484.00,818895.00,57728.00
8285,37683.00,29089.00,109696.00,52784.00,28932.00,12553.00,205455.00,820408.00,54567.00
8286,42939.00,27620.00,102414.00,75238.00,51133.00,12620.00,208590.00,788218.00,68255.00
8287,31798.00,24603.00,87166.00,53577.00,50532.00,28526.00,216348.00,815893.00,54906.00
8288,35685.00,27603.00,97394.00,52821.00,28935.00,12520.00,205456.00,810225.00,67997.00
8289,34708.00,27271.00,95386.00,85584.00,85125.00,13580.00,221925.00,890820.00,71477.00
8290,61879.00,26894.00,112989.00,60237.00,53190.00,13582.00,230089.00,835459.00,96430.00
8291,34868.00,26919.00,96163.00,58667.00,72456.00,13562.00,247059.00,834347.00,74618.00
8292,31713.00,24718.00,87036.00,53486.00,55848.00,12588.00,205116.00,793314.00,54471.00
8293,35662.00,27512.00,111255.00,79450.00,51071.00,12571.00,208951.00,787157.00,64613.00
8294,31811.00,24635.00,89684.00,53561.00,52321.00,12538.00,205251.00,794027.00,54484.00
8295,35778.00,27743.00,98514.00,52796.00,28843.00,12695.00,205248.00,793510.00,54559.00
8296,35619.00,27747.00,111448.00,66721.00,50379.00,12490.00,208374.00,787210.00,72740.00
8297,31630.00,24562.00,108129.00,58805.00,52594.00,13165.00,224940.00,827954.00,54820.00
8298,35854.00,27571.00,98021.00,52696.00,28934.00,12590.00,205297.00,793843.00,54818.00
8299,35840.00,27660.00,112568.00,67131.00,50593.00,12584.00,208472.00,787371.00,68167.00
8300,31775.00,27216.00,86570.00,53555.00,51967.00,12568.00,205451.00,792944.00,54653.00
8301,35697.00,27801.00,97027.00,52689.00,28930.00,12581.00,205446.00,793191.00,54766.00
8302,35627.00,27867.00,112571.00,66842.00,51110.00,12486.00,208084.00,787467.00,64762.00
8303,66539.00,27883.00,98437.00,60282.00,53347.00,13614.00,237773.00,860738.00,57782.00
8304,54316.00,29096.00,105247.00,68766.00,78651.00,23130.00,207717.00,787126.00,71551.00
8305,31564.00,24498.00,89931.00,53574.00,50700.00,12632.00,228815.00,818256.00,54843.00
8306,35619.00,27715.00,127614.00,55402.00,30379.00,13265.00,216215.00,810742.00,54793.00
8307,45451.00,27699.00,102072.00,66231.00,50850.00,12605.00,208557.00,787215.00,65617.00
8308,31823.00,27336.00,87031.00,53558.00,50543.00,12582.00,205405.00,823163.00,57521.00
8309,35575.00,39018.00,97867.00,52789.00,28912.00,12564.00,205026.00,837267.00,65517.00
8310,31562.00,24561.00,87141.00,53641.00,51268.00,12647.00,207725.00,787366.00,67455.00
8311,31776.00,24535.00,86474.00,53613.00,51764.00,12577.00,205276.00,793660.00,54607.00
8312,35532.00,27639.00,98163.00,52759.00,28880.00,12598.00,205237.00,793600.00,54485.00
8313,31646.00,36834.00,102698.00,66859.00,50545.00,12430.00,208081.00,787591.00,67689.00
8314,31788.00,24664.00,87232.00,53470.00,52246.00,12596.00,205278.00,793183.00,54555.00
8315,35511.00,27674.00,98528.00,52842.00,28913.00,12538.00,205278.00,832407.00,59555.00
8316,35743.00,37766.00,97714.00,70410.00,63597.00,17048.00,218018.00,790073.00,65204.00
8317,31664.00,24642.00,87445.00,53548.00,51836.00,12552.00,205259.00,793597.00,54625.00
8318,35699.00,27590.00,97774.00,52910.00,28893.00,12634.00,205269.00,793501.00,64095.00
8319,31769.00,24575.00,86896.00,53543.00,54979.00,12524.00,208104.00,787074.00,67879.00
8320,31736.00,24756.00,87249.00,53573.00,52096.00,12573.00,205262.00,793179.00,54544.00
8321,35730.00,27814.00,98823.00,52666.00,28879.00,12637.00,205273.00,793454.00,55512.00
8322,31678.00,34817.00,87094.00,53510.00,50493.00,12504.00,208355.00,787422.00,68663.00
8323,34989.00,40609.00,94981.00,58803.00,52796.00,13210.00,219946.00,792950.00,54608.00
8324,35819.00,27693.00,98795.00,52759.00,28890.00,12469.00,205251.00,793815.00,65320.00
8325,31689.00,24540.00,87163.00,53556.00,51730.00,12575.00,208279.00,787350.00,67957.00
8326,31823.00,24527.00,86936.00,53581.00,51018.00,12619.00,205257.00,793073.00,54720.00
8327,35828.00,27601.00,98448.00,52805.00,28892.00,12523.00,205287.00,793569.00,54545.00
8328,42620.00,27649.00,102551.00,67033.00,50456.00,12441.00,208401.00,898043.00,72744.00
8329,31702.00,24622.00,87321.00,53486.00,51820.00,12508.00,205247.00,793515.00,54576.00
8330,35674.00,27639.00,99143.00,52830.00,28737.00,12478.00,205316.00,801384.00,67392.00
8331,31868.00,24707.00,87362.00,53675.00,53821.00,12535.00,205300.00,789718.00,65468.00
8332,31739.00,24706.00,87034.00,53523.00,58769.00,12535.00,205492.00,819417.00,57659.00
8333,37533.00,29180.00,109572.00,52735.00,28831.00,12639.00,205256.00,799183.00,64457.00
8334,31859.00,24503.00,86934.00,53529.00,52723.00,12546.00,205122.00,791283.00,64470.00
8335,31789.00,24549.00,87363.00,53575.00,53887.00,12509.00,205264.00,835762.00,54593.00
8336,52689.00,27813.00,112904.00,64980.00,59511.00,12499.00,208054.00,788603.00,65508.00
8337,31795.00,24426.00,89296.00,53569.00,50431.00,12545.00,205282.00,789989.00,65207.00
8338,31896.00,24532.00,87825.00,53508.00,51791.00,12573.00,205592.00,793610.00,54804.00
8339,35743.00,27724.00,97869.00,83395.00,51872.00,12628.00,208365.00,787277.00,67817.00
8340,31911.00,24587.00,89911.00,53519.00,51202.00,12557.00,205601.00,851940.00,69152.00
8341,37649.00,29150.00,112193.00,52812.00,28992.00,12586.00,205463.00,794559.00,54528.00
8342,35903.00,27587.00,113576.00,66573.00,51404.00,12533.00,208487.00,787631.00,65488.00
8343,34433.00,24483.00,87193.00,53519.00,51351.00,12538.00,205259.00,793797.00,54650.00
8344,35832.00,27644.00,98220.00,52665.00,28893.00,12527.00,205247.00,793651.00,54679.00
8345,35709.00,27655.00,114149.00,70875.00,51130.00,12703.00,208519.00,787241.00,64490.00
8346,34499.00,24607.00,86574.00,53568.00,52791.00,12540.00,205258.00,793360.00,54630.00
8347,35744.00,27609.00,98071.00,52766.00,28855.00,12610.00,205249.00,793717.00,54592.00
8348,35696.00,27652.00,114776.00,66875.00,54479.00,12483.00,228760.00,809559.00,70917.00
8349,31850.00,24701.00,86977.00,53569.00,51439.00,12543.00,205303.00,793821.00,54620.00
8350,35663.00,27705.00,98945.00,52847.00,28781.00,12512.00,205269.00,793690.00,54380.00
8351,42868.00,27654.00,103050.00,70416.00,53776.00,12635.00,208406.00,787342.00,67834.00
8352,31638.00,24514.00,87241.00,53477.00,52001.00,12516.00,205282.00,793611.00,54557.00
8353,35671.00,27471.00,97865.00,52886.00,28861.00,12539.00,228059.00,888225.00,73816.00
8354,31721.00,24544.00,87573.00,53552.00,55273.00,12624.00,205282.00,789855.00,81327.00
8355,34952.00,26984.00,96027.00,58788.00,69744.00,12469.00,205276.00,793407.00,54608.00
8356,35838.00,27739.00,98149.00,65089.00,50411.00,12514.00,205455.00,796826.00,64592.00
8357,31705.00,24683.00,86522.00,56206.00,50892.00,12605.00,205292.00,791298.00,64295.00
8358,31790.00,24546.00,86711.00,53583.00,59963.00,12553.00,205234.00,793695.00,54728.00
8359,35803.00,27405.00,97917.00,65296.00,52567.00,12572.00,205259.00,794449.00,66305.00
8360,31771.00,24562.00,86890.00,56268.00,51510.00,12676.00,205286.00,811688.00,69672.00
8361,34778.00,26912.00,95648.00,66839.00,51596.00,12585.00,205288.00,792876.00,54438.00
8362,35759.00,27736.00,111523.00,66868.00,51334.00,12469.00,208467.00,787221.00,65313.00
8363,31757.00,24650.00,90231.00,53538.00,50442.00,12488.00,205454.00,793376.00,54612.00
8364,35807.00,27571.00,97442.00,52780.00,28871.00,12563.00,205490.00,793251.00,54558.00
8365,35651.00,27687.00,101106.00,74355.00,51624.00,12534.00,208364.00,871655.00,65021.00
8366,34936.00,24529.00,86892.00,53508.00,50683.00,12575.00,205278.00,793839.00,54501.00
8367,35772.00,27636.00,98509.00,52767.00,28867.00,12544.00,205243.00,794204.00,54388.00
8368,35743.00,27851.00,113849.00,66718.00,50356.00,12559.00,208227.00,787481.00,64555.00
8369,34626.00,24572.00,87412.00,53622.00,51028.00,12517.00,205319.00,793157.00,54468.00
8370,35805.00,27549.00,98120.00,52781.00,28844.00,12568.00,205273.00,793546.00,54611.00
8371,35709.00,27534.00,113765.00,69044.00,51742.00,12530.00,208410.00,787178.00,65684.00
8372,34839.00,24579.00,87288.00,53539.00,54665.00,12557.00,205244.00,793548.00,54584.00
8373,35905.00,27608.00,98000.00,52900.00,28807.00,12549.00,205276.00,838559.00,54889.00
8374,35837.00,27725.00,114773.00,67454.00,61628.00,12573.00,238683.00,787389.00,76928.00
8375,31680.00,24454.00,87592.00,53507.00,51937.00,12549.00,205572.00,793539.00,54718.00
8376,35705.00,27545.00,98191.00,52828.00,28823.00,12568.00,228089.00,869033.00,64532.00
8377,31620.00,24597.00,87162.00,53509.00,52689.00,12628.00,205293.00,811426.00,78773.00
8378,35768.00,43346.00,123954.00,60363.00,57400.00,13689.00,237476.00,794156.00,54516.00
8379,35748.00,27568.00,115091.00,68017.00,50444.00,12602.00,208487.00,787316.00,66551.00
8380,31825.00,24598.00,90289.00,53542.00,56544.00,12536.00,205335.00,829740.00,65783.00
8381,35535.00,27761.00,97656.00,52854.00,28776.00,12552.00,205260.00,842362.00,54763.00
8382,42710.00,27750.00,103039.00,69602.00,51652.00,12595.00,208429.00,786689.00,68081.00
8383,31704.00,24690.00,86731.00,71115.00,52872.00,13084.00,215986.00,806396.00,54675.00
8384,35750.00,27416.00,97667.00,52848.00,28770.00,12525.00,205481.00,793481.00,64647.00
8385,31861.00,24578.00,87575.00,53561.00,53800.00,12592.00,208180.00,786823.00,84870.00
8386,34875.00,26942.00,96159.00,58787.00,53612.00,13175.00,218406.00,830103.00,54464.00
8387,35564.00,27725.00,98317.00,52824.00,28973.00,12588.00,205135.00,801178.00,64707.00
8388,31632.00,24587.00,86837.00,53631.00,54928.00,12562.00,205268.00,790289.00,65882.00
8389,31639.00,24548.00,86582.00,53583.00,51614.00,12522.00,205277.00,793614.00,54539.00
8390,35664.00,27701.00,98567.00,52669.00,28726.00,12540.00,231921.00,879039.00,71283.00
8391,31704.00,35467.00,89743.00,53589.00,50633.00,12499.00,205302.00,790141.00,64971.00
8392,31831.00,24660.00,86969.00,53578.00,51184.00,12683.00,205131.00,793773.00,54523.00
8393,35540.00,27683.00,98219.00,65210.00,50622.00,12545.00,205280.00,791513.00,65452.00
8394,31886.00,24393.00,87642.00,56269.00,50847.00,12619.00,205268.00,789906.00,64749.00
8395,31747.00,24626.00,86619.00,53483.00,52483.00,12536.00,205075.00,793173.00,54566.00
8396,35549.00,27781.00,98123.00,67212.00,50345.00,12577.00,205267.00,792031.00,69284.00
8397,31684.00,24742.00,87139.00,56321.00,51537.00,12540.00,205289.00,790460.00,65906.00
8398,31718.00,24653.00,86721.00,53571.00,69467.00,12618.00,205502.00,793269.00,54634.00
8399,35746.00,27753.00,98927.00,87561.00,51786.00,12547.00,208684.00,826877.00,66871.00
8400,31738.00,24491.00,89743.00,53512.00,50712.00,12545.00,205256.00,793826.00,54616.00
8401,35570.00,27822.00,98652.00,52770.00,28972.00,12519.00,205269.00,793236.00,54291.00
8402,35773.00,27735.00,112341.00,67643.00,55583.00,12598.00,226267.00,879707.00,68680.00
8403,31685.00,24484.00,87305.00,53547.00,51069.00,12499.00,205260.00,793638.00,54510.00
8404,35711.00,27731.00,98498.00,52830.00,28842.00,12529.00,205254.00,793916.00,54346.00
8405,42461.00,27667.00,102338.00,68216.00,61998.00,12542.00,208604.00,788637.00,66982.00
8406,31851.00,24590.00,87201.00,53559.00,51709.00,12499.00,205241.00,793351.00,54534.00
8407,53000.00,27687.00,103316.00,55668.00,30397.00,13206.00,222722.00,832330.00,74746.00
8408,31883.00,24711.00,87592.00,53615.00,58627.00,12585.00,205484.00,790082.00,65417.00
8409,31864.00,24480.00,87247.00,53575.00,50516.00,12635.00,205251.00,794170.00,54562.00
8410,35733.00,27649.00,98426.00,52747.00,28836.00,12438.00,205300.00,793383.00,77575.00
8411,31690.00,24561.00,87349.00,53479.00,51317.00,15648.00,205254.00,786989.00,97758.00
8412,34683.00,27133.00,96034.00,58786.00,53680.00,13283.00,216924.00,792881.00,54636.00
8413,35691.00,27665.00,97696.00,52974.00,63169.00,12589.00,205274.00,797137.00,65548.00
8414,31709.00,24731.00,87213.00,53634.00,52295.00,12504.00,205288.00,806472.00,83449.00
8415,34802.00,26910.00,95504.00,68973.00,52729.00,12647.00,248452.00,864498.00,54657.00
8416,35792.00,27575.00,113606.00,67777.00,50549.00,12507.00,207925.00,787015.00,65190.00
8417,49994.00,27488.00,95447.00,58754.00,52983.00,13211.00,222372.00,824610.00,65604.00
8418,35594.00,27615.00,97600.00,52794.00,28874.00,12552.00,205441.00,845482.00,66538.00
8419,31809.00,24631.00,87040.00,73479.00,54125.00,13238.00,215861.00,876211.00,69892.00
8420,34506.00,27052.00,101697.00,53533.00,50366.00,12539.00,245197.00,862865.00,54687.00
8421,41570.00,27698.00,120085.00,87058.00,96971.00,13594.00,222189.00,876006.00,71251.00
8422,34894.00,37854.00,101107.00,53632.00,52374.00,12523.00,205271.00,794492.00,54650.00
8423,35801.00,27695.00,97994.00,52724.00,28857.00,12588.00,208815.00,856922.00,111634.00
8424,51606.00,30550.00,97918.00,60244.00,72465.00,13217.00,218654.00,792971.00,54613.00
8425,35812.00,27683.00,98251.00,52742.00,28950.00,12662.00,205423.00,793750.00,77604.00
8426,31772.00,24521.00,87622.00,53559.00,58855.00,12509.00,208071.00,847989.00,75124.00
8427,35634.00,27704.00,106544.00,67186.00,60577.00,12584.00,205253.00,793047.00,54655.00
8428,35770.00,27463.00,98025.00,65332.00,51120.00,12544.00,205239.00,836905.00,78763.00
8429,34932.00,26880.00,99803.00,58829.00,52858.00,13122.00,218682.00,841162.00,54700.00
8430,35922.00,27779.00,97661.00,52820.00,28880.00,12593.00,205465.00,793824.00,54809.00
8431,35844.00,27801.00,112941.00,66651.00,51120.00,12540.00,208526.00,786933.00,65779.00
8432,31708.00,27264.00,87272.00,53555.00,56628.00,12556.00,205246.00,793535.00,54338.00
8433,35842.00,27765.00,98482.00,52895.00,28924.00,12553.00,205264.00,793159.00,54574.00
8434,35544.00,27668.00,112854.00,66170.00,52027.00,12630.00,209041.00,787081.00,65083.00
8435,31931.00,27273.00,86722.00,53653.00,50469.00,12549.00,205260.00,793274.00,54559.00
8436,35803.00,27563.00,98497.00,52840.00,28860.00,12503.00,205291.00,836683.00,54717.00
8437,43845.00,27610.00,102434.00,74107.00,58089.00,12561.00,208079.00,787048.00,68105.00
8438,31588.00,24720.00,87203.00,53532.00,51692.00,12545.00,205445.00,793569.00,54656.00
8439,51719.00,27702.00,103400.00,55608.00,30465.00,13197.00,220783.00,906107.00,65715.00
8440,31651.00,24398.00,87457.00,56691.00,57745.00,12517.00,205264.00,790744.00,64707.00
8441,31708.00,24514.00,87491.00,53458.00,51249.00,12527.00,205248.00,793258.00,54581.00
8442,35607.00,27864.00,98667.00,65108.00,59214.00,12576.00,205266.00,795401.00,64524.00
8443,31890.00,24637.00,87187.00,56233.00,50828.00,12662.00,205175.00,789741.00,64465.00
8444,31697.00,24661.00,87616.00,53527.00,51682.00,12612.00,205137.00,793340.00,54466.00
8445,35622.00,27411.00,98378.00,64977.00,50735.00,12533.00,205439.00,794490.00,66474.00
8446,31718.00,24585.00,86750.00,56276.00,50370.00,12538.00,205242.00,790839.00,64510.00
8447,31727.00,24645.00,87016.00,53495.00,52344.00,12579.00,205261.00,793373.00,54508.00
8448,35614.00,27669.00,98559.00,55391.00,59043.00,12503.00,205007.00,795052.00,64403.00
8449,31685.00,24631.00,111463.00,78642.00,54062.00,13600.00,248229.00,827385.00,54612.00
8450,35748.00,27654.00,98246.00,52910.00,28882.00,12613.00,205049.00,793359.00,54589.00
8451,35752.00,27628.00,113539.00,69362.00,51294.00,12531.00,226029.00,851276.00,77137.00
8452,31756.00,24573.00,86752.00,53521.00,50413.00,12586.00,205450.00,793533.00,54695.00
8453,35761.00,27613.00,98492.00,52728.00,28913.00,12581.00,205314.00,797038.00,54511.00
8454,35811.00,27690.00,97798.00,52824.00,28828.00,12592.00,208315.00,787324.00,64408.00
8455,31729.00,27132.00,86860.00,53510.00,50922.00,12571.00,205256.00,842658.00,54830.00
8456,35821.00,27602.00,97906.00,52837.00,28948.00,12520.00,205381.00,911277.00,85195.00
8457,35677.00,27729.00,97921.00,63234.00,92768.00,13543.00,225055.00,895798.00,58997.00
8458,38570.00,29750.00,106201.00,66785.00,30401.00,13179.00,233928.00,831417.00,63902.00
8459,31839.00,24536.00,86385.00,53565.00,50882.00,12500.00,234675.00,824789.00,78287.00
8460,34859.00,26982.00,95659.00,65958.00,51392.00,12504.00,205265.00,836753.00,54521.00
8461,35649.00,27829.00,97883.00,65320.00,74810.00,13213.00,236629.00,846118.00,69888.00
8462,34900.00,30565.00,113846.00,60173.00,53843.00,23976.00,216104.00,853503.00,54669.00
8463,35552.00,27664.00,98147.00,52819.00,28973.00,12570.00,249679.00,866932.00,70239.00
8464,31852.00,36845.00,90223.00,74894.00,52289.00,13262.00,216059.00,829393.00,57773.00
8465,37631.00,29152.00,109960.00,52830.00,28921.00,12562.00,205277.00,834835.00,54801.00
8466,35690.00,27717.00,112844.00,66229.00,50682.00,12600.00,231061.00,805735.00,104918.00
8467,34856.00,27020.00,95873.00,58718.00,60358.00,23687.00,205491.00,838293.00,54473.00
8468,35896.00,27770.00,97678.00,54715.00,58013.00,12683.00,205410.00,836984.00,65052.00
8469,31782.00,24561.00,90423.00,74302.00,54623.00,13327.00,226150.00,818189.00,57881.00
8470,37612.00,29058.00,109308.00,52877.00,28834.00,12564.00,205250.00,853252.00,59174.00
8471,46974.00,30016.00,115533.00,73765.00,53049.00,13535.00,232764.00,850598.00,81347.00
8472,35839.00,27669.00,98233.00,70450.00,52979.00,13105.00,216032.00,870869.00,57607.00
8473,37789.00,29014.00,121762.00,71626.00,53128.00,13206.00,241616.00,852919.00,80970.00
8474,35731.00,27743.00,98361.00,60190.00,62700.00,13161.00,216145.00,863639.00,75926.00
8475,39535.00,30576.00,133557.00,81881.00,53485.00,13571.00,262765.00,830176.00,81739.00
8476,34449.00,27020.00,95504.00,58856.00,70508.00,12538.00,205277.00,793997.00,54439.00
8477,35666.00,27658.00,98610.00,52825.00,28902.00,12524.00,205265.00,803263.00,65443.00
8478,31807.00,24665.00,87113.00,53461.00,53723.00,12543.00,205121.00,789665.00,65191.00
8479,31722.00,24520.00,87350.00,53550.00,51773.00,12590.00,205290.00,794743.00,54577.00
8480,35803.00,27616.00,98662.00,52791.00,28840.00,12552.00,205249.00,848216.00,65902.00
8481,31773.00,24615.00,86478.00,53500.00,62561.00,12462.00,205292.00,789636.00,64585.00
8482,31860.00,24737.00,87078.00,53502.00,52054.00,12520.00,205254.00,792708.00,54574.00
8483,35602.00,27704.00,98973.00,52798.00,28888.00,12555.00,205269.00,793637.00,75327.00
8484,31535.00,24642.00,87260.00,53598.00,62917.00,12726.00,205271.00,789513.00,66120.00
8485,31739.00,24578.00,86947.00,53598.00,52376.00,12531.00,205255.00,793689.00,54483.00
8486,35634.00,27503.00,97567.00,52838.00,28880.00,12497.00,205270.00,837089.00,72631.00
8487,31788.00,24608.00,87704.00,53570.00,53573.00,12623.00,249785.00,911360.00,67346.00
8488,31716.00,24563.00,87233.00,53488.00,52301.00,12487.00,205282.00,792276.00,54469.00
8489,35638.00,27533.00,98429.00,52831.00,28955.00,12588.00,208441.00,788549.00,75619.00
8490,31653.00,24619.00,90196.00,53609.00,51755.00,12597.00,205239.00,822972.00,57507.00
8491,37586.00,29248.00,110506.00,52794.00,28795.00,12616.00,205463.00,814843.00,57723.00
8492,37632.00,29092.00,133335.00,67787.00,51240.00,12507.00,208416.00,786801.00,64788.00
8493,31786.00,27659.00,87606.00,53555.00,51687.00,12536.00,205265.00,793670.00,54634.00
8494,35601.00,27672.00,98833.00,52798.00,28940.00,12541.00,205273.00,793077.00,54560.00
8495,44115.00,27493.00,102465.00,67373.00,50565.00,12550.00,208451.00,787013.00,70195.00
8496,31665.00,27277.00,86783.00,53619.00,51442.00,12503.00,205291.00,792951.00,54596.00
8497,35739.00,27541.00,98274.00,52719.00,28775.00,12536.00,205283.00,793182.00,54761.00
8498,44929.00,27656.00,102219.00,67126.00,51211.00,12462.00,208427.00,787346.00,79501.00
8499,34942.00,40684.00,95249.00,58784.00,53718.00,13173.00,219713.00,887546.00,54465.00
8500,35843.00,27710.00,97714.00,53857.00,61433.00,12577.00,205256.00,795492.00,64488.00
8501,31912.00,24592.00,86586.00,56515.00,50683.00,12561.00,205271.00,789818.00,79848.00
8502,31738.00,24573.00,87238.00,53611.00,51696.00,12547.00,205256.00,793552.00,54542.00
8503,35537.00,27760.00,97873.00,65169.00,51961.00,12604.00,205520.00,794269.00,82316.00
8504,31844.00,24500.00,87305.00,56344.00,51615.00,12578.00,205590.00,791522.00,64588.00
8505,31681.00,24603.00,87474.00,53614.00,51327.00,12566.00,205249.00,808954.00,54575.00
8506,35713.00,27783.00,98367.00,80936.00,51479.00,12581.00,208808.00,787603.00,65367.00
8507,31603.00,24502.00,89785.00,53579.00,51453.00,12541.00,205273.00,790816.00,64619.00
8508,31700.00,24723.00,87015.00,53598.00,51651.00,12503.00,205053.00,793612.00,54489.00
8509,35852.00,27528.00,99302.00,75220.00,53085.00,12525.00,208114.00,787390.00,65759.00
8510,31757.00,24413.00,90756.00,53484.00,57742.00,12658.00,205478.00,793581.00,54558.00
8511,35807.00,27667.00,97654.00,52792.00,28833.00,12451.00,205427.00,831908.00,57522.00
8512,38666.00,45456.00,122696.00,94590.00,60223.00,13553.00,233794.00,803505.00,68105.00
8513,31806.00,24449.00,87524.00,53666.00,50941.00,12551.00,205264.00,794206.00,54547.00
8514,35812.00,27748.00,98485.00,52708.00,28855.00,12558.00,205253.00,793886.00,54576.00
8515,31858.00,36989.00,102407.00,66431.00,50696.00,12583.00,208422.00,788355.00,67526.00
8516,31687.00,24586.00,87104.00,53573.00,51374.00,12475.00,205252.00,793116.00,54668.00
8517,35844.00,27500.00,98476.00,52823.00,28903.00,12511.00,205256.00,793345.00,54315.00
8518,42262.00,27802.00,102316.00,66321.00,51385.00,12564.00,208409.00,786846.00,67887.00
8519,31796.00,24562.00,87078.00,53498.00,51287.00,12524.00,205259.00,793540.00,54586.00
8520,35623.00,27571.00,98091.00,52852.00,28831.00,12568.00,205249.00,793443.00,54649.00
8521,43434.00,27644.00,102593.00,66274.00,51755.00,12538.00,208427.00,787185.00,69616.00
8522,31643.00,24542.00,86720.00,53667.00,51666.00,12443.00,205265.00,877863.00,54653.00
8523,35477.00,27656.00,97491.00,52754.00,28770.00,12550.00,205403.00,856753.00,65733.00
8524,31669.00,24484.00,87191.00,53617.00,81777.00,13157.00,235398.00,916839.00,67932.00
8525,46935.00,29059.00,97406.00,52852.00,28827.00,12601.00,205035.00,794204.00,54602.00
8526,44784.00,27711.00,102282.00,75264.00,53846.00,12516.00,209442.00,787488.00,65497.00
8527,31720.00,27322.00,87355.00,53559.00,50825.00,12506.00,205270.00,793520.00,54520.00
8528,35672.00,27493.00,98154.00,52841.00,28805.00,12598.00,205265.00,825793.00,57696.00
8529,53450.00,29122.00,102475.00,76097.00,50787.00,12521.00,208495.00,872668.00,64580.00
8530,31598.00,24682.00,87524.00,53512.00,51749.00,12574.00,205558.00,793435.00,54717.00
8531,35524.00,27738.00,97773.00,52921.00,72166.00,12441.00,205254.00,795615.00,75189.00
8532,31728.00,24500.00,87115.00,56289.00,50958.00,12537.00,205252.00,789624.00,72866.00
8533,31905.00,24621.00,87207.00,53518.00,51748.00,12551.00,205263.00,793531.00,54565.00
8534,35884.00,27522.00,97898.00,65349.00,51684.00,12582.00,205237.00,794356.00,65172.00
8535,31857.00,24579.00,87499.00,56257.00,50716.00,12574.00,205264.00,790304.00,66074.00
8536,31774.00,24634.00,86978.00,53565.00,52238.00,12552.00,205030.00,883516.00,57360.00
8537,37606.00,29039.00,124046.00,68336.00,55688.00,12559.00,228774.00,804620.00,65686.00
8538,30794.00,28169.00,123887.00,58622.00,52878.00,13228.00,220009.00,821674.00,65065.00
8539,35814.00,27664.00,98006.00,52866.00,28837.00,12487.00,205250.00,793357.00,63904.00
8540,31899.00,24688.00,87705.00,53660.00,50916.00,12605.00,208414.00,787219.00,70289.00
8541,31920.00,24565.00,86936.00,53500.00,51878.00,12521.00,205330.00,793568.00,54497.00
8542,35793.00,27740.00,97869.00,52828.00,28856.00,12496.00,205235.00,793802.00,55154.00
8543,31616.00,35374.00,86913.00,53502.00,51306.00,12547.00,208418.00,787551.00,78840.00
8544,31711.00,24548.00,87150.00,53561.00,51158.00,12450.00,205280.00,793141.00,54623.00
8545,35745.00,27428.00,98276.00,52857.00,28829.00,12546.00,205266.00,793285.00,54598.00
8546,42576.00,27727.00,102396.00,66301.00,52390.00,12438.00,208060.00,787425.00,67405.00
8547,31784.00,24485.00,86959.00,53559.00,51283.00,12570.00,205275.00,793084.00,54526.00
8548,35780.00,27732.00,98069.00,52771.00,28897.00,12479.00,205227.00,811902.00,57624.00
8549,45223.00,29150.00,139228.00,73016.00,61698.00,16842.00,232864.00,871549.00,64486.00
8550,31771.00,24447.00,86742.00,53534.00,50623.00,12603.00,205457.00,793870.00,54534.00
8551,35748.00,27655.00,97447.00,65507.00,60849.00,12540.00,208552.00,786983.00,69174.00
8552,31619.00,24592.00,89709.00,53534.00,51061.00,12667.00,205369.00,790112.00,65336.00
8553,31813.00,24532.00,87001.00,53619.00,51926.00,12526.00,205318.00,793400.00,54619.00
8554,35554.00,27614.00,99799.00,75263.00,53729.00,12576.00,228959.00,811788.00,80417.00
8555,31911.00,24500.00,90611.00,53632.00,50957.00,12480.00,205258.00,793600.00,54520.00
8556,35765.00,27635.00,98537.00,52770.00,28829.00,12560.00,205248.00,793733.00,54443.00
8557,35573.00,27594.00,113174.00,68006.00,54274.00,12528.00,227373.00,807066.00,71097.00
8558,31770.00,24500.00,87017.00,53573.00,51477.00,12566.00,205479.00,793420.00,54510.00
8559,35799.00,27723.00,97668.00,52822.00,28789.00,12593.00,205504.00,793106.00,54703.00
8560,35722.00,27643.00,113556.00,67098.00,62267.00,12662.00,208512.00,788861.00,64782.00
8561,31805.00,27216.00,87192.00,53589.00,74773.00,13355.00,236823.00,869355.00,65447.00
8562,35692.00,27657.00,98049.00,52830.00,28875.00,12579.00,205240.00,833661.00,66624.00
8563,31647.00,24668.00,87380.00,56496.00,55321.00,12607.00,205279.00,789663.00,65492.00
8564,31742.00,24567.00,86832.00,53496.00,52007.00,12559.00,205255.00,793593.00,54515.00
8565,35923.00,27649.00,98264.00,53301.00,65879.00,12533.00,205261.00,818663.00,70395.00
8566,34828.00,27055.00,95897.00,69395.00,66716.00,12566.00,205273.00,793434.00,54515.00
8567,35814.00,27647.00,98733.00,52813.00,28922.00,12600.00,205271.00,793023.00,54520.00
8568,35725.00,27650.00,99872.00,83034.00,50835.00,12624.00,208390.00,786957.00,65781.00
8569,31712.00,24634.00,89867.00,53579.00,51645.00,12534.00,205288.00,793647.00,54511.00
8570,35682.00,27710.00,98814.00,52909.00,28974.00,12500.00,205247.00,793401.00,54509.00
8571,35567.00,27651.00,99282.00,78188.00,50418.00,12498.00,208342.00,787443.00,66357.00
8572,31856.00,24553.00,89600.00,53503.00,55884.00,12571.00,205267.00,792070.00,64674.00
8573,31793.00,24640.00,86961.00,53570.00,56629.00,12595.00,205243.00,892819.00,57602.00
8574,37327.00,29022.00,151221.00,84046.00,87244.00,13234.00,216397.00,833253.00,71861.00
8575,34828.00,27012.00,95335.00,68773.00,52163.00,12513.00,205251.00,834020.00,54615.00
8576,37389.00,44431.00,116702.00,71981.00,52882.00,13302.00,219928.00,807315.00,70984.00
8577,50546.00,24697.00,95562.00,58739.00,54046.00,13321.00,218896.00,821744.00,57636.00
8578,37595.00,29177.00,103209.00,55540.00,46955.00,13533.00,226407.00,858760.00,65236.00
8579,31746.00,24705.00,105361.00,80308.00,54227.00,13529.00,221923.00,862657.00,57524.00
8580,48813.00,45059.00,121836.00,56950.00,31329.00,13630.00,236523.00,903140.00,93617.00
8581,44756.00,26863.00,87279.00,56167.00,73257.00,13170.00,224388.00,797210.00,54791.00
8582,35676.00,27633.00,97906.00,52819.00,28943.00,12597.00,205126.00,796659.00,54693.00
8583,35620.00,27729.00,97697.00,52712.00,28921.00,12549.00,205459.00,795650.00,65649.00
8584,31685.00,24636.00,86658.00,56248.00,52871.00,12513.00,205237.00,789814.00,65456.00
8585,31800.00,24635.00,87445.00,53415.00,50924.00,12505.00,244997.00,893471.00,54647.00
8586,35549.00,27569.00,113431.00,69988.00,51619.00,12508.00,229670.00,806328.00,68548.00
8587,34862.00,41363.00,95832.00,58828.00,52637.00,13117.00,219700.00,794094.00,54550.00
8588,35854.00,27831.00,97922.00,52810.00,28876.00,12557.00,205475.00,794074.00,65127.00
8589,31794.00,24548.00,87199.00,53576.00,50923.00,12547.00,208540.00,787665.00,67396.00
8590,31669.00,24426.00,87145.00,53556.00,52076.00,12553.00,205277.00,793507.00,54659.00
8591,35624.00,27617.00,98058.00,52764.00,29015.00,12606.00,205274.00,793614.00,54536.00
8592,42222.00,27627.00,102593.00,66253.00,51488.00,12601.00,208369.00,787246.00,68137.00
8593,31758.00,24490.00,86931.00,53661.00,51800.00,12500.00,205252.00,793591.00,54523.00
8594,35744.00,27799.00,97900.00,52753.00,28940.00,12564.00,205249.00,793743.00,54457.00
8595,43047.00,27469.00,102402.00,67255.00,53483.00,12524.00,208178.00,787010.00,68262.00
8596,31702.00,24452.00,87320.00,53519.00,51245.00,12492.00,205251.00,793224.00,54602.00
8597,35851.00,27671.00,98131.00,52780.00,28856.00,12529.00,205243.00,835064.00,54577.00
8598,48140.00,36806.00,134346.00,90218.00,56318.00,13577.00,222142.00,838370.00,71509.00
8599,34828.00,26911.00,95955.00,64229.00,58337.00,12555.00,205259.00,869983.00,54735.00
8600,35624.00,27719.00,98312.00,52794.00,28850.00,12435.00,208404.00,787039.00,65689.00
8601,31755.00,24417.00,90314.00,53542.00,58878.00,12538.00,205239.00,793390.00,54587.00
8602,35680.00,27676.00,98248.00,52780.00,28819.00,12518.00,205263.00,793482.00,54441.00
8603,35773.00,27589.00,112702.00,87767.00,73246.00,13657.00,226201.00,819945.00,68456.00
8604,34861.00,40736.00,95753.00,58783.00,53177.00,13201.00,216387.00,812272.00,54827.00
8605,35791.00,27578.00,97656.00,52778.00,28991.00,12626.00,205631.00,793175.00,63846.00
8606,31885.00,24625.00,87901.00,53593.00,50683.00,12565.00,208137.00,787092.00,68731.00
8607,31675.00,24636.00,87264.00,53579.00,52034.00,12546.00,205250.00,793684.00,54509.00
8608,35528.00,27672.00,97665.00,52814.00,28875.00,12548.00,205264.00,793485.00,55211.00
8609,31559.00,36709.00,86784.00,53570.00,52428.00,12539.00,208429.00,807049.00,110826.00
8610,35564.00,27581.00,98661.00,60266.00,54380.00,13506.00,233870.00,794079.00,54718.00
8611,35901.00,27718.00,98143.00,52887.00,72041.00,12541.00,205239.00,796251.00,69914.00
8612,31716.00,24428.00,107231.00,62219.00,62006.00,13404.00,216089.00,803045.00,65711.00
8613,31546.00,24503.00,86787.00,53615.00,52604.00,12553.00,205297.00,793903.00,54603.00
8614,35726.00,27509.00,111068.00,68308.00,56091.00,12559.00,208083.00,788741.00,73344.00
8615,31664.00,24509.00,90054.00,53474.00,50470.00,12576.00,205252.00,793683.00,54465.00
8616,35713.00,27685.00,98913.00,52724.00,28937.00,12514.00,205262.00,793691.00,54598.00
8617,35708.00,27769.00,113288.00,66597.00,51312.00,12543.00,208575.00,788446.00,70706.00
8618,31477.00,24528.00,89979.00,53598.00,50546.00,12528.00,205259.00,794293.00,54668.00
8619,35760.00,27669.00,98362.00,52872.00,28781.00,12528.00,205273.00,793453.00,54529.00
8620,35580.00,27557.00,111427.00,76775.00,51800.00,12510.00,208426.00,788384.00,70713.00
8621,31644.00,24698.00,89576.00,53598.00,50528.00,12604.00,205262.00,793319.00,54542.00
8622,35733.00,27611.00,98046.00,52796.00,28799.00,12559.00,225868.00,888229.00,57486.00
8623,43475.00,38632.00,102104.00,67953.00,51147.00,12502.00,232466.00,803874.00,78664.00
8624,31954.00,24554.00,87875.00,53457.00,56029.00,12547.00,205274.00,857661.00,66662.00
8625,35627.00,27492.00,98259.00,53360.00,62059.00,12645.00,205145.00,830686.00,70093.00
8626,31616.00,24628.00,105986.00,58761.00,53081.00,13293.00,223960.00,793058.00,71891.00
8627,37677.00,29260.00,107929.00,52819.00,28811.00,12482.00,205473.00,793658.00,54656.00
8628,35715.00,27750.00,113539.00,66372.00,51725.00,12513.00,208394.00,786787.00,64872.00
8629,34524.00,24452.00,86862.00,53569.00,51107.00,12495.00,205263.00,793350.00,54435.00
8630,35743.00,27577.00,98106.00,52727.00,28870.00,12523.00,205214.00,794203.00,54471.00
8631,35665.00,27710.00,113499.00,67970.00,51515.00,12536.00,208392.00,788919.00,64393.00
8632,31853.00,24577.00,89924.00,53476.00,54911.00,12502.00,205248.00,793575.00,54724.00
8633,35796.00,27526.00,98723.00,52718.00,28861.00,12563.00,205267.00,793427.00,54369.00
8634,35580.00,27503.00,115605.00,67483.00,50837.00,12450.00,208401.00,874600.00,70631.00
8635,31729.00,24647.00,87002.00,53632.00,52408.00,12503.00,205262.00,794075.00,54600.00
8636,35581.00,27535.00,98368.00,52837.00,28907.00,12520.00,205231.00,793754.00,55249.00
8637,31822.00,36067.00,102741.00,66230.00,51859.00,12569.00,232184.00,808382.00,86159.00
8638,31928.00,24541.00,86909.00,53490.00,52329.00,12485.00,205263.00,793986.00,54486.00
8639,35599.00,27623.00,98839.00,52830.00,28940.00,12565.00,205244.00,793076.00,88253.00
8640,31590.00,24685.00,87613.00,53552.00,60474.00,12493.00,205253.00,790016.00,65994.00
8641,31752.00,24456.00,87046.00,53665.00,51759.00,12562.00,205294.00,793542.00,54545.00
8642,35676.00,27741.00,97973.00,52826.00,28801.00,12513.00,205257.00,793461.00,64512.00
8643,31525.00,24613.00,87360.00,53498.00,50893.00,12552.00,208419.00,787281.00,67344.00
8644,31692.00,24573.00,86889.00,53592.00,51781.00,12534.00,205258.00,793453.00,54601.00
8645,35695.00,27504.00,99124.00,52708.00,28889.00,12545.00,205262.00,793419.00,54798.00
8646,31832.00,35752.00,87277.00,53467.00,51097.00,12535.00,208354.00,787046.00,97679.00
8647,34721.00,26936.00,96237.00,58711.00,53500.00,13182.00,285051.00,865084.00,54711.00
8648,35742.00,27605.00,98218.00,78398.00,57577.00,12552.00,208527.00,787113.00,66113.00
8649,31834.00,24553.00,90278.00,53572.00,51747.00,12596.00,205240.00,816294.00,57780.00
8650,37671.00,29206.00,111348.00,52785.00,29073.00,12543.00,205049.00,833199.00,54584.00
8651,35699.00,27528.00,114181.00,67450.00,60626.00,12529.00,230950.00,838460.00,80527.00
8652,42813.00,26776.00,87049.00,53488.00,51124.00,12583.00,205272.00,793540.00,54479.00
8653,35850.00,27645.00,98445.00,52862.00,28866.00,12466.00,205262.00,793442.00,63853.00
8654,31939.00,24728.00,87445.00,53620.00,50465.00,12587.00,208399.00,787296.00,69679.00
8655,31695.00,24503.00,86738.00,53530.00,52382.00,12635.00,205137.00,793421.00,54500.00
8656,35815.00,27813.00,98151.00,52846.00,28956.00,12499.00,205094.00,793646.00,55148.00
8657,31706.00,35695.00,86743.00,53545.00,50451.00,12442.00,208371.00,787399.00,64864.00
8658,31819.00,27228.00,86751.00,53530.00,50715.00,12472.00,205298.00,793147.00,54710.00
8659,35658.00,27693.00,98190.00,52719.00,28849.00,29026.00,236374.00,836864.00,64456.00
8660,31866.00,24686.00,86940.00,53574.00,50632.00,12532.00,208465.00,787337.00,69168.00
8661,31844.00,24641.00,87141.00,53587.00,52345.00,12524.00,205225.00,793075.00,54490.00
8662,35893.00,27821.00,97862.00,52819.00,28879.00,12542.00,205295.00,837069.00,66120.00
8663,31894.00,24671.00,87385.00,53629.00,51208.00,12486.00,233983.00,912008.00,95323.00
8664,34881.00,37795.00,96058.00,58747.00,81459.00,12534.00,205243.00,793672.00,54550.00
8665,35631.00,27726.00,113633.00,68101.00,52324.00,12572.00,209302.00,787052.00,65088.00
8666,31698.00,27316.00,87906.00,53606.00,51300.00,12458.00,205255.00,793570.00,54518.00
8667,35806.00,27572.00,98297.00,52715.00,28943.00,12520.00,205260.00,793427.00,54499.00
8668,35772.00,27613.00,113295.00,66609.00,51171.00,12535.00,208401.00,788269.00,64446.00
8669,34453.00,24683.00,87578.00,53545.00,51032.00,12506.00,205265.00,865912.00,57443.00
8670,37941.00,29136.00,112825.00,52713.00,28938.00,12468.00,205052.00,849363.00,75438.00
8671,31679.00,24494.00,87483.00,53519.00,57512.00,12651.00,230491.00,919174.00,78133.00
8672,31798.00,24416.00,87951.00,53577.00,50555.00,12481.00,205259.00,793991.00,54599.00
8673,35606.00,27564.00,114268.00,67921.00,54444.00,12594.00,208555.00,787554.00,65709.00
8674,34446.00,24554.00,87460.00,53604.00,51431.00,12506.00,205268.00,793879.00,54783.00
8675,35730.00,27469.00,98557.00,52856.00,28860.00,12603.00,205232.00,879544.00,71232.00
8676,53880.00,40424.00,105554.00,57230.00,31258.00,13686.00,235676.00,790396.00,110767.00
8677,34793.00,26833.00,96179.00,58758.00,53569.00,13263.00,217357.00,792909.00,54632.00
8678,35626.00,27686.00,113910.00,69163.00,54927.00,13144.00,219665.00,799809.00,66767.00
8679,31668.00,24652.00,136393.00,60187.00,53736.00,13617.00,241647.00,794169.00,54511.00
8680,35540.00,27608.00,98489.00,52855.00,28855.00,12465.00,205267.00,793554.00,54461.00
8681,35453.00,27809.00,115204.00,72653.00,50729.00,12622.00,208586.00,788319.00,64425.00
8682,34368.00,24637.00,87458.00,53531.00,51278.00,12447.00,205271.00,793928.00,54559.00
8683,35931.00,27621.00,114703.00,55572.00,30423.00,13211.00,260610.00,860462.00,75570.00
8684,31720.00,24693.00,87852.00,53563.00,53795.00,12533.00,205341.00,790344.00,64464.00
8685,31729.00,24608.00,86892.00,53540.00,51635.00,12570.00,205240.00,793711.00,54515.00
8686,35745.00,27681.00,135100.00,57105.00,31381.00,13560.00,221727.00,822729.00,64278.00
8687,31724.00,24562.00,86738.00,56249.00,52322.00,12527.00,205279.00,810098.00,70699.00
8688,34735.00,26828.00,96001.00,58833.00,82014.00,12508.00,205229.00,792902.00,54488.00
8689,35639.00,27584.00,111621.00,69677.00,51041.00,12584.00,208502.00,788247.00,66742.00
8690,31711.00,24521.00,89593.00,53617.00,52399.00,12597.00,205096.00,793403.00,54541.00
8691,35560.00,27658.00,97816.00,52765.00,28933.00,12584.00,205110.00,793561.00,54562.00
8692,35643.00,27706.00,112340.00,73015.00,52310.00,12637.00,208349.00,787539.00,64538.00
8693,31714.00,24565.00,89883.00,53565.00,50711.00,12441.00,205274.00,793451.00,54656.00
8694,36001.00,27568.00,98630.00,52744.00,28984.00,12504.00,205309.00,793730.00,54628.00
8695,35847.00,27615.00,111155.00,67467.00,57586.00,12703.00,208352.00,814690.00,71215.00
8696,34869.00,26775.00,98483.00,75738.00,60253.00,13499.00,232256.00,809645.00,54455.00
8697,35794.00,27755.00,97781.00,52833.00,28966.00,12610.00,205093.00,793190.00,54545.00
8698,43679.00,27628.00,140639.00,87052.00,74095.00,13609.00,222051.00,821787.00,66437.00
8699,31623.00,24645.00,87655.00,53512.00,52586.00,12633.00,205070.00,793596.00,54531.00
8700,35571.00,27720.00,97703.00,54787.00,63319.00,12522.00,205257.00,850562.00,66134.00
8701,31723.00,24675.00,90288.00,53542.00,50869.00,12565.00,205318.00,789647.00,66888.00
8702,31763.00,24406.00,86948.00,53685.00,51658.00,12563.00,205262.00,793859.00,54639.00
8703,35997.00,27553.00,101359.00,71447.00,50403.00,12504.00,208675.00,822710.00,68743.00
8704,31794.00,24509.00,90272.00,53580.00,50633.00,12570.00,205246.00,794099.00,54551.00
8705,35729.00,27524.00,98205.00,52738.00,28859.00,12564.00,205270.00,793265.00,54633.00
8706,35761.00,27599.00,112012.00,68560.00,51597.00,12547.00,226307.00,810841.00,67150.00
8707,34696.00,24595.00,86972.00,53600.00,50722.00,12517.00,233131.00,809355.00,74393.00
8708,38524.00,29925.00,105355.00,56923.00,31267.00,13471.00,238530.00,793955.00,64822.00
8709,31639.00,24683.00,87445.00,53511.00,51125.00,12509.00,208040.00,787299.00,67139.00
8710,31747.00,24649.00,86966.00,53544.00,51357.00,12733.00,205082.00,793579.00,54692.00
8711,35614.00,27632.00,98590.00,52856.00,28975.00,12511.00,205180.00,794502.00,54638.00
8712,42888.00,27594.00,102863.00,66250.00,50955.00,12504.00,208382.00,786836.00,67574.00
8713,35038.00,41821.00,95340.00,58836.00,54188.00,13197.00,220676.00,793986.00,54603.00
8714,35802.00,27641.00,97791.00,52777.00,28951.00,12603.00,205345.00,793727.00,64749.00
8715,31631.00,24589.00,87786.00,53525.00,56084.00,12597.00,208389.00,786952.00,67966.00
8716,31850.00,24658.00,86386.00,53586.00,51028.00,12539.00,205324.00,793011.00,54642.00
8717,35667.00,27627.00,98096.00,52851.00,28951.00,12609.00,205318.00,793497.00,54612.00
8718,31815.00,36320.00,87863.00,53540.00,51105.00,12568.00,208334.00,787638.00,67319.00
8719,31975.00,27347.00,87073.00,53531.00,51189.00,12547.00,205267.00,793620.00,54668.00
8720,35636.00,27847.00,98355.00,52941.00,28793.00,12668.00,205266.00,886520.00,69847.00
8721,45990.00,27495.00,95558.00,67577.00,58031.00,12526.00,205228.00,789986.00,65383.00
8722,31812.00,24648.00,87427.00,53419.00,52043.00,12521.00,205257.00,793558.00,54451.00
8723,35964.00,27581.00,98500.00,52833.00,28861.00,12544.00,205294.00,850291.00,66052.00
8724,31652.00,24563.00,87452.00,53544.00,51995.00,12651.00,205473.00,790207.00,66162.00
8725,31803.00,24741.00,87433.00,53688.00,51646.00,12520.00,205426.00,880077.00,54566.00
8726,35676.00,27718.00,97836.00,66634.00,51273.00,12527.00,232873.00,827350.00,64751.00
8727,31912.00,24659.00,88996.00,53567.00,52070.00,12569.00,205248.00,793713.00,54588.00
8728,35746.00,27581.00,98564.00,52748.00,28783.00,12581.00,205286.00,793371.00,54571.00
8729,35567.00,27588.00,113374.00,67452.00,53191.00,12474.00,208320.00,834496.00,93690.00
8730,51677.00,26843.00,97837.00,60225.00,53229.00,13480.00,250815.00,903115.00,59310.00
8731,37534.00,40024.00,109788.00,89048.00,51003.00,12514.00,227839.00,841398.00,73721.00
8732,34634.00,26895.00,95395.00,64641.00,51570.00,12489.00,205262.00,891290.00,54533.00
8733,35873.00,27685.00,97945.00,52780.00,28950.00,12541.00,205119.00,800047.00,64979.00
8734,31855.00,24539.00,87089.00,53561.00,71323.00,13347.00,216093.00,803658.00,64840.00
8735,31695.00,24411.00,87321.00,53535.00,51178.00,12553.00,205312.00,837044.00,54765.00
8736,35533.00,27697.00,98352.00,65185.00,61614.00,12506.00,232346.00,855770.00,64753.00
8737,34998.00,24406.00,112534.00,60351.00,53513.00,13590.00,233494.00,877131.00,69521.00
8738,37531.00,29095.00,103307.00,55592.00,30329.00,13153.00,216266.00,863026.00,96366.00
8739,34857.00,27109.00,114278.00,60222.00,61367.00,13665.00,232400.00,838541.00,57462.00
8740,36347.00,39317.00,97377.00,52870.00,28874.00,12522.00,205507.00,793354.00,54807.00
8741,42778.00,27596.00,102382.00,67289.00,50395.00,12536.00,236183.00,806253.00,98304.00
8742,34947.00,27089.00,96011.00,58817.00,54953.00,13317.00,218099.00,836266.00,54560.00
8743,35759.00,27665.00,97306.00,54616.00,70268.00,12552.00,222033.00,861316.00,64442.00
8744,31615.00,24560.00,111042.00,58859.00,52890.00,13174.00,216089.00,876335.00,65457.00
8745,35596.00,27786.00,98640.00,52823.00,28807.00,12477.00,205256.00,834796.00,64285.00
8746,31718.00,24683.00,87397.00,53525.00,54273.00,12501.00,207832.00,802819.00,54838.00
8747,35778.00,27625.00,97584.00,52772.00,28966.00,12657.00,205315.00,793713.00,54751.00
8748,35815.00,27626.00,97747.00,52774.00,28900.00,12538.00,205310.00,793458.00,65228.00
8749,31571.00,24594.00,87416.00,53625.00,56969.00,12503.00,208293.00,786822.00,68709.00
8750,50843.00,24599.00,95653.00,58728.00,52536.00,29707.00,228573.00,847388.00,54516.00
8751,35745.00,27671.00,97817.00,53453.00,61931.00,12598.00,205444.00,794413.00,65513.00
8752,31672.00,24657.00,86765.00,56308.00,53735.00,12540.00,205105.00,834667.00,74542.00
8753,31728.00,24617.00,86532.00,53460.00,51590.00,12526.00,205261.00,843360.00,54613.00
8754,35643.00,27636.00,112816.00,67159.00,51254.00,12500.00,208435.00,787680.00,65952.00
8755,31692.00,24529.00,89817.00,53562.00,55709.00,12477.00,205259.00,824370.00,54830.00
8756,35757.00,27559.00,98021.00,52837.00,28820.00,12593.00,205554.00,886709.00,55816.00
8757,31674.00,35179.00,87597.00,53529.00,51524.00,12559.00,208892.00,787404.00,75237.00
8758,31812.00,24495.00,87242.00,53529.00,51594.00,12521.00,205275.00,793335.00,54494.00
8759,35695.00,27648.00,98644.00,52863.00,28863.00,12536.00,205263.00,793393.00,54529.00
8760,31759.00,36659.00,102622.00,70257.00,51375.00,12443.00,208395.00,787147.00,67155.00
8761,31878.00,24643.00,86568.00,53572.00,51926.00,12724.00,205268.00,793440.00,54579.00
8762,35849.00,27669.00,98583.00,52787.00,28808.00,12514.00,205282.00,793377.00,54629.00
8763,31816.00,37202.00,102399.00,68333.00,51181.00,12532.00,232235.00,806112.00,76545.00
8764,31698.00,24542.00,87157.00,53469.00,51363.00,12501.00,205268.00,793261.00,54514.00
8765,35652.00,27801.00,98217.00,52775.00,28799.00,12517.00,205239.00,793473.00,65132.00
8766,31956.00,24478.00,87207.00,53606.00,51758.00,12561.00,208431.00,787119.00,68697.00
8767,31761.00,24516.00,87287.00,53540.00,51266.00,12500.00,205500.00,793693.00,54918.00
8768,35744.00,27587.00,97463.00,52881.00,28928.00,12567.00,205475.00,793218.00,54959.00
8769,31593.00,36784.00,123432.00,113397.00,63454.00,13555.00,221890.00,822858.00,76086.00
8770,31755.00,24425.00,87141.00,53562.00,51029.00,12586.00,205263.00,794121.00,54614.00
8771,35770.00,27613.00,98234.00,65008.00,51584.00,12527.00,205282.00,793635.00,64651.00
8772,31794.00,24569.00,86667.00,56243.00,51195.00,12551.00,205606.00,791305.00,64327.00
8773,31872.00,24599.00,86927.00,53566.00,52570.00,12527.00,205065.00,793358.00,54671.00
8774,35712.00,27592.00,98534.00,64995.00,50892.00,12487.00,205274.00,794672.00,66564.00
8775,31815.00,24618.00,87060.00,56520.00,68839.00,12535.00,205263.00,815117.00,69641.00
8776,34720.00,27068.00,95129.00,68876.00,51421.00,12525.00,205459.00,793019.00,54818.00
8777,35748.00,27720.00,111285.00,68041.00,52619.00,12534.00,208191.00,787309.00,65747.00
8778,31813.00,24586.00,89688.00,53643.00,60913.00,12658.00,205575.00,793596.00,54800.00
8779,35739.00,27570.00,97611.00,52773.00,28926.00,12519.00,205494.00,793602.00,54959.00
8780,35559.00,27718.00,112370.00,66803.00,50723.00,12594.00,208430.00,788151.00,64543.00
8781,31678.00,24652.00,89563.00,53558.00,51174.00,12565.00,222187.00,886257.00,59149.00
8782,38611.00,29942.00,116013.00,55671.00,40770.00,12586.00,205260.00,793642.00,64867.00
8783,31790.00,24514.00,87210.00,53559.00,50814.00,12562.00,208758.00,787351.00,67879.00
8784,31767.00,24737.00,87215.00,53496.00,52429.00,12529.00,205239.00,793636.00,54644.00
8785,35765.00,27642.00,98456.00,52812.00,28777.00,12465.00,205257.00,793661.00,54551.00
8786,31641.00,37130.00,102572.00,67408.00,55635.00,12538.00,208333.00,787160.00,75400.00
8787,31776.00,24564.00,86654.00,53512.00,51776.00,12597.00,205253.00,793570.00,54734.00
8788,35961.00,27558.00,98146.00,52837.00,28845.00,12574.00,205250.00,836929.00,65310.00
8789,31625.00,24721.00,87652.00,53562.00,50562.00,12497.00,208060.00,787448.00,67666.00
8790,31738.00,24583.00,87327.00,53544.00,50940.00,12502.00,205249.00,823464.00,57456.00
8791,35720.00,38776.00,97632.00,52801.00,28843.00,12643.00,205405.00,794144.00,64352.00
8792,31726.00,24611.00,87874.00,53550.00,57724.00,12503.00,208533.00,787301.00,68160.00
8793,31653.00,24565.00,87232.00,53538.00,49870.00,12634.00,205344.00,838075.00,59109.00
8794,38590.00,29970.00,105889.00,57126.00,41463.00,13212.00,217290.00,801003.00,64689.00
8795,31632.00,24660.00,87673.00,53581.00,53202.00,12577.00,205273.00,789185.00,71719.00
8796,31698.00,24588.00,87011.00,53500.00,52214.00,12496.00,205244.00,793097.00,54625.00
8797,35823.00,27711.00,98329.00,52770.00,28805.00,12556.00,205255.00,793521.00,72772.00
8798,31687.00,24637.00,87254.00,53620.00,50850.00,15559.00,205271.00,790091.00,65671.00
8799,31727.00,24550.00,87390.00,53545.00,50948.00,12592.00,205488.00,793377.00,54657.00
8800,35852.00,27714.00,98208.00,52872.00,28881.00,12547.00,205441.00,793461.00,64544.00
8801,31837.00,24544.00,87590.00,53547.00,50432.00,12538.00,232683.00,808244.00,75817.00
8802,31737.00,24571.00,87293.00,53592.00,58512.00,12524.00,205242.00,793160.00,54600.00
8803,35633.00,27648.00,98874.00,52766.00,28872.00,12590.00,205272.00,793488.00,75421.00
8804,31705.00,24643.00,87274.00,53427.00,61152.00,16309.00,205276.00,790141.00,71962.00
8805,31825.00,24605.00,86893.00,53515.00,52044.00,12509.00,205225.00,793277.00,54605.00
8806,35734.00,27667.00,98796.00,52748.00,28852.00,12616.00,224388.00,914016.00,96699.00
8807,43152.00,26955.00,109504.00,66209.00,51186.00,12581.00,205233.00,794659.00,54419.00
8808,35712.00,27754.00,98120.00,52703.00,28871.00,12538.00,205275.00,793369.00,54599.00
8809,35698.00,27645.00,113623.00,67288.00,57463.00,12555.00,208292.00,787189.00,64847.00
8810,31756.00,24591.00,90058.00,53457.00,51012.00,12527.00,205262.00,837047.00,54705.00
8811,35638.00,27743.00,98948.00,52795.00,28984.00,12686.00,205418.00,793242.00,54555.00
8812,35731.00,27669.00,113618.00,66474.00,52166.00,12530.00,208403.00,787987.00,64995.00
8813,34351.00,24516.00,86482.00,53494.00,51326.00,12480.00,205256.00,820573.00,57313.00
8814,47811.00,29158.00,98000.00,52780.00,28835.00,12536.00,205052.00,792414.00,54550.00
8815,42463.00,27795.00,102566.00,66797.00,50746.00,12632.00,208474.00,787672.00,67403.00
8816,31863.00,24606.00,87072.00,53477.00,51168.00,12469.00,205268.00,864699.00,67183.00
8817,35577.00,27692.00,97511.00,52801.00,28892.00,12579.00,205048.00,842177.00,91255.00
8818,31741.00,24597.00,86867.00,53492.00,56003.00,12474.00,205288.00,868660.00,69702.00
8819,42363.00,26827.00,86941.00,53607.00,51696.00,12542.00,205247.00,793703.00,54783.00
8820,35716.00,27753.00,111359.00,66119.00,51581.00,12543.00,226023.00,810185.00,66329.00
8821,34557.00,24657.00,86745.00,53576.00,51863.00,12544.00,205272.00,793921.00,54634.00
8822,35664.00,27686.00,98471.00,52852.00,28941.00,12518.00,205269.00,793832.00,54492.00
8823,35549.00,27643.00,113802.00,67767.00,52394.00,12625.00,217473.00,787044.00,65159.00
8824,34538.00,24638.00,87183.00,53503.00,51405.00,12490.00,205290.00,836730.00,55062.00
8825,35626.00,27753.00,97453.00,52730.00,28939.00,12580.00,205450.00,793937.00,54900.00
8826,44222.00,27480.00,102880.00,71504.00,51846.00,12549.00,230861.00,807257.00,86542.00
8827,34872.00,26970.00,99101.00,53653.00,51681.00,12559.00,205119.00,823544.00,57588.00
8828,37566.00,29115.00,110408.00,52816.00,28931.00,12584.00,205308.00,835470.00,81230.00
8829,31691.00,24603.00,87455.00,56345.00,50543.00,12590.00,205549.00,789964.00,74499.00
8830,31770.00,24609.00,86653.00,53557.00,51783.00,12564.00,205116.00,823168.00,67126.00
8831,35675.00,27847.00,114388.00,124205.00,53248.00,29414.00,225809.00,846592.00,67466.00
8832,31677.00,24499.00,86802.00,53511.00,50679.00,12491.00,205263.00,793366.00,54670.00
8833,35741.00,27739.00,98712.00,52816.00,28853.00,12519.00,205288.00,793126.00,54481.00
8834,31624.00,36685.00,102439.00,66127.00,51762.00,12666.00,208451.00,787378.00,67706.00
8835,31816.00,24543.00,87408.00,53581.00,50948.00,12612.00,205271.00,793622.00,54344.00
8836,35798.00,27632.00,97519.00,52837.00,28854.00,12555.00,205231.00,793573.00,54617.00
8837,42121.00,27655.00,102722.00,69145.00,51686.00,12614.00,208138.00,787226.00,67352.00
8838,31786.00,24656.00,87004.00,53502.00,50640.00,12596.00,205250.00,822709.00,57331.00
8839,46192.00,29252.00,98177.00,52914.00,28902.00,12569.00,205072.00,792472.00,65464.00
8840,31883.00,24557.00,86699.00,53584.00,50546.00,12612.00,208189.00,787266.00,68543.00
8841,31773.00,24598.00,86977.00,53626.00,51668.00,12506.00,205250.00,793601.00,54537.00
8842,35742.00,27602.00,98431.00,52742.00,28910.00,12519.00,205266.00,794094.00,54614.00
8843,42738.00,27496.00,102867.00,117471.00,67442.00,17595.00,221948.00,820481.00,65941.00
8844,31665.00,24602.00,86833.00,53552.00,53301.00,12428.00,205250.00,793843.00,54575.00
8845,35517.00,27629.00,98807.00,52873.00,28791.00,12526.00,205265.00,801018.00,64771.00
8846,31720.00,24466.00,86673.00,53505.00,54229.00,12561.00,205252.00,789775.00,65348.00
8847,31790.00,24530.00,87373.00,53570.00,52605.00,12541.00,205250.00,793694.00,54664.00
8848,35833.00,27650.00,97444.00,52942.00,28846.00,12469.00,205251.00,793728.00,77449.00
8849,31714.00,24523.00,87780.00,53615.00,53689.00,15704.00,205123.00,787304.00,66647.00
8850,31718.00,24750.00,87483.00,53576.00,51939.00,12611.00,205113.00,794210.00,54495.00
8851,35820.00,27674.00,98042.00,52734.00,28849.00,12548.00,205167.00,793406.00,65314.00
8852,31706.00,24660.00,87124.00,53491.00,50928.00,12614.00,231037.00,806682.00,75988.00
8853,31839.00,24646.00,87188.00,53542.00,51769.00,12490.00,205282.00,793513.00,54601.00
8854,35803.00,27649.00,98989.00,52811.00,28979.00,12451.00,205259.00,793425.00,64679.00
8855,31587.00,24433.00,87565.00,53475.00,50694.00,12545.00,208371.00,849153.00,81244.00
8856,50973.00,27021.00,98160.00,70288.00,53086.00,13231.00,221751.00,793811.00,54641.00
8857,35641.00,27521.00,97515.00,65622.00,59389.00,12563.00,205252.00,790858.00,66062.00
8858,31786.00,24539.00,86743.00,56327.00,51431.00,12567.00,205524.00,790211.00,66240.00
8859,31636.00,24471.00,86807.00,53592.00,51668.00,12575.00,205245.00,793689.00,54664.00
8860,35594.00,27645.00,98117.00,82756.00,51418.00,12559.00,208358.00,787286.00,66033.00
8861,31684.00,24555.00,89660.00,53529.00,58079.00,12606.00,205259.00,790998.00,65694.00
8862,31643.00,24577.00,86768.00,53527.00,52141.00,12500.00,205278.00,793583.00,54408.00
8863,35595.00,27481.00,101404.00,73386.00,51198.00,12586.00,208426.00,787379.00,72090.00
8864,31725.00,24630.00,90678.00,53599.00,51015.00,12571.00,205052.00,815594.00,57545.00
8865,37698.00,29131.00,113973.00,52968.00,28820.00,12559.00,205086.00,792772.00,54654.00
8866,35811.00,27735.00,112397.00,67798.00,59926.00,12503.00,208467.00,786727.00,75986.00
8867,31799.00,24512.00,89938.00,53551.00,50695.00,12603.00,205474.00,813169.00,74882.00
8868,38524.00,30036.00,105393.00,57246.00,31189.00,13649.00,236142.00,793510.00,54538.00
8869,31710.00,36457.00,86994.00,53596.00,51058.00,12563.00,208384.00,787340.00,65558.00
8870,31652.00,27336.00,87503.00,53495.00,54511.00,12556.00,205256.00,793535.00,54687.00
8871,35782.00,27493.00,98262.00,52810.00,28896.00,29284.00,216291.00,813917.00,55184.00
8872,31623.00,35676.00,86931.00,53593.00,50418.00,12648.00,208434.00,788158.00,68783.00
8873,49220.00,24662.00,95994.00,58779.00,52330.00,13263.00,221187.00,793144.00,54625.00
8874,35635.00,27747.00,96875.00,52818.00,28989.00,12494.00,205454.00,793177.00,80269.00
8875,31825.00,24638.00,87116.00,53542.00,50886.00,12573.00,208527.00,787843.00,67063.00
8876,31699.00,24561.00,87301.00,53539.00,51839.00,12599.00,205271.00,793818.00,54618.00
8877,35759.00,27666.00,98565.00,52864.00,28790.00,12565.00,205285.00,835870.00,56309.00
8878,31939.00,34424.00,87012.00,53601.00,50404.00,12569.00,208069.00,787361.00,71178.00
8879,31803.00,24499.00,87101.00,53550.00,51931.00,12610.00,205302.00,793871.00,54518.00
8880,35891.00,27803.00,98135.00,52791.00,28837.00,12617.00,205268.00,870498.00,102538.00
8881,34735.00,26878.00,103798.00,55991.00,70285.00,13271.00,215955.00,826050.00,71372.00
8882,34849.00,26864.00,104900.00,53475.00,51428.00,12486.00,205298.00,793012.00,54602.00
8883,35822.00,27684.00,112111.00,66111.00,51122.00,12595.00,226236.00,809623.00,70670.00
8884,34314.00,24645.00,86691.00,53592.00,50922.00,12478.00,205308.00,888043.00,67640.00
8885,35687.00,27684.00,97905.00,52754.00,28885.00,12544.00,205441.00,873379.00,81766.00
8886,34918.00,27045.00,103445.00,56966.00,74500.00,13248.00,216062.00,914786.00,57533.00
8887,37759.00,29006.00,103211.00,55609.00,30442.00,29161.00,231990.00,806588.00,55321.00
8888,31776.00,34869.00,86869.00,59200.00,51190.00,12523.00,208861.00,786918.00,67377.00
8889,31756.00,24564.00,86492.00,53576.00,50599.00,12510.00,207633.00,866155.00,66419.00
8890,35655.00,27613.00,97822.00,52771.00,28942.00,12458.00,205261.00,811821.00,78288.00
8891,35007.00,27069.00,106215.00,53618.00,52718.00,29276.00,216102.00,827343.00,74523.00
8892,34891.00,26913.00,95657.00,64904.00,69757.00,13189.00,255072.00,914750.00,68138.00
8893,31681.00,36582.00,86876.00,53571.00,52352.00,15423.00,205290.00,789063.00,80961.00
8894,31754.00,24511.00,87215.00,53587.00,51417.00,12613.00,212799.00,793871.00,54648.00
8895,35607.00,27654.00,98036.00,52963.00,28913.00,12590.00,205272.00,792917.00,63858.00
8896,31769.00,24566.00,87194.00,53529.00,52742.00,12511.00,208407.00,787151.00,68890.00
8897,31834.00,24485.00,87205.00,53538.00,51933.00,12568.00,205450.00,793146.00,54981.00
8898,35852.00,27678.00,97498.00,52705.00,28909.00,12558.00,224229.00,818487.00,63891.00
8899,31662.00,24592.00,87430.00,53534.00,50392.00,12527.00,208381.00,787340.00,67327.00
8900,31817.00,24513.00,87273.00,53530.00,51081.00,12545.00,205229.00,793280.00,54591.00
8901,35620.00,27676.00,115345.00,55521.00,30349.00,13288.00,244004.00,819245.00,65954.00
8902,31672.00,24470.00,86907.00,53613.00,54054.00,28794.00,216256.00,849019.00,81535.00
8903,34641.00,27060.00,98148.00,53533.00,52496.00,12521.00,205261.00,873756.00,54844.00
8904,35832.00,27715.00,113365.00,67416.00,55358.00,12601.00,207951.00,926245.00,89888.00
8905,31642.00,24634.00,87310.00,53563.00,51851.00,12615.00,205065.00,793654.00,54473.00
8906,35580.00,27587.00,97318.00,54990.00,58867.00,12551.00,205471.00,795622.00,71977.00
8907,31865.00,24533.00,87105.00,56234.00,51739.00,12615.00,205290.00,789588.00,64544.00
8908,31818.00,24636.00,86889.00,53553.00,51520.00,12543.00,205101.00,793538.00,54608.00
8909,35580.00,27742.00,97667.00,54875.00,59647.00,12625.00,205471.00,795287.00,84894.00
8910,31674.00,24543.00,86811.00,56283.00,51567.00,12549.00,205315.00,789935.00,64581.00
8911,31588.00,24724.00,87653.00,53578.00,51420.00,12615.00,205300.00,793818.00,54635.00
8912,35741.00,27605.00,97565.00,56606.00,58394.00,12616.00,205256.00,793923.00,65335.00
8913,31725.00,24488.00,87162.00,56294.00,58551.00,12628.00,205114.00,790271.00,66464.00
8914,31751.00,24680.00,87653.00,53554.00,51677.00,12599.00,205466.00,841546.00,54722.00
8915,35598.00,27785.00,98482.00,65502.00,51735.00,12538.00,208374.00,819352.00,78559.00
8916,31700.00,24643.00,90249.00,53613.00,53291.00,12525.00,205273.00,856117.00,59127.00
8917,37601.00,39706.00,110109.00,52880.00,28791.00,12525.00,205106.00,793381.00,54657.00
8918,42686.00,27528.00,102474.00,66224.00,51032.00,12517.00,208502.00,787139.00,67498.00
8919,31730.00,24557.00,86995.00,53579.00,51153.00,12560.00,205485.00,793394.00,54761.00
8920,35906.00,27520.00,98587.00,52716.00,29055.00,12674.00,205607.00,793373.00,54850.00
8921,43446.00,27628.00,101813.00,71779.00,51865.00,12604.00,208310.00,787196.00,67888.00
8922,31682.00,24552.00,86714.00,53548.00,51315.00,12566.00,205033.00,793446.00,54602.00
8923,35621.00,27662.00,97981.00,52932.00,28866.00,12604.00,205125.00,793005.00,54614.00
8924,43978.00,27807.00,102553.00,67438.00,52061.00,12462.00,208439.00,787517.00,66473.00
8925,31674.00,27401.00,86951.00,53635.00,51314.00,12627.00,205043.00,793171.00,54579.00
8926,35575.00,27733.00,97590.00,52791.00,28848.00,12532.00,205201.00,793269.00,54677.00
8927,45267.00,27551.00,102392.00,66279.00,50963.00,12559.00,230561.00,806772.00,66805.00
8928,31861.00,24630.00,87049.00,53585.00,52624.00,12487.00,205261.00,792777.00,54717.00
8929,35599.00,27651.00,98170.00,52791.00,45158.00,13269.00,216073.00,868143.00,74739.00
8930,31695.00,24666.00,87133.00,53623.00,54159.00,12568.00,205293.00,789751.00,65067.00
8931,31776.00,24631.00,86535.00,53558.00,51139.00,12562.00,205259.00,793480.00,54455.00
8932,35627.00,27675.00,98384.00,52802.00,28901.00,12555.00,205270.00,793199.00,74885.00
8933,31739.00,24621.00,87949.00,53450.00,50542.00,15638.00,205112.00,789706.00,65813.00
8934,31723.00,24554.00,87215.00,53504.00,55721.00,12534.00,205270.00,793624.00,54492.00
8935,35540.00,27618.00,98710.00,52817.00,28897.00,12522.00,205251.00,793100.00,64558.00
8936,31797.00,24498.00,87963.00,53580.00,59997.00,12528.00,208427.00,787178.00,67235.00
8937,31638.00,24483.00,87280.00,53560.00,52321.00,12488.00,205242.00,793358.00,54442.00
8938,35584.00,27713.00,98606.00,52774.00,28865.00,12514.00,205281.00,793759.00,55118.00
8939,31771.00,35687.00,86648.00,53611.00,50627.00,12500.00,208340.00,786993.00,64559.00
8940,31762.00,27198.00,86960.00,53592.00,51658.00,12539.00,205293.00,822076.00,57679.00
8941,46919.00,29131.00,97826.00,52856.00,28869.00,12609.00,205285.00,875558.00,96859.00
8942,31760.00,24609.00,87359.00,53601.00,58898.00,12500.00,205321.00,789980.00,65057.00
8943,31732.00,24398.00,86839.00,53532.00,52206.00,12631.00,205265.00,794082.00,54506.00
8944,35774.00,27783.00,97589.00,52867.00,28983.00,12537.00,205250.00,801678.00,64641.00
8945,31554.00,24643.00,87670.00,53707.00,55114.00,12582.00,205261.00,790428.00,64424.00
8946,31817.00,24701.00,86945.00,53543.00,51946.00,12547.00,205247.00,793411.00,54592.00
8947,35472.00,27596.00,98871.00,52781.00,28841.00,12517.00,205221.00,845061.00,65023.00
8948,31737.00,24507.00,87455.00,53554.00,53198.00,12559.00,205257.00,790003.00,72157.00
8949,31721.00,24525.00,86575.00,53618.00,51719.00,12494.00,205273.00,793718.00,54522.00
8950,35692.00,27698.00,98506.00,52808.00,28839.00,12491.00,205277.00,793941.00,72277.00
8951,31728.00,24486.00,86769.00,53458.00,51449.00,15686.00,205241.00,791158.00,64666.00
8952,31876.00,24479.00,87159.00,53539.00,52222.00,12527.00,205040.00,793533.00,54596.00
8953,35533.00,27587.00,97993.00,52703.00,28845.00,12597.00,205142.00,836887.00,75965.00
8954,31841.00,24620.00,87301.00,70135.00,61506.00,13233.00,260139.00,862314.00,70795.00
8955,34853.00,27061.00,102010.00,53528.00,51337.00,12494.00,205235.00,793659.00,54738.00
8956,35527.00,27663.00,113347.00,67623.00,59354.00,12484.00,208527.00,788890.00,64987.00
8957,34502.00,24526.00,87543.00,53487.00,53521.00,12524.00,249250.00,840958.00,54722.00
8958,35572.00,27584.00,98430.00,52813.00,28898.00,12579.00,205473.00,839424.00,76583.00
8959,31769.00,24480.00,87417.00,53536.00,61669.00,12574.00,205306.00,789929.00,75395.00
8960,31817.00,24726.00,86582.00,53595.00,52478.00,12701.00,205272.00,793212.00,54528.00
8961,35536.00,27613.00,97421.00,52798.00,28923.00,12534.00,205392.00,793541.00,78721.00
8962,31632.00,24616.00,87040.00,53508.00,51141.00,12587.00,208302.00,787095.00,67233.00
8963,31626.00,24538.00,86764.00,53469.00,51581.00,12552.00,205251.00,793571.00,54557.00
8964,35522.00,27702.00,98795.00,52780.00,28872.00,12553.00,224346.00,842957.00,66386.00
8965,31855.00,24572.00,87333.00,53505.00,83823.00,13189.00,216126.00,846611.00,70256.00
8966,34842.00,26938.00,120077.00,58794.00,81633.00,13632.00,221727.00,862859.00,54709.00
8967,41970.00,27688.00,102706.00,66182.00,50555.00,12588.00,208635.00,787285.00,68795.00
8968,31755.00,24545.00,87170.00,53621.00,51513.00,12588.00,205248.00,793016.00,54373.00
8969,35679.00,27679.00,98294.00,52812.00,28923.00,12491.00,205260.00,793712.00,54655.00
8970,31820.00,36288.00,87033.00,53544.00,50498.00,12502.00,208344.00,787229.00,65050.00
8971,31577.00,27202.00,87374.00,53529.00,51145.00,12566.00,205267.00,793405.00,54511.00
8972,35592.00,27534.00,98054.00,52852.00,28885.00,12570.00,205238.00,836956.00,54599.00
8973,42524.00,27683.00,102658.00,66008.00,52021.00,12449.00,208135.00,787368.00,70872.00
8974,31764.00,24718.00,87047.00,53597.00,52797.00,12568.00,205258.00,793619.00,54424.00
8975,35610.00,27589.00,98537.00,52786.00,28765.00,12558.00,205247.00,793501.00,54609.00
8976,31692.00,36618.00,102487.00,66232.00,50669.00,12494.00,208144.00,788582.00,67042.00
8977,31872.00,24505.00,87308.00,53588.00,51358.00,12526.00,205270.00,793327.00,54467.00
8978,37565.00,45029.00,103958.00,55615.00,30347.00,13236.00,216210.00,876992.00,71224.00
8979,35715.00,27572.00,97665.00,72182.00,99505.00,12621.00,205455.00,789846.00,65483.00
8980,31626.00,24455.00,86932.00,53519.00,57519.00,12610.00,205246.00,793779.00,54602.00
8981,35786.00,27691.00,101581.00,76508.00,55541.00,12566.00,208467.00,787618.00,65809.00
8982,31658.00,24580.00,89220.00,53616.00,51427.00,12536.00,205310.00,793745.00,54507.00
8983,35652.00,27513.00,99478.00,52858.00,28854.00,12533.00,205250.00,793564.00,54542.00
8984,35633.00,27652.00,100844.00,75862.00,51459.00,12473.00,208143.00,787515.00,68524.00
8985,31756.00,24536.00,89865.00,53556.00,51107.00,12543.00,205260.00,793707.00,54671.00
8986,35641.00,27715.00,98526.00,52818.00,28855.00,12613.00,205267.00,793155.00,54530.00
8987,35851.00,27634.00,100396.00,82686.00,51424.00,12495.00,208372.00,787346.00,64653.00
8988,31832.00,24604.00,89547.00,53572.00,50695.00,12615.00,205271.00,793369.00,54539.00
8989,35788.00,27559.00,98030.00,52805.00,28885.00,12525.00,205275.00,793470.00,54586.00
8990,35717.00,27472.00,99283.00,79019.00,58097.00,12528.00,208713.00,787219.00,64256.00
8991,31703.00,24555.00,114641.00,75485.00,53392.00,13524.00,229681.00,901089.00,54711.00
8992,35715.00,27611.00,97800.00,52765.00,28832.00,12595.00,205428.00,792834.00,65472.00
8993,31731.00,24659.00,87022.00,53574.00,52248.00,12521.00,207777.00,786887.00,67328.00
8994,31800.00,24635.00,87721.00,53591.00,52284.00,12428.00,205283.00,793601.00,54646.00
8995,35703.00,27671.00,98066.00,52719.00,28883.00,12528.00,205278.00,793752.00,54623.00
8996,42364.00,27917.00,102609.00,66101.00,53331.00,12441.00,208622.00,787226.00,67298.00
8997,31599.00,24549.00,86873.00,53471.00,51226.00,12488.00,205250.00,793595.00,54506.00
8998,35864.00,27619.00,98238.00,52746.00,28878.00,12573.00,205271.00,793454.00,54753.00
8999,43349.00,27609.00,102255.00,67066.00,51247.00,12526.00,208344.00,786875.00,71222.00
9000,31692.00,24446.00,87606.00,53659.00,51210.00,12485.00,205274.00,793277.00,54642.00
9001,35504.00,27721.00,98444.00,52793.00,28821.00,12548.00,205270.00,793643.00,54547.00
9002,44887.00,27599.00,102138.00,66532.00,51986.00,12622.00,208363.00,787616.00,64538.00
9003,31601.00,27294.00,87324.00,53519.00,50337.00,12495.00,205245.00,879495.00,68003.00
9004,35695.00,27692.00,97742.00,52777.00,28892.00,12599.00,205024.00,837567.00,64845.00
9005,31786.00,24644.00,87304.00,53514.00,53460.00,12637.00,205060.00,789932.00,65652.00
9006,31867.00,24572.00,86897.00,53523.00,61564.00,12529.00,205081.00,810246.00,57533.00
9007,37338.00,29214.00,113852.00,52980.00,63339.00,12500.00,226540.00,820641.00,64766.00
9008,31605.00,24572.00,90177.00,53552.00,50970.00,12571.00,205275.00,790277.00,67268.00
9009,31864.00,24550.00,86993.00,53481.00,65933.00,12479.00,205453.00,792794.00,54732.00
9010,35718.00,27674.00,111395.00,68813.00,51393.00,12495.00,208407.00,787523.00,65251.00
9011,31810.00,24694.00,89802.00,53519.00,51113.00,12515.00,205450.00,793538.00,54757.00
9012,35581.00,27655.00,97669.00,52769.00,28945.00,12595.00,205494.00,793295.00,54649.00
9013,35845.00,27678.00,100931.00,79917.00,51297.00,12566.00,208559.00,787078.00,65210.00
9014,31731.00,24415.00,89655.00,53448.00,61947.00,12653.00,205091.00,793400.00,54492.00
9015,35772.00,27594.00,97723.00,52819.00,28869.00,12594.00,205029.00,814754.00,57503.00
9016,37631.00,29173.00,125488.00,68001.00,50996.00,12447.00,252838.00,833103.00,68155.00
9017,34916.00,42391.00,95857.00,58762.00,54222.00,13208.00,220454.00,793417.00,54793.00
9018,35873.00,27754.00,98805.00,52919.00,28855.00,12552.00,205250.00,793787.00,64517.00
9019,31803.00,24511.00,87219.00,53626.00,52014.00,12634.00,231258.00,812692.00,65153.00
9020,31711.00,24626.00,87681.00,53522.00,51870.00,12485.00,205258.00,833709.00,54730.00
9021,35735.00,27578.00,98028.00,52817.00,28933.00,12536.00,205440.00,826843.00,65198.00
9022,31669.00,24502.00,86909.00,53545.00,51941.00,12593.00,205274.00,791383.00,65809.00
9023,31656.00,24456.00,87016.00,53655.00,51816.00,12556.00,205557.00,793497.00,54713.00
9024,35682.00,27645.00,98082.00,52781.00,28853.00,12545.00,205365.00,802352.00,66546.00
9025,31618.00,24508.00,86771.00,53511.00,54303.00,12643.00,205041.00,789771.00,65819.00
9026,31867.00,24582.00,87220.00,53505.00,50790.00,12476.00,205242.00,793727.00,54554.00
9027,35688.00,27615.00,98498.00,52792.00,28832.00,12536.00,205263.00,793528.00,64066.00
9028,31799.00,24666.00,87406.00,53516.00,51541.00,12516.00,250498.00,833755.00,65698.00
9029,31711.00,24671.00,86777.00,53498.00,52163.00,12598.00,205248.00,837371.00,54652.00
9030,35747.00,27617.00,97482.00,64872.00,63494.00,12588.00,205249.00,790801.00,65170.00
9031,31705.00,24532.00,86796.00,55578.00,51391.00,12529.00,205287.00,789801.00,65137.00
9032,31701.00,24463.00,87343.00,53496.00,52263.00,12528.00,205041.00,822938.00,57406.00
9033,35892.00,39444.00,110426.00,66714.00,50811.00,12561.00,208720.00,787165.00,68263.00
9034,31856.00,24643.00,89759.00,53514.00,50767.00,12483.00,205276.00,793674.00,54739.00
9035,35671.00,27695.00,98151.00,52769.00,28922.00,12581.00,205277.00,793631.00,54436.00
9036,35851.00,27703.00,111822.00,66698.00,53134.00,12624.00,208434.00,786982.00,67855.00
9037,31624.00,24559.00,90573.00,53543.00,56561.00,12484.00,205440.00,793457.00,54593.00
9038,35762.00,27685.00,97793.00,52774.00,28946.00,12628.00,205491.00,793288.00,54675.00
9039,35534.00,27682.00,111576.00,67460.00,51017.00,12636.00,208363.00,788985.00,75216.00
9040,31705.00,24495.00,90039.00,53565.00,54684.00,12575.00,205258.00,852670.00,83390.00
9041,37686.00,29052.00,103516.00,55576.00,30499.00,13163.00,224405.00,839800.00,68097.00
9042,34871.00,27022.00,96202.00,58683.00,52686.00,16201.00,216416.00,854348.00,57305.00
9043,37457.00,29067.00,103197.00,64159.00,28881.00,12544.00,205149.00,792564.00,54549.00
9044,35733.00,27648.00,98595.00,55710.00,67337.00,12546.00,205251.00,848608.00,103636.00
9045,46047.00,27584.00,115772.00,60192.00,58024.00,13550.00,234497.00,839697.00,59006.00
9046,38818.00,29815.00,105004.00,57086.00,31200.00,13596.00,231327.00,917629.00,83278.00
9047,34902.00,27069.00,100081.00,58794.00,55267.00,13210.00,225589.00,849757.00,58928.00
9048,49106.00,29850.00,103524.00,60556.00,39423.00,12497.00,210765.00,833015.00,56123.00
9049,31836.00,34861.00,87154.00,53611.00,52819.00,12579.00,208589.00,793342.00,57776.00
9050,35728.00,27806.00,97961.00,52764.00,28855.00,12616.00,205080.00,793482.00,54683.00
9051,35672.00,27636.00,98300.00,52790.00,28755.00,12612.00,205141.00,793345.00,54519.00
9052,31676.00,37292.00,102133.00,68135.00,55799.00,12504.00,208688.00,873232.00,76503.00
9053,34774.00,26901.00,95789.00,58771.00,65305.00,13265.00,218758.00,816567.00,57613.00
9054,37774.00,29012.00,103867.00,84517.00,70411.00,12510.00,226357.00,811812.00,65187.00
9055,34252.00,24589.00,87229.00,53525.00,51557.00,12592.00,205158.00,793285.00,54734.00
9056,35781.00,27674.00,97854.00,52803.00,28880.00,12618.00,205166.00,794630.00,54599.00
9057,35795.00,27636.00,113195.00,67424.00,55931.00,12584.00,208556.00,787852.00,64302.00
9058,34509.00,24553.00,87190.00,53650.00,50573.00,12540.00,205246.00,793299.00,54454.00
9059,35599.00,27669.00,98804.00,52712.00,28777.00,12539.00,205262.00,793882.00,54556.00
9060,35731.00,27720.00,113484.00,70499.00,50774.00,12477.00,208333.00,787247.00,66135.00
9061,34428.00,24576.00,87515.00,53523.00,60426.00,12500.00,205246.00,793849.00,54443.00
9062,35630.00,27575.00,97677.00,52865.00,28876.00,12591.00,205275.00,793208.00,54548.00
9063,35811.00,27785.00,113988.00,68030.00,51306.00,12495.00,208369.00,787384.00,65688.00
9064,34318.00,24509.00,86753.00,53480.00,50572.00,12477.00,205465.00,816004.00,57276.00
9065,37444.00,29002.00,110766.00,69908.00,30387.00,13205.00,235013.00,826908.00,64545.00
9066,31614.00,24577.00,87031.00,53601.00,50306.00,12534.00,208357.00,787046.00,94038.00
9067,34674.00,26886.00,96096.00,58768.00,53585.00,13177.00,216908.00,793195.00,54473.00
9068,35747.00,27681.00,98130.00,52947.00,28917.00,12580.00,205106.00,793768.00,76477.00
9069,31655.00,24630.00,87527.00,53517.00,54011.00,15642.00,205105.00,791678.00,70895.00
9070,31702.00,24666.00,86596.00,53438.00,51930.00,12586.00,205259.00,793474.00,54379.00
9071,35779.00,27792.00,98800.00,52731.00,28890.00,12534.00,205240.00,793455.00,64135.00
9072,31632.00,24511.00,87363.00,53483.00,57468.00,12521.00,208363.00,826287.00,82708.00
9073,51196.00,26872.00,97538.00,60275.00,54148.00,13496.00,227019.00,806528.00,54645.00
9074,35744.00,27601.00,98185.00,66441.00,51400.00,12539.00,205288.00,791907.00,65026.00
9075,31967.00,24525.00,86951.00,56335.00,50712.00,12470.00,205276.00,790356.00,65885.00
9076,31556.00,24443.00,87171.00,53541.00,51635.00,12587.00,205466.00,793370.00,54531.00
9077,35638.00,27688.00,97750.00,73808.00,84035.00,13549.00,225802.00,828005.00,64336.00
9078,31934.00,24572.00,89857.00,53470.00,59406.00,12577.00,205466.00,793204.00,54695.00
9079,35542.00,27526.00,97484.00,52701.00,28902.00,12528.00,205434.00,835890.00,54778.00
9080,35719.00,27723.00,116440.00,66816.00,50629.00,12481.00,237581.00,788521.00,67414.00
9081,31766.00,24604.00,86777.00,53515.00,51009.00,12561.00,205265.00,793716.00,54498.00
9082,35594.00,27686.00,99000.00,52698.00,28882.00,12479.00,205236.00,793350.00,54518.00
9083,43049.00,27689.00,102207.00,67126.00,52916.00,12500.00,209179.00,787147.00,67339.00
9084,31701.00,24557.00,87320.00,53596.00,52117.00,12463.00,205270.00,794060.00,54491.00
9085,35735.00,27641.00,98554.00,52821.00,28939.00,12508.00,205258.00,793142.00,54571.00
9086,43675.00,27619.00,102279.00,67028.00,52893.00,12548.00,208375.00,787180.00,65143.00
9087,31860.00,27276.00,86878.00,53476.00,60175.00,12578.00,205458.00,793151.00,54564.00
9088,35547.00,27694.00,97341.00,52844.00,28907.00,12520.00,205434.00,793257.00,54638.00
9089,43483.00,27604.00,102048.00,69000.00,51015.00,12531.00,208397.00,884819.00,80390.00
9090,35760.00,27622.00,98226.00,69409.00,59259.00,23532.00,205373.00,792727.00,54705.00
9091,35678.00,27794.00,98384.00,66144.00,52031.00,12493.00,205229.00,793424.00,65840.00
9092,31713.00,24724.00,87296.00,73070.00,53570.00,13210.00,216052.00,827340.00,80536.00
9093,31667.00,24642.00,87199.00,53610.00,58447.00,12535.00,205258.00,793593.00,54590.00
9094,35807.00,27610.00,113377.00,66211.00,50757.00,12504.00,208409.00,787179.00,66847.00
9095,31734.00,24556.00,89472.00,53610.00,62285.00,12573.00,205264.00,793352.00,54450.00
9096,35763.00,27521.00,98731.00,52731.00,28811.00,12523.00,205256.00,793446.00,54454.00
9097,35745.00,27596.00,112675.00,66607.00,52418.00,12545.00,208388.00,787496.00,64742.00
9098,31664.00,24557.00,89523.00,53504.00,50821.00,12548.00,205267.00,793768.00,54623.00
9099,35567.00,27644.00,97961.00,52803.00,28808.00,12515.00,205292.00,793340.00,54473.00
9100,35732.00,27761.00,113189.00,66811.00,50586.00,12514.00,208452.00,787316.00,65156.00
9101,31526.00,24562.00,90246.00,53527.00,51823.00,12469.00,205263.00,837153.00,59099.00
9102,38536.00,29987.00,114992.00,55614.00,30468.00,13256.00,219108.00,793690.00,54656.00
9103,31810.00,37102.00,101979.00,66135.00,51379.00,12475.00,208843.00,787331.00,68251.00
9104,31588.00,24553.00,87324.00,53488.00,51153.00,12573.00,205249.00,793825.00,54585.00
9105,35732.00,27548.00,98832.00,52784.00,28916.00,12527.00,205256.00,836638.00,55359.00
9106,31638.00,35342.00,87452.00,53590.00,51168.00,12607.00,231711.00,803277.00,70071.00
9107,31791.00,24690.00,87172.00,53552.00,52681.00,12534.00,205254.00,793570.00,54536.00
9108,35779.00,27603.00,98362.00,52677.00,28897.00,12504.00,205264.00,793915.00,64968.00
9109,31710.00,24495.00,87773.00,53553.00,55438.00,12537.00,208171.00,787460.00,68319.00
9110,31863.00,24734.00,87044.00,53555.00,52878.00,12585.00,205261.00,793276.00,54630.00
9111,35764.00,27750.00,98540.00,52828.00,28848.00,12536.00,205264.00,848970.00,68308.00
9112,34823.00,27012.00,95071.00,58896.00,66958.00,12533.00,205296.00,789404.00,65310.00
9113,31820.00,24526.00,87292.00,53556.00,52492.00,12613.00,205232.00,834910.00,57642.00
9114,37479.00,28984.00,108608.00,53140.00,68543.00,12562.00,247520.00,872668.00,65650.00
9115,31769.00,24532.00,89720.00,53638.00,58690.00,12613.00,205244.00,793520.00,54491.00
9116,35631.00,27673.00,98634.00,52852.00,28862.00,12616.00,205246.00,793484.00,54730.00
9117,35570.00,27660.00,113214.00,67572.00,57394.00,12565.00,208486.00,787819.00,77077.00
9118,34951.00,24619.00,110042.00,58666.00,52877.00,13300.00,221862.00,822277.00,57413.00
9119,35742.00,38582.00,97826.00,52821.00,28931.00,12535.00,205091.00,799218.00,55360.00
9120,31788.00,34791.00,87500.00,53657.00,51927.00,12592.00,208475.00,829216.00,66271.00
9121,31773.00,24732.00,86908.00,53643.00,51562.00,12602.00,205345.00,793628.00,54703.00
9122,35730.00,27621.00,98435.00,52763.00,28885.00,12590.00,205362.00,793616.00,65310.00
9123,31901.00,24612.00,87166.00,53564.00,60922.00,12518.00,208315.00,786683.00,67730.00
9124,31617.00,24519.00,86942.00,53553.00,51469.00,12564.00,205262.00,793480.00,54543.00
9125,35816.00,27471.00,98749.00,52798.00,28916.00,12540.00,205262.00,793237.00,54531.00
9126,41788.00,27765.00,102283.00,68005.00,57928.00,12600.00,208407.00,874467.00,74461.00
9127,31763.00,24450.00,87574.00,53509.00,51981.00,12568.00,205235.00,792796.00,54593.00
9128,35691.00,27788.00,97695.00,52898.00,28885.00,12520.00,230427.00,820327.00,65712.00
9129,31619.00,24497.00,86706.00,53565.00,83748.00,13184.00,216062.00,809061.00,64703.00
9130,31686.00,24718.00,115206.00,53588.00,51294.00,12578.00,205496.00,835900.00,54553.00
9131,35645.00,27678.00,112255.00,66107.00,50882.00,12566.00,208916.00,787481.00,64460.00
9132,31874.00,24610.00,90008.00,53530.00,55796.00,12549.00,205241.00,794094.00,54502.00
9133,35747.00,27801.00,98138.00,52755.00,28782.00,12557.00,205281.00,793738.00,54458.00
9134,35864.00,27724.00,113682.00,66052.00,52350.00,12567.00,208368.00,788105.00,64325.00
9135,31747.00,24554.00,90616.00,53563.00,50886.00,12571.00,205494.00,793310.00,54459.00
9136,35592.00,27596.00,97659.00,52799.00,28952.00,12614.00,205493.00,793454.00,54571.00
9137,35735.00,27589.00,112831.00,67126.00,50513.00,12515.00,208399.00,787613.00,65939.00
9138,31715.00,24518.00,89499.00,53633.00,51954.00,12494.00,205247.00,811135.00,57757.00
9139,37481.00,29240.00,118912.00,66284.00,46159.00,13559.00,232022.00,811607.00,65711.00
9140,31818.00,24503.00,87625.00,53587.00,51419.00,12566.00,208395.00,787098.00,76445.00
9141,31856.00,24556.00,87325.00,53538.00,52098.00,12447.00,205311.00,793520.00,54603.00
9142,35696.00,27796.00,98431.00,52770.00,28841.00,12481.00,205251.00,793848.00,54583.00
9143,31789.00,36870.00,102473.00,66179.00,52051.00,12545.00,231908.00,806797.00,76067.00
9144,31653.00,24479.00,110871.00,58731.00,69044.00,12552.00,205422.00,793119.00,54786.00
9145,35625.00,27644.00,97496.00,52749.00,28854.00,12609.00,205270.00,802031.00,65619.00
9146,31917.00,24555.00,87479.00,53499.00,53531.00,12622.00,205541.00,790046.00,64314.00
9147,31635.00,24659.00,86973.00,53625.00,51703.00,12564.00,205221.00,793592.00,54555.00
9148,35675.00,27653.00,97389.00,52840.00,28780.00,12457.00,205273.00,793491.00,77881.00
9149,31757.00,24618.00,87275.00,53594.00,51427.00,12544.00,208317.00,787195.00,65448.00
9150,31742.00,24419.00,87000.00,53511.00,52022.00,12616.00,205355.00,793675.00,54678.00
9151,35842.00,27501.00,97774.00,52842.00,28859.00,12611.00,246202.00,852594.00,64963.00
9152,31598.00,24573.00,86625.00,53517.00,56956.00,12693.00,205139.00,789689.00,64562.00
9153,31723.00,24524.00,87001.00,53662.00,51242.00,12601.00,205437.00,793611.00,54586.00
9154,35748.00,27761.00,98196.00,52820.00,28915.00,12578.00,205496.00,793674.00,73397.00
9155,31774.00,24580.00,87392.00,53458.00,53993.00,12582.00,205266.00,790232.00,89806.00
9156,34589.00,26991.00,96533.00,58804.00,70698.00,12642.00,205342.00,793236.00,54738.00
9157,35747.00,27664.00,97275.00,54911.00,57427.00,12546.00,205266.00,795703.00,64490.00
9158,31840.00,24588.00,87121.00,56363.00,51016.00,12595.00,205511.00,789973.00,64982.00
9159,31698.00,24564.00,87508.00,53551.00,52103.00,12617.00,205245.00,793496.00,54492.00
9160,35639.00,27593.00,98473.00,53725.00,63361.00,12702.00,205053.00,796022.00,64419.00
9161,31919.00,24726.00,86670.00,56192.00,50449.00,12545.00,205279.00,789851.00,65800.00
9162,31888.00,24550.00,87435.00,53543.00,52997.00,12545.00,205252.00,793880.00,54600.00
9163,35745.00,27617.00,98267.00,53297.00,61450.00,12506.00,205258.00,840839.00,110019.00
9164,35834.00,27748.00,101619.00,60234.00,54219.00,13496.00,236435.00,792904.00,54476.00
9165,35928.00,27564.00,97579.00,52935.00,28922.00,12614.00,205405.00,793519.00,54615.00
9166,35825.00,27847.00,116253.00,66692.00,51037.00,12554.00,208243.00,787069.00,65795.00
9167,34430.00,24642.00,86854.00,53563.00,53542.00,12519.00,205262.00,841236.00,54626.00
9168,35823.00,27672.00,98521.00,52812.00,28891.00,12537.00,205468.00,836082.00,54761.00
9169,43298.00,27688.00,102473.00,66493.00,50999.00,12561.00,236834.00,786909.00,67155.00
9170,31665.00,24504.00,87246.00,53536.00,51819.00,12531.00,205264.00,824338.00,65458.00
9171,35746.00,27709.00,97297.00,52810.00,28837.00,12675.00,205109.00,794070.00,70855.00
9172,31766.00,24456.00,86950.00,53568.00,51799.00,15671.00,205489.00,874412.00,82310.00
9173,35860.00,27573.00,107380.00,58737.00,55785.00,13191.00,216075.00,882735.00,68472.00
9174,37533.00,29096.00,130040.00,66125.00,51454.00,12587.00,232082.00,805158.00,83482.00
9175,31613.00,24602.00,87253.00,53546.00,51351.00,12603.00,205261.00,873871.00,69288.00
9176,35914.00,38592.00,97545.00,65409.00,50751.00,12532.00,209302.00,787286.00,66412.00
9177,31604.00,24570.00,90492.00,53524.00,59838.00,12642.00,205621.00,790082.00,73969.00
9178,31894.00,24630.00,87223.00,53558.00,50558.00,12523.00,205252.00,793262.00,54523.00
9179,35643.00,27622.00,111589.00,66334.00,51198.00,12590.00,208385.00,788734.00,64341.00
9180,31795.00,24660.00,89808.00,53628.00,51234.00,12584.00,205241.00,816039.00,57489.00
9181,37640.00,29158.00,112312.00,52827.00,28880.00,12619.00,204999.00,830021.00,54689.00
9182,35530.00,27753.00,113671.00,68222.00,51733.00,12653.00,208522.00,787094.00,64618.00
9183,34588.00,24497.00,87468.00,53611.00,50837.00,12575.00,205277.00,793306.00,54441.00
9184,35615.00,27692.00,98199.00,52774.00,28969.00,12548.00,205276.00,793377.00,54564.00
9185,35717.00,27570.00,113907.00,66276.00,51949.00,12488.00,208315.00,787491.00,65226.00
9186,34363.00,24565.00,87073.00,53556.00,54067.00,12501.00,205236.00,793456.00,54641.00
9187,35693.00,27598.00,97879.00,52908.00,28941.00,12574.00,205271.00,875982.00,54896.00
9188,35644.00,27605.00,112436.00,105396.00,66262.00,13262.00,236983.00,833430.00,64915.00
9189,31878.00,24540.00,87384.00,53515.00,51313.00,12567.00,205261.00,793288.00,54454.00
9190,35829.00,28808.00,97852.00,52803.00,28837.00,12544.00,205478.00,797444.00,65694.00
9191,31781.00,24708.00,86948.00,56286.00,50595.00,12578.00,205283.00,789935.00,66111.00
9192,31643.00,24435.00,86995.00,53579.00,51245.00,12521.00,205271.00,817135.00,57393.00
9193,37643.00,29048.00,111900.00,65131.00,56790.00,12749.00,205253.00,792320.00,76852.00
9194,31709.00,24623.00,87014.00,73994.00,54328.00,13222.00,236122.00,871896.00,57659.00
9195,35761.00,39459.00,98009.00,52707.00,29019.00,12481.00,205392.00,836788.00,54671.00
9196,31678.00,37010.00,102177.00,67224.00,54414.00,12568.00,208898.00,787091.00,67514.00
9197,31883.00,24511.00,87295.00,53565.00,51617.00,12534.00,205599.00,793374.00,54923.00
9198,35565.00,27734.00,98277.00,52697.00,28816.00,12618.00,205483.00,793514.00,55193.00
9199,31572.00,35721.00,86936.00,53581.00,53995.00,12563.00,208437.00,787028.00,69239.00
9200,31686.00,24527.00,87274.00,53624.00,51695.00,12604.00,205465.00,851626.00,57492.00
9201,37628.00,29085.00,120296.00,66266.00,30389.00,13209.00,219692.00,841412.00,73462.00
9202,31643.00,24679.00,87162.00,56801.00,67746.00,13136.00,216126.00,803349.00,65611.00
9203,31755.00,24599.00,87855.00,69974.00,65191.00,13176.00,216210.00,833010.00,54552.00
9204,35814.00,27622.00,135360.00,82213.00,53133.00,13212.00,219986.00,839313.00,71690.00
9205,51575.00,26908.00,97648.00,60300.00,67636.00,13329.00,223735.00,827865.00,57530.00
9206,53704.00,29141.00,105748.00,70675.00,54017.00,13469.00,225144.00,865751.00,84010.00
9207,35817.00,32160.00,98855.00,60322.00,53260.00,13583.00,230584.00,884278.00,54792.00
9208,35742.00,27672.00,98172.00,52752.00,28871.00,12548.00,205461.00,837324.00,54834.00
9209,35705.00,27672.00,115275.00,90341.00,51451.00,12577.00,205265.00,819037.00,57759.00
9210,37649.00,29157.00,111637.00,52752.00,28954.00,12512.00,205527.00,834152.00,55039.00
9211,35572.00,27715.00,113272.00,66045.00,52221.00,12532.00,226843.00,807295.00,65841.00
9212,31816.00,26764.00,86880.00,71938.00,59462.00,13294.00,263303.00,877261.00,54557.00
9213,35713.00,27716.00,97143.00,54931.00,62079.00,12556.00,205242.00,831373.00,66235.00
9214,31739.00,24501.00,90590.00,74335.00,54861.00,13223.00,223832.00,793362.00,54582.00
9215,35802.00,27641.00,98301.00,52783.00,28896.00,12539.00,205097.00,793605.00,54690.00
9216,35634.00,27567.00,111999.00,67033.00,51113.00,12517.00,208722.00,787431.00,64976.00
9217,31838.00,24560.00,89749.00,53578.00,50680.00,12536.00,205447.00,793510.00,54506.00
9218,35775.00,27627.00,98525.00,52751.00,28880.00,12563.00,205461.00,836688.00,54667.00
9219,35761.00,27562.00,114837.00,66230.00,50948.00,12488.00,207667.00,786837.00,64465.00
9220,34639.00,24482.00,87454.00,53556.00,51282.00,12668.00,205181.00,793645.00,54556.00
9221,35553.00,27634.00,97417.00,52788.00,28853.00,12473.00,205120.00,793411.00,54631.00
9222,35708.00,27705.00,113294.00,82269.00,50899.00,12574.00,209162.00,787318.00,65747.00
9223,34416.00,24681.00,87322.00,53497.00,50833.00,12569.00,205250.00,793740.00,54584.00
9224,35757.00,27660.00,99268.00,52908.00,28803.00,12591.00,205246.00,835552.00,71760.00
9225,37485.00,29265.00,132833.00,93726.00,72625.00,13221.00,216087.00,802258.00,64785.00
9226,31712.00,24521.00,87791.00,53448.00,64134.00,12471.00,205251.00,792495.00,54649.00
9227,35602.00,27542.00,98223.00,52696.00,28934.00,12560.00,205270.00,792803.00,76549.00
9228,31832.00,24613.00,87959.00,53539.00,54006.00,12559.00,205477.00,790195.00,65892.00
9229,31622.00,24594.00,87305.00,53513.00,57023.00,12508.00,205259.00,793385.00,54445.00
9230,35653.00,27653.00,98188.00,52867.00,28860.00,12620.00,205275.00,793856.00,75866.00
9231,31776.00,24469.00,87090.00,53599.00,50634.00,12620.00,234349.00,806218.00,65991.00
9232,31929.00,24598.00,86795.00,53527.00,61577.00,12469.00,205262.00,793709.00,54533.00
9233,35675.00,27594.00,97602.00,52776.00,28870.00,12430.00,205268.00,802459.00,64678.00
9234,31606.00,24580.00,87469.00,53633.00,53472.00,12598.00,205287.00,791116.00,64228.00
9235,31889.00,24556.00,86688.00,53482.00,52538.00,12553.00,205281.00,793412.00,54691.00
9236,35842.00,27553.00,97862.00,52740.00,28989.00,12647.00,205260.00,811201.00,103774.00
9237,35749.00,27585.00,98080.00,60286.00,61170.00,13639.00,228491.00,803616.00,68739.00
9238,31667.00,24556.00,87184.00,53466.00,51427.00,12463.00,205279.00,793957.00,54462.00
9239,35638.00,27612.00,97995.00,65326.00,50847.00,12481.00,205324.00,792267.00,72924.00
9240,31535.00,24609.00,87311.00,56326.00,50644.00,12572.00,205068.00,789765.00,65796.00
9241,31619.00,24667.00,87804.00,53490.00,51342.00,12578.00,205260.00,793387.00,54402.00
9242,35766.00,27549.00,98482.00,65333.00,51362.00,12575.00,205099.00,792414.00,66461.00
9243,31657.00,24731.00,86996.00,56221.00,56809.00,12544.00,205276.00,813390.00,70272.00
9244,34810.00,27132.00,95366.00,65486.00,70787.00,13242.00,216325.00,852510.00,54569.00
9245,35671.00,27595.00,112322.00,66669.00,51410.00,12509.00,237977.00,804276.00,67452.00
9246,31827.00,24522.00,86997.00,53513.00,54315.00,12539.00,205081.00,793685.00,54614.00
9247,35688.00,27571.00,97842.00,52736.00,28869.00,12548.00,205075.00,793146.00,55466.00
9248,31725.00,34863.00,87010.00,53481.00,50971.00,12515.00,208446.00,787149.00,67623.00
9249,31680.00,24571.00,86872.00,53559.00,55830.00,12519.00,231369.00,880076.00,67172.00
9250,35611.00,27655.00,97411.00,52842.00,28907.00,12643.00,205046.00,800978.00,65731.00
9251,31769.00,24404.00,87536.00,53533.00,53398.00,12633.00,205542.00,790325.00,65854.00
9252,31801.00,24708.00,86751.00,53613.00,50805.00,12511.00,205248.00,793242.00,54497.00
9253,35577.00,27554.00,98672.00,52745.00,28832.00,12507.00,205245.00,793142.00,72427.00
9254,31796.00,24599.00,87707.00,53633.00,57476.00,15586.00,205108.00,789692.00,65486.00
9255,31723.00,24575.00,87826.00,53488.00,51641.00,12612.00,205468.00,793823.00,54738.00
9256,35933.00,27575.00,97644.00,52808.00,28883.00,12601.00,205458.00,837614.00,75283.00
9257,31787.00,24545.00,86906.00,53501.00,59097.00,39753.00,205460.00,790065.00,67331.00
9258,31790.00,24598.00,86840.00,53524.00,52539.00,12569.00,205495.00,793770.00,54650.00
9259,35661.00,27616.00,116311.00,56345.00,63407.00,13159.00,240906.00,811097.00,65579.00
9260,31733.00,24503.00,89303.00,53509.00,51030.00,12522.00,205280.00,807035.00,73892.00
9261,34909.00,26939.00,96493.00,58794.00,54054.00,13196.00,223436.00,882218.00,54592.00
9262,42476.00,27560.00,102252.00,67693.00,62251.00,12552.00,208937.00,787394.00,76411.00
9263,31710.00,24558.00,86926.00,53572.00,51678.00,12496.00,205272.00,793794.00,54515.00
9264,35944.00,27749.00,99068.00,52940.00,28960.00,12507.00,205281.00,793124.00,55738.00
9265,31705.00,34307.00,87063.00,53519.00,50858.00,12557.00,208526.00,787090.00,67157.00
9266,31908.00,24672.00,87341.00,53558.00,50638.00,12579.00,205263.00,793478.00,54631.00
9267,35703.00,27644.00,98186.00,52830.00,28894.00,12586.00,205257.00,793855.00,54513.00
9268,43152.00,27655.00,102401.00,97546.00,52908.00,13258.00,219945.00,798422.00,99586.00
9269,34878.00,26986.00,96097.00,58745.00,64623.00,13243.00,216074.00,827075.00,54757.00
9270,35881.00,27632.00,97730.00,55878.00,67666.00,12548.00,205256.00,792173.00,66270.00
9271,31701.00,24486.00,87063.00,56345.00,51705.00,12531.00,205459.00,790124.00,64544.00
9272,31781.00,24583.00,87479.00,53576.00,51832.00,12607.00,205238.00,793572.00,54408.00
9273,35611.00,27638.00,98370.00,52805.00,28896.00,12488.00,205269.00,818667.00,71018.00
9274,34774.00,26973.00,106740.00,53567.00,50994.00,12538.00,273921.00,834707.00,54845.00
9275,35674.00,27501.00,97483.00,52799.00,28847.00,12575.00,205399.00,793190.00,54766.00
9276,35684.00,27556.00,114157.00,66100.00,51379.00,12545.00,208413.00,787548.00,64545.00
9277,34512.00,24455.00,86514.00,53605.00,50817.00,12716.00,205276.00,815058.00,57414.00
9278,37544.00,28947.00,103146.00,55533.00,30523.00,23600.00,205077.00,833658.00,58256.00
9279,34691.00,37456.00,100954.00,53539.00,51375.00,12615.00,208878.00,787153.00,68604.00
9280,31829.00,24720.00,106621.00,58806.00,54230.00,13210.00,226414.00,793102.00,54762.00
9281,35696.00,27649.00,97816.00,52759.00,28904.00,12563.00,205314.00,793470.00,63971.00
9282,31595.00,24549.00,87315.00,53530.00,51179.00,12501.00,232940.00,804262.00,68823.00
9283,31804.00,24467.00,86758.00,53459.00,58358.00,12526.00,205242.00,792706.00,54534.00
9284,35664.00,27660.00,98771.00,52711.00,28880.00,12590.00,205270.00,792691.00,77672.00
9285,31778.00,24582.00,87353.00,53482.00,52081.00,12545.00,208360.00,787495.00,66244.00
9286,31696.00,24522.00,87496.00,53637.00,77455.00,13172.00,236331.00,833841.00,54453.00
9287,35570.00,27553.00,97608.00,56759.00,66592.00,12495.00,205272.00,792839.00,64426.00
9288,31571.00,24466.00,87166.00,56231.00,50391.00,12634.00,205127.00,790672.00,64677.00
9289,31545.00,24686.00,87294.00,53448.00,56900.00,12459.00,205254.00,793794.00,54484.00
9290,35736.00,27626.00,98513.00,65183.00,62021.00,12489.00,205280.00,792569.00,65267.00
9291,31515.00,24537.00,87561.00,56270.00,51226.00,12590.00,205255.00,833291.00,64895.00
9292,31854.00,24586.00,105303.00,58945.00,53259.00,13205.00,225132.00,891735.00,54498.00
9293,44352.00,27628.00,101959.00,67087.00,51614.00,12480.00,237780.00,834412.00,70392.00
9294,34804.00,27043.00,96105.00,68351.00,51350.00,12634.00,205656.00,838910.00,54764.00
9295,35732.00,27546.00,97710.00,65357.00,59432.00,12558.00,209184.00,827601.00,64561.00
9296,31631.00,24558.00,108570.00,58640.00,52471.00,13229.00,222255.00,818967.00,57615.00
9297,35587.00,39601.00,97164.00,52849.00,28869.00,12600.00,205098.00,833911.00,54503.00
9298,42955.00,27573.00,102498.00,67696.00,58368.00,12628.00,252824.00,918253.00,72500.00
9299,34725.00,38116.00,101389.00,53593.00,50394.00,12473.00,205238.00,793685.00,54582.00
9300,35648.00,27582.00,112491.00,67582.00,51527.00,12537.00,208428.00,787550.00,65812.00
9301,31674.00,24476.00,90272.00,53517.00,51076.00,12490.00,205293.00,793426.00,54499.00
9302,35664.00,27657.00,97974.00,52827.00,28900.00,12510.00,205283.00,793516.00,54625.00
9303,35823.00,27594.00,112544.00,66194.00,50587.00,12531.00,208419.00,787520.00,64425.00
9304,31753.00,24699.00,89760.00,53541.00,57855.00,12564.00,205274.00,793222.00,54644.00
9305,35849.00,27716.00,98456.00,52744.00,28872.00,12550.00,205294.00,793317.00,54377.00
9306,35750.00,27622.00,112710.00,66700.00,50723.00,12565.00,208447.00,787466.00,65031.00
9307,31691.00,24581.00,109398.00,58825.00,54356.00,13210.00,224342.00,793296.00,54561.00
9308,35695.00,27722.00,98283.00,52751.00,28894.00,12555.00,205110.00,793842.00,54614.00
9309,35672.00,27736.00,114246.00,67503.00,50637.00,12523.00,208377.00,787603.00,64646.00
9310,34678.00,24599.00,87790.00,53645.00,50677.00,12529.00,205247.00,878614.00,66164.00
9311,35739.00,27501.00,97877.00,52867.00,28913.00,12503.00,205260.00,793303.00,65319.00
9312,31771.00,24696.00,86941.00,53557.00,51064.00,12492.00,208424.00,787256.00,69330.00
9313,31730.00,24708.00,87082.00,53567.00,50962.00,12560.00,205277.00,793517.00,54416.00
9314,35861.00,27687.00,98079.00,52818.00,28848.00,12536.00,205241.00,841497.00,56579.00
9315,31691.00,34506.00,87088.00,53565.00,50352.00,12524.00,209099.00,787551.00,68938.00
9316,31795.00,24652.00,87681.00,53535.00,51092.00,12633.00,205251.00,793628.00,54628.00
9317,35580.00,27682.00,97780.00,52843.00,28971.00,12569.00,205145.00,793736.00,54546.00
9318,42869.00,27638.00,102131.00,67098.00,57269.00,12510.00,208465.00,787581.00,68689.00
9319,31638.00,24685.00,86996.00,53524.00,51297.00,12530.00,205252.00,823014.00,57531.00
9320,35597.00,38509.00,97846.00,52755.00,28918.00,12472.00,205221.00,793294.00,66489.00
9321,31804.00,24601.00,87432.00,53473.00,52643.00,12475.00,208561.00,786794.00,70538.00
9322,31878.00,24565.00,86955.00,53580.00,51079.00,12656.00,205269.00,793869.00,54617.00
9323,37660.00,43813.00,102769.00,55610.00,30466.00,13205.00,238284.00,890011.00,64345.00
9324,31756.00,24519.00,87353.00,57350.00,52194.00,12687.00,205302.00,790043.00,64271.00
9325,31804.00,24659.00,86658.00,53534.00,51781.00,12553.00,205009.00,793626.00,54652.00
9326,35629.00,27810.00,97527.00,64774.00,51803.00,12561.00,205549.00,794669.00,74750.00
9327,31605.00,24546.00,87089.00,56213.00,51230.00,12535.00,205103.00,789697.00,66625.00
9328,31689.00,24718.00,87190.00,53565.00,51551.00,12656.00,205245.00,793601.00,54639.00
9329,35767.00,27695.00,97985.00,65095.00,50872.00,12524.00,205269.00,794140.00,70214.00
9330,31737.00,24666.00,87585.00,56333.00,52142.00,12542.00,205273.00,790248.00,64915.00
9331,31717.00,24545.00,87267.00,53623.00,58839.00,12497.00,205260.00,793250.00,54473.00
9332,35774.00,27596.00,97852.00,65295.00,60266.00,12604.00,205459.00,833088.00,96100.00
9333,31706.00,24603.00,89324.00,53490.00,57769.00,12510.00,205565.00,793407.00,54638.00
9334,35651.00,27624.00,97791.00,52658.00,28916.00,12637.00,205501.00,793661.00,54775.00
9335,35839.00,27614.00,112560.00,82701.00,51687.00,12531.00,247546.00,835888.00,82434.00
9336,31946.00,24580.00,87104.00,53560.00,50819.00,12505.00,205269.00,794491.00,54611.00
9337,35530.00,27540.00,98711.00,65685.00,28952.00,12558.00,205072.00,798938.00,54701.00
9338,42915.00,27626.00,102138.00,66799.00,50800.00,12474.00,208708.00,789282.00,68101.00
9339,31764.00,24629.00,87181.00,53600.00,51830.00,12558.00,205087.00,801858.00,54567.00
9340,35634.00,27561.00,97427.00,52796.00,28849.00,12566.00,205094.00,793540.00,65359.00
9341,31850.00,24481.00,87183.00,53445.00,59305.00,12576.00,208570.00,787359.00,67352.00
9342,31714.00,24601.00,111384.00,58713.00,53437.00,13156.00,241394.00,880137.00,57442.00
9343,37548.00,29156.00,122519.00,104702.00,57791.00,13569.00,224993.00,983429.00,71554.00
9344,38655.00,29780.00,105909.00,66763.00,30593.00,16307.00,231270.00,903646.00,57742.00
9345,37451.00,29179.00,123515.00,71962.00,53301.00,16514.00,237167.00,834151.00,87444.00
9346,35618.00,27585.00,98495.00,60314.00,74938.00,16386.00,231212.00,837311.00,57836.00
9347,37406.00,29229.00,120191.00,100185.00,53440.00,16935.00,262227.00,856691.00,74470.00
9348,35042.00,27110.00,95883.00,58837.00,53464.00,16403.00,229057.00,890617.00,54874.00
9349,35537.00,27567.00,111411.00,85240.00,57824.00,13258.00,238116.00,819999.00,86127.00
9350,34974.00,27226.00,96245.00,58866.00,95667.00,13862.00,216089.00,857141.00,54645.00
9351,35819.00,27508.00,97695.00,65286.00,51311.00,12499.00,205319.00,961029.00,77216.00
9352,35790.00,27810.00,98167.00,60252.00,65989.00,13610.00,234151.00,878492.00,59254.00
9353,48889.00,29941.00,102628.00,70120.00,76201.00,13596.00,226219.00,843645.00,80579.00
9354,35550.00,45572.00,98108.00,60269.00,55778.00,13590.00,226632.00,932385.00,59147.00
9355,58235.00,29786.00,97586.00,52761.00,28894.00,12621.00,208475.00,841430.00,54462.00
9356,35810.00,27712.00,136474.00,81924.00,53737.00,13240.00,224372.00,840120.00,54731.00
9357,35686.00,27584.00,98594.00,52798.00,28914.00,12578.00,205330.00,793874.00,65431.00
9358,31721.00,24562.00,86861.00,53513.00,57023.00,12536.00,208782.00,876114.00,85972.00
9359,31687.00,24535.00,86855.00,53590.00,52779.00,12523.00,205271.00,793949.00,54497.00
9360,35656.00,27731.00,98492.00,53630.00,61474.00,12501.00,205323.00,797830.00,65226.00
9361,31596.00,24571.00,86970.00,56359.00,60024.00,12500.00,205296.00,790137.00,67619.00
9362,31873.00,24435.00,87579.00,53595.00,55252.00,12609.00,205294.00,793475.00,54525.00
9363,35633.00,27560.00,98128.00,55290.00,58240.00,12562.00,205252.00,795248.00,64257.00
9364,31765.00,24489.00,87039.00,56644.00,51082.00,12506.00,221362.00,810694.00,67371.00
9365,31886.00,24520.00,86643.00,53585.00,51782.00,12523.00,205287.00,793525.00,54517.00
9366,35704.00,27679.00,98687.00,65487.00,55017.00,12535.00,205270.00,791248.00,64725.00
9367,31969.00,24539.00,87040.00,56205.00,50923.00,12571.00,205417.00,790940.00,64481.00
9368,31586.00,24659.00,86646.00,53514.00,51638.00,12463.00,224291.00,856545.00,54728.00
9369,35782.00,27673.00,112347.00,68023.00,51588.00,12579.00,227182.00,804218.00,64579.00
9370,31746.00,27551.00,86369.00,53604.00,52522.00,12585.00,205240.00,814925.00,57551.00
9371,37614.00,29017.00,118855.00,57111.00,31207.00,13601.00,222138.00,818773.00,63806.00
9372,31588.00,24560.00,87705.00,53542.00,50914.00,12538.00,208431.00,787856.00,67115.00
9373,31780.00,24628.00,86628.00,53547.00,52300.00,12448.00,205311.00,793974.00,54624.00
9374,35741.00,27576.00,98172.00,52894.00,28873.00,12568.00,205246.00,793839.00,55460.00
9375,31888.00,35039.00,86799.00,53556.00,57521.00,12574.00,208823.00,786991.00,89158.00
9376,31589.00,24685.00,86949.00,53503.00,52589.00,12527.00,205270.00,793626.00,54551.00
9377,35727.00,27582.00,98834.00,52832.00,28888.00,12591.00,205248.00,793680.00,54669.00
9378,31786.00,36308.00,87065.00,53512.00,51780.00,12527.00,208355.00,787455.00,65914.00
9379,31678.00,27218.00,87617.00,53579.00,51406.00,12583.00,205609.00,793558.00,54808.00
9380,35534.00,27452.00,97850.00,52826.00,28849.00,12590.00,205419.00,793586.00,54843.00
9381,44593.00,27776.00,102289.00,67561.00,58290.00,12491.00,208324.00,787132.00,76331.00
9382,51005.00,24621.00,95416.00,58777.00,55579.00,13114.00,223221.00,792993.00,54785.00
9383,35756.00,27688.00,97908.00,52798.00,28923.00,12597.00,252012.00,842699.00,65252.00
9384,31693.00,24558.00,87322.00,53544.00,51621.00,12552.00,205256.00,789832.00,71086.00
9385,31865.00,24526.00,88073.00,53550.00,51722.00,12559.00,205279.00,793355.00,54341.00
9386,35672.00,27734.00,98241.00,52974.00,28864.00,12529.00,205264.00,801680.00,65468.00
9387,31699.00,24577.00,87010.00,53535.00,54294.00,12568.00,205291.00,789858.00,81219.00
9388,31778.00,24566.00,87121.00,53503.00,51768.00,12562.00,205064.00,793428.00,54499.00
9389,35757.00,27618.00,97878.00,52805.00,28874.00,12568.00,205104.00,793434.00,73330.00
9390,31736.00,24629.00,87390.00,53540.00,51197.00,15612.00,205273.00,789740.00,66493.00
9391,31668.00,24556.00,86626.00,53516.00,52336.00,12492.00,205234.00,825508.00,57705.00
9392,37441.00,29110.00,102443.00,55627.00,40129.00,12617.00,205280.00,799715.00,64315.00
9393,31754.00,24535.00,86569.00,53578.00,54295.00,12577.00,205266.00,789910.00,64704.00
9394,31600.00,24455.00,86940.00,53501.00,53477.00,12410.00,205250.00,829426.00,57290.00
9395,47471.00,29057.00,97333.00,53921.00,59789.00,12623.00,205592.00,824719.00,99295.00
9396,35851.00,27587.00,102040.00,60235.00,62474.00,23729.00,223020.00,794309.00,55129.00
9397,35705.00,27575.00,98211.00,52796.00,28788.00,12581.00,205558.00,793259.00,54858.00
9398,35633.00,27644.00,113317.00,67533.00,54945.00,12494.00,208391.00,787173.00,64425.00
9399,34409.00,24641.00,87317.00,53584.00,50963.00,12596.00,205262.00,793296.00,54581.00
9400,35590.00,27818.00,98759.00,52772.00,28872.00,12592.00,205261.00,793887.00,54605.00
9401,35780.00,27638.00,114272.00,66800.00,50580.00,12580.00,208575.00,786952.00,64380.00
9402,31720.00,24649.00,89866.00,53503.00,52061.00,12624.00,205258.00,793335.00,54798.00
9403,35583.00,27733.00,98369.00,52901.00,28829.00,12562.00,205332.00,793689.00,54689.00
9404,35712.00,27679.00,113294.00,67277.00,51751.00,12580.00,208041.00,786956.00,65957.00
9405,31823.00,24586.00,89628.00,53573.00,50696.00,12518.00,205282.00,860575.00,57585.00
9406,47919.00,28996.00,117819.00,55667.00,30410.00,13200.00,223330.00,794240.00,64949.00
9407,31767.00,24641.00,87253.00,53576.00,51758.00,12481.00,233190.00,902241.00,73224.00
9408,35597.00,27638.00,97666.00,69424.00,55696.00,13218.00,223659.00,793259.00,54713.00
9409,35773.00,27702.00,111688.00,67479.00,52104.00,12550.00,208563.00,786896.00,64493.00
9410,31769.00,24559.00,89950.00,53546.00,51098.00,12641.00,205257.00,793765.00,54488.00
9411,35693.00,27755.00,97972.00,52787.00,28898.00,12535.00,205258.00,793379.00,54693.00
9412,35487.00,27541.00,111460.00,67464.00,57267.00,12588.00,208343.00,787267.00,65505.00
9413,31831.00,24497.00,89625.00,53577.00,63543.00,12725.00,205229.00,793623.00,54489.00
9414,35702.00,27694.00,98445.00,52839.00,28817.00,12482.00,205309.00,819019.00,57650.00
9415,37520.00,29076.00,127864.00,70271.00,51198.00,12516.00,208672.00,787058.00,65125.00
9416,34257.00,24670.00,87162.00,53524.00,51606.00,12572.00,205605.00,793664.00,54819.00
9417,35676.00,27738.00,98361.00,52840.00,28998.00,12606.00,205436.00,793258.00,54737.00
9418,35741.00,27747.00,114032.00,67165.00,61008.00,12548.00,208466.00,787508.00,65546.00
9419,34367.00,24697.00,87022.00,53535.00,51205.00,12573.00,205265.00,825301.00,57539.00
9420,37609.00,29094.00,109110.00,52793.00,28894.00,12455.00,232980.00,891906.00,70464.00
9421,31744.00,24493.00,86430.00,53578.00,59614.00,12576.00,205660.00,789903.00,64537.00
9422,31683.00,24474.00,86817.00,53562.00,51333.00,12549.00,205295.00,793832.00,54538.00
9423,35756.00,27651.00,98159.00,52801.00,28898.00,12466.00,205273.00,801989.00,65807.00
9424,31857.00,24560.00,87502.00,53503.00,54153.00,12586.00,205096.00,789532.00,65258.00
9425,31790.00,24481.00,87443.00,53617.00,50801.00,12488.00,205259.00,817905.00,57552.00
9426,37498.00,29036.00,111018.00,52867.00,28851.00,12650.00,205498.00,825273.00,78209.00
9427,35067.00,27108.00,106850.00,74007.00,52270.00,13260.00,223580.00,825164.00,57664.00
9428,37832.00,29112.00,109998.00,52972.00,28841.00,12625.00,205619.00,793217.00,54815.00
9429,35802.00,27708.00,111802.00,68258.00,52697.00,12498.00,207633.00,786752.00,65231.00
9430,31760.00,24642.00,90040.00,53554.00,59194.00,12649.00,205441.00,793375.00,54815.00
9431,35854.00,27642.00,97607.00,52803.00,28938.00,12607.00,205413.00,793647.00,54506.00
9432,35831.00,27580.00,113681.00,66050.00,51883.00,12480.00,226728.00,875650.00,68082.00
9433,31721.00,24603.00,87010.00,53576.00,51667.00,12568.00,205272.00,793845.00,54451.00
9434,35782.00,27554.00,98469.00,52848.00,28848.00,12579.00,205270.00,825178.00,68241.00
9435,31789.00,35808.00,87172.00,53548.00,50749.00,12553.00,208465.00,789354.00,67977.00
9436,31726.00,24500.00,87377.00,53561.00,51878.00,12565.00,205272.00,793231.00,54425.00
9437,35600.00,27593.00,98028.00,52883.00,28834.00,12510.00,205234.00,793633.00,55932.00
9438,31678.00,35964.00,102620.00,66168.00,50605.00,12545.00,208460.00,787617.00,67684.00
9439,31775.00,24580.00,87135.00,53614.00,51684.00,12575.00,205283.00,793487.00,54499.00
9440,35700.00,27668.00,98435.00,52797.00,28800.00,12451.00,205268.00,793209.00,54574.00
9441,31656.00,37009.00,101996.00,66161.00,50842.00,12616.00,208271.00,787178.00,67171.00
9442,31578.00,24620.00,86731.00,53526.00,51015.00,12565.00,205258.00,793316.00,54637.00
9443,35635.00,27704.00,97758.00,52817.00,28938.00,12538.00,205293.00,793317.00,54582.00
9444,42875.00,27565.00,102626.00,69668.00,51168.00,12498.00,208349.00,815564.00,84938.00
9445,34577.00,26827.00,96022.00,76005.00,61460.00,13583.00,221933.00,866353.00,54658.00
9446,35772.00,27762.00,97901.00,65150.00,56363.00,12552.00,208555.00,787195.00,64628.00
9447,31755.00,24697.00,89440.00,53499.00,51399.00,12533.00,205277.00,789640.00,65322.00
9448,31696.00,24703.00,87327.00,53664.00,57543.00,12551.00,205243.00,793535.00,54420.00
9449,35675.00,27623.00,100151.00,74999.00,50700.00,12523.00,208341.00,787377.00,65274.00
9450,31827.00,24543.00,89753.00,53547.00,52403.00,12653.00,205252.00,789883.00,73856.00
9451,31660.00,24555.00,87011.00,53503.00,52067.00,12523.00,205239.00,793326.00,54490.00
9452,35752.00,27644.00,112373.00,66289.00,51523.00,12484.00,208364.00,787506.00,65712.00
9453,31660.00,24555.00,89325.00,53519.00,61951.00,12545.00,205475.00,793916.00,54769.00
9454,35816.00,27637.00,98725.00,52829.00,28932.00,12583.00,205463.00,793318.00,54686.00
9455,35629.00,27664.00,111011.00,67459.00,59404.00,12472.00,208323.00,787284.00,66291.00
9456,31760.00,24634.00,90525.00,53534.00,50447.00,12503.00,205333.00,793506.00,54430.00
9457,35784.00,27726.00,98380.00,52801.00,28838.00,12549.00,205261.00,895913.00,74624.00
9458,38585.00,29801.00,125302.00,75361.00,75476.00,16378.00,226159.00,790495.00,65517.00
9459,31602.00,24568.00,86417.00,53604.00,51269.00,12591.00,205281.00,793510.00,54486.00
9460,35662.00,27567.00,98747.00,52778.00,28778.00,12512.00,205295.00,793374.00,75959.00
9461,31753.00,24673.00,87808.00,53532.00,50830.00,12559.00,208491.00,835646.00,69639.00
9462,31713.00,24688.00,87250.00,53575.00,51008.00,12571.00,205283.00,793492.00,54562.00
9463,35708.00,27548.00,98835.00,52776.00,28770.00,12575.00,205273.00,802783.00,67089.00
9464,31625.00,24559.00,87415.00,53461.00,54553.00,12547.00,205284.00,789526.00,64536.00
9465,31823.00,24632.00,87289.00,53548.00,50998.00,12550.00,205274.00,793512.00,54444.00
9466,35850.00,27678.00,98328.00,52742.00,28854.00,12559.00,205240.00,836902.00,85155.00
9467,31776.00,24639.00,86727.00,53529.00,55914.00,12588.00,205421.00,790266.00,66322.00
9468,31503.00,24649.00,87144.00,53435.00,52543.00,12665.00,205475.00,846817.00,59220.00
9469,38509.00,29921.00,124844.00,65732.00,51063.00,12560.00,208605.00,835821.00,82694.00
9470,35855.00,27625.00,101428.00,70377.00,52443.00,13192.00,222298.00,821462.00,67989.00
9471,35697.00,27845.00,98152.00,52770.00,28859.00,12482.00,205289.00,792993.00,54567.00
9472,31903.00,37194.00,102465.00,66933.00,52014.00,12497.00,208407.00,786863.00,67457.00
9473,31652.00,24640.00,87119.00,53529.00,51284.00,12679.00,205532.00,793348.00,54841.00
9474,35900.00,27664.00,97975.00,52925.00,28947.00,12586.00,205447.00,793084.00,54782.00
9475,42630.00,27572.00,102648.00,67004.00,53717.00,12502.00,208441.00,788146.00,69404.00
9476,31750.00,24456.00,86785.00,53500.00,51089.00,12505.00,205257.00,793737.00,54569.00
9477,35597.00,27474.00,98358.00,52758.00,28934.00,12569.00,205231.00,793195.00,54680.00
9478,44750.00,27724.00,102585.00,67386.00,51771.00,12552.00,208326.00,787481.00,68365.00
9479,31780.00,24615.00,86926.00,53597.00,52363.00,12558.00,205563.00,793440.00,54616.00
9480,35742.00,27466.00,98190.00,52785.00,28902.00,12533.00,205452.00,863616.00,65520.00
9481,31724.00,24419.00,104290.00,58761.00,53141.00,13209.00,219773.00,802788.00,65585.00
9482,31824.00,24460.00,87061.00,70371.00,53954.00,13205.00,241614.00,897933.00,84105.00
9483,37757.00,29484.00,123286.00,73084.00,57977.00,13250.00,247837.00,821884.00,75599.00
9484,37616.00,29122.00,102984.00,55624.00,40562.00,12602.00,205339.00,792511.00,54597.00
9485,35543.00,27638.00,98318.00,52796.00,28918.00,12497.00,205242.00,793789.00,80529.00
9486,31663.00,24627.00,87494.00,53519.00,62400.00,15745.00,205286.00,791003.00,74673.00
9487,31635.00,24494.00,87117.00,53530.00,52438.00,12521.00,205094.00,793006.00,54651.00
9488,35718.00,27607.00,98313.00,52885.00,28927.00,12623.00,205091.00,821268.00,78299.00
9489,34646.00,27006.00,103353.00,53550.00,56756.00,12498.00,205425.00,789911.00,64751.00
9490,31688.00,24460.00,87197.00,53573.00,51812.00,12539.00,205322.00,793563.00,54611.00
9491,35511.00,27552.00,98463.00,52711.00,28977.00,12529.00,205274.00,802867.00,66162.00
9492,31726.00,24681.00,86733.00,53608.00,54441.00,12525.00,205281.00,789791.00,66351.00
9493,31696.00,24530.00,87282.00,53609.00,51784.00,12508.00,205256.00,793297.00,54427.00
9494,35691.00,27516.00,98122.00,52901.00,28952.00,12600.00,205252.00,889344.00,65240.00
9495,31645.00,24581.00,87332.00,56145.00,74875.00,13209.00,216107.00,827506.00,71014.00
9496,34758.00,27021.00,95572.00,64529.00,54225.00,12580.00,205425.00,793359.00,54546.00
9497,35635.00,27700.00,112587.00,67472.00,57781.00,12514.00,208552.00,787257.00,65583.00
9498,31668.00,24638.00,90183.00,53602.00,51257.00,12529.00,205303.00,793511.00,54548.00
9499,35745.00,27592.00,98152.00,52773.00,28966.00,12635.00,205317.00,814740.00,57673.00
9500,37780.00,29130.00,122541.00,73984.00,50507.00,12516.00,208928.00,787262.00,64656.00
9501,34343.00,24672.00,87278.00,53476.00,52763.00,12524.00,231748.00,816045.00,54697.00
9502,35764.00,27695.00,97690.00,69279.00,30380.00,13181.00,215857.00,812833.00,64931.00
9503,31717.00,24484.00,87866.00,53596.00,51122.00,12480.00,208228.00,787496.00,68309.00
9504,31720.00,24366.00,87643.00,53460.00,51896.00,12547.00,205474.00,793543.00,54549.00
9505,35735.00,27695.00,97413.00,52773.00,28944.00,12663.00,205430.00,793356.00,54730.00
9506,31733.00,36893.00,101962.00,66166.00,54684.00,12581.00,208385.00,826696.00,66034.00
9507,59202.00,24724.00,105211.00,58895.00,55805.00,13137.00,243369.00,869467.00,57603.00
9508,37627.00,29165.00,116900.00,87268.00,52640.00,13167.00,218912.00,826326.00,71763.00
9509,34582.00,40942.00,94983.00,58693.00,52284.00,13162.00,216792.00,792791.00,54518.00
9510,35732.00,27729.00,97984.00,52715.00,28816.00,12600.00,205269.00,840290.00,89215.00
9511,37625.00,45153.00,119109.00,60002.00,31310.00,13696.00,222163.00,850148.00,71320.00
9512,34807.00,27045.00,123450.00,58822.00,52187.00,13225.00,235298.00,867904.00,57689.00
9513,44715.00,29009.00,112433.00,77605.00,61761.00,17343.00,216277.00,859394.00,65142.00
9514,31775.00,24486.00,87240.00,53540.00,51574.00,12559.00,205234.00,837331.00,54794.00
9515,35641.00,27652.00,98343.00,93202.00,52280.00,12468.00,207973.00,793370.00,54798.00
9516,35689.00,27753.00,101196.00,52886.00,28972.00,12532.00,205327.00,793358.00,54744.00
9517,35820.00,27756.00,97805.00,52745.00,28906.00,12551.00,238422.00,843357.00,59003.00
9518,38777.00,30101.00,115584.00,63766.00,28890.00,12496.00,208490.00,871736.00,76066.00
9519,31694.00,24674.00,87181.00,53596.00,58281.00,12526.00,205271.00,792991.00,54477.00
9520,35718.00,27735.00,98473.00,70540.00,30374.00,13143.00,221968.00,879559.00,90017.00
9521,31744.00,24523.00,86872.00,56961.00,53750.00,12581.00,205280.00,841582.00,54690.00
9522,35610.00,27755.00,97323.00,52799.00,28897.00,12628.00,205451.00,793543.00,54569.00
9523,35757.00,27521.00,110605.00,69061.00,59802.00,12595.00,208413.00,787208.00,65274.00
9524,31557.00,24772.00,89739.00,53549.00,58536.00,12639.00,205250.00,793590.00,54727.00
9525,35873.00,27696.00,97758.00,52778.00,28816.00,12496.00,205308.00,793297.00,54692.00
9526,35632.00,27694.00,110238.00,71195.00,51643.00,12501.00,208385.00,787912.00,64385.00
9527,31811.00,24589.00,89252.00,53548.00,51423.00,12476.00,205264.00,793271.00,54554.00
9528,35766.00,27558.00,98380.00,52770.00,28871.00,12576.00,205246.00,793718.00,54653.00
9529,35787.00,27618.00,102555.00,74464.00,51401.00,12629.00,208383.00,787385.00,65248.00
9530,31847.00,24725.00,89488.00,53710.00,55872.00,12597.00,205248.00,818180.00,57408.00
9531,35690.00,38586.00,117143.00,55495.00,30386.00,13302.00,246934.00,811021.00,54677.00
9532,42896.00,27665.00,102608.00,66186.00,51131.00,12563.00,208616.00,787027.00,67570.00
9533,50688.00,24560.00,95795.00,58802.00,53773.00,13138.00,221534.00,820160.00,54651.00
9534,35706.00,27706.00,97761.00,52762.00,28889.00,12578.00,205197.00,793636.00,78831.00
9535,31707.00,24596.00,87781.00,53556.00,51977.00,12609.00,208285.00,787571.00,67737.00
9536,31823.00,24421.00,87005.00,53499.00,52066.00,12554.00,205335.00,793515.00,54724.00
9537,35653.00,27677.00,98700.00,52893.00,28892.00,12544.00,205290.00,793679.00,65108.00
9538,31819.00,24527.00,86441.00,53531.00,51257.00,12545.00,208547.00,809143.00,83570.00
9539,35603.00,27683.00,108936.00,66815.00,56860.00,12597.00,205252.00,793606.00,54537.00
9540,35681.00,27542.00,98139.00,52800.00,28939.00,12536.00,205268.00,844171.00,64812.00
9541,31737.00,24691.00,87897.00,53551.00,56833.00,12553.00,205239.00,790334.00,65433.00
9542,31731.00,24526.00,87056.00,53535.00,51642.00,12571.00,205300.00,793465.00,54297.00
9543,35866.00,27514.00,117137.00,73043.00,69351.00,13536.00,231444.00,809149.00,69507.00
9544,31688.00,24714.00,90605.00,53602.00,53470.00,12575.00,205324.00,793839.00,54465.00
9545,35705.00,27607.00,98280.00,52792.00,28794.00,12569.00,205266.00,837581.00,54590.00
9546,35756.00,27531.00,113878.00,66217.00,50984.00,12552.00,229076.00,801481.00,65174.00
9547,34536.00,24599.00,86953.00,53611.00,51203.00,12577.00,205296.00,793573.00,54702.00
9548,35682.00,27629.00,99267.00,52722.00,28834.00,12621.00,205291.00,793438.00,54440.00
9549,35817.00,27498.00,114190.00,66192.00,51743.00,12495.00,208393.00,789054.00,65924.00
9550,34468.00,24553.00,88030.00,53550.00,50607.00,12494.00,205297.00,793250.00,54920.00
9551,35899.00,27551.00,97839.00,52799.00,28877.00,12595.00,205376.00,793268.00,54745.00
9552,35588.00,27648.00,113219.00,72068.00,51024.00,12529.00,208418.00,803105.00,70912.00
9553,34721.00,30174.00,114173.00,60239.00,53323.00,13489.00,229679.00,804941.00,54654.00
9554,35554.00,27655.00,97768.00,52808.00,28884.00,12557.00,205464.00,820838.00,68115.00
9555,34932.00,27006.00,95491.00,58725.00,72476.00,12518.00,205257.00,923602.00,71559.00
9556,34826.00,26942.00,102792.00,53542.00,51818.00,12663.00,205242.00,793930.00,54589.00
9557,35633.00,27687.00,113169.00,73051.00,51735.00,12420.00,208484.00,786983.00,65477.00
9558,31686.00,24623.00,89946.00,53486.00,51702.00,12532.00,205609.00,818683.00,57592.00
9559,47396.00,29009.00,98315.00,52863.00,28906.00,12542.00,205419.00,836880.00,54721.00
9560,35582.00,27657.00,113364.00,67162.00,54346.00,12556.00,207679.00,787623.00,68040.00
9561,31766.00,24610.00,87332.00,53547.00,52050.00,12550.00,205257.00,793819.00,54514.00
9562,35690.00,27682.00,98203.00,52861.00,28873.00,12536.00,222057.00,820709.00,65481.00
9563,31791.00,24596.00,87413.00,53595.00,50529.00,12482.00,208281.00,787327.00,70462.00
9564,31692.00,24625.00,86763.00,53499.00,50385.00,12447.00,205271.00,794115.00,54372.00
9565,35561.00,27622.00,98648.00,52727.00,28905.00,12491.00,205256.00,793344.00,54538.00
9566,41827.00,27727.00,102170.00,66061.00,50847.00,12541.00,208342.00,787664.00,68384.00
9567,31817.00,24587.00,87078.00,53634.00,56844.00,12535.00,205297.00,864967.00,57810.00
9568,48083.00,29052.00,97781.00,52863.00,28964.00,12542.00,205387.00,793099.00,73407.00
9569,31867.00,24620.00,86809.00,53523.00,50542.00,15753.00,205573.00,789982.00,64879.00
9570,31634.00,24567.00,86979.00,53553.00,51900.00,12550.00,205257.00,793698.00,54550.00
9571,35759.00,27729.00,98604.00,52861.00,28850.00,12496.00,205265.00,838390.00,73522.00
9572,31754.00,24441.00,86542.00,53507.00,53544.00,12593.00,205112.00,790011.00,65021.00
9573,31639.00,24611.00,87346.00,53698.00,51321.00,12569.00,205131.00,793409.00,54600.00
9574,35658.00,27673.00,98293.00,52730.00,28958.00,12722.00,205141.00,793667.00,63838.00
9575,31969.00,24669.00,87811.00,53527.00,57864.00,12502.00,208453.00,812024.00,98963.00
9576,34894.00,27012.00,94986.00,58802.00,52941.00,13202.00,217790.00,828061.00,57816.00
9577,37444.00,29156.00,103334.00,78902.00,51325.00,12565.00,208712.00,787091.00,64485.00
9578,31803.00,24588.00,90616.00,53630.00,52150.00,12575.00,205251.00,790122.00,65952.00
9579,31878.00,24568.00,87269.00,53622.00,51477.00,12552.00,205239.00,793221.00,54681.00
9580,35674.00,27547.00,99658.00,106075.00,52282.00,13179.00,236185.00,829959.00,69465.00
9581,31672.00,27177.00,86805.00,53568.00,52834.00,12634.00,205270.00,793365.00,54704.00
9582,35666.00,27677.00,97744.00,52721.00,28869.00,12595.00,205271.00,793232.00,54534.00
9583,35729.00,27779.00,113195.00,66167.00,50997.00,12620.00,208420.00,787361.00,73786.00
9584,48677.00,27570.00,95368.00,58814.00,54046.00,13258.00,220584.00,823204.00,57746.00
9585,46580.00,29112.00,98526.00,52917.00,29002.00,12524.00,205547.00,792800.00,64042.00
9586,31778.00,24575.00,87631.00,53550.00,60808.00,12620.00,208743.00,787166.00,66999.00
9587,31727.00,24578.00,86854.00,53522.00,51463.00,12533.00,205233.00,793555.00,54601.00
9588,35814.00,27600.00,98256.00,52772.00,28853.00,12548.00,205257.00,793513.00,55284.00
9589,31674.00,35116.00,87041.00,53537.00,51322.00,12566.00,208367.00,789146.00,68816.00
9590,31890.00,24444.00,87147.00,53631.00,52934.00,12520.00,205282.00,793919.00,54501.00
9591,35918.00,27612.00,97663.00,52720.00,28888.00,12528.00,205237.00,793070.00,54566.00
9592,43466.00,27525.00,102003.00,67356.00,53581.00,12507.00,208400.00,871448.00,64983.00
9593,31844.00,24633.00,87065.00,53614.00,51947.00,12558.00,205095.00,793801.00,54746.00
9594,35827.00,27636.00,98103.00,52762.00,28860.00,12569.00,205008.00,793063.00,76147.00
9595,31723.00,24678.00,87307.00,53575.00,55736.00,12636.00,208253.00,789056.00,66046.00
9596,31559.00,24640.00,87842.00,53547.00,53240.00,12529.00,205266.00,825083.00,66532.00
9597,35654.00,27626.00,98502.00,52821.00,28825.00,12542.00,205244.00,792625.00,71751.00
9598,31356.00,24553.00,87538.00,53675.00,50521.00,15662.00,205281.00,789924.00,70346.00
9599,31750.00,24542.00,87151.00,53607.00,52279.00,12552.00,205246.00,793671.00,54556.00
9600,35492.00,27701.00,98220.00,52844.00,28901.00,12619.00,205236.00,793216.00,64443.00
9601,31764.00,24585.00,86617.00,53579.00,51153.00,12529.00,208378.00,786922.00,67314.00
9602,31605.00,24583.00,86508.00,53580.00,51400.00,12546.00,205253.00,793318.00,54653.00
9603,35686.00,27627.00,98016.00,52778.00,28856.00,12451.00,205267.00,793068.00,54539.00
9604,31829.00,36861.00,102257.00,66086.00,50492.00,12598.00,208524.00,787343.00,74518.00
9605,49349.00,24495.00,95856.00,58809.00,80221.00,13246.00,237061.00,825559.00,54653.00
9606,35718.00,27580.00,97401.00,64992.00,51435.00,12549.00,205260.00,794473.00,70115.00
9607,31775.00,24408.00,87267.00,56278.00,51646.00,12619.00,205235.00,789837.00,66569.00
9608,31621.00,24573.00,87027.00,53562.00,51774.00,12531.00,205269.00,793558.00,54645.00
9609,35919.00,27703.00,98410.00,64905.00,61047.00,12525.00,227375.00,852398.00,64384.00
9610,31854.00,24619.00,89188.00,53553.00,50645.00,12496.00,205255.00,793625.00,54662.00
9611,35703.00,27546.00,98535.00,52839.00,28905.00,12572.00,205283.00,793645.00,54509.00
9612,35825.00,27658.00,111420.00,67309.00,61585.00,12544.00,208413.00,787180.00,65733.00
9613,31934.00,24495.00,90523.00,53586.00,50423.00,12536.00,205572.00,887314.00,59130.00
9614,38802.00,29905.00,113759.00,65172.00,28940.00,28486.00,216164.00,886621.00,93825.00
9615,34749.00,26882.00,100785.00,75786.00,53317.00,13265.00,218579.00,793281.00,54477.00
9616,35497.00,27555.00,98198.00,52800.00,28847.00,12477.00,205273.00,892981.00,73747.00
9617,38647.00,29812.00,125234.00,83097.00,53302.00,13240.00,255632.00,790721.00,65599.00
9618,31718.00,24591.00,86576.00,53603.00,52339.00,12513.00,205253.00,793609.00,54647.00
9619,35542.00,27795.00,98508.00,52783.00,28827.00,12548.00,205259.00,793301.00,63928.00
9620,31950.00,24518.00,87179.00,53603.00,57442.00,12482.00,208337.00,787560.00,66558.00
9621,31907.00,24481.00,86972.00,53471.00,50506.00,12596.00,205420.00,824184.00,66903.00
9622,35852.00,27658.00,97641.00,52962.00,28901.00,12603.00,205496.00,821604.00,74914.00
9623,31759.00,24634.00,86830.00,53549.00,54213.00,12613.00,205052.00,790165.00,65656.00
9624,31572.00,24508.00,86438.00,53517.00,51561.00,12528.00,205344.00,793354.00,54691.00
9625,35718.00,27519.00,97669.00,52801.00,28874.00,12545.00,205257.00,793606.00,75772.00
9626,31786.00,24718.00,87063.00,53511.00,51045.00,12591.00,233927.00,807364.00,68121.00
9627,31788.00,24543.00,87206.00,53557.00,65629.00,12495.00,205265.00,793631.00,54511.00
9628,35674.00,27601.00,98336.00,52785.00,28978.00,12541.00,205290.00,842438.00,64637.00
9629,31770.00,24582.00,87255.00,53619.00,52137.00,12536.00,205276.00,880369.00,64852.00
9630,31886.00,24555.00,86962.00,53538.00,50600.00,12552.00,205250.00,793789.00,54607.00
9631,36002.00,27568.00,104508.00,52912.00,28857.00,12602.00,205441.00,790878.00,64773.00
9632,31766.00,24604.00,87440.00,56412.00,52114.00,12547.00,205280.00,790555.00,64290.00
9633,31680.00,24555.00,87229.00,53496.00,51744.00,12535.00,205264.00,835696.00,54727.00
9634,35810.00,27759.00,100363.00,71961.00,51175.00,12503.00,225398.00,811849.00,66067.00
9635,32071.00,24571.00,111830.00,58736.00,71600.00,12497.00,205327.00,793920.00,54401.00
9636,35614.00,27768.00,98425.00,52805.00,28859.00,12547.00,205260.00,837974.00,54543.00
9637,43536.00,27548.00,102275.00,67263.00,50479.00,12586.00,209096.00,813349.00,72130.00
9638,45066.00,27092.00,86964.00,53585.00,57545.00,12627.00,205261.00,793730.00,54652.00
9639,35737.00,27804.00,98673.00,52835.00,28964.00,12481.00,205255.00,794594.00,79082.00
9640,31704.00,24648.00,87718.00,53510.00,51401.00,12581.00,208329.00,787026.00,66027.00
9641,31796.00,24555.00,87223.00,53526.00,51798.00,12483.00,205245.00,873385.00,66397.00
9642,35891.00,27667.00,98284.00,52880.00,62963.00,12552.00,205275.00,795120.00,66573.00
9643,31801.00,24555.00,87156.00,56420.00,54556.00,12520.00,205264.00,789682.00,73570.00
9644,31730.00,24536.00,87066.00,53467.00,50555.00,12563.00,205267.00,793665.00,54403.00
9645,35810.00,27488.00,98142.00,65151.00,50661.00,12514.00,205281.00,795398.00,64568.00
9646,31898.00,24557.00,86716.00,56257.00,51454.00,12540.00,205249.00,790245.00,65580.00
9647,31669.00,24545.00,87430.00,53564.00,52558.00,12541.00,205257.00,834593.00,54907.00
9648,35817.00,27831.00,97993.00,65291.00,51045.00,12661.00,205471.00,790352.00,64505.00
9649,31723.00,24563.00,87023.00,55574.00,50840.00,12681.00,205274.00,789745.00,73141.00
9650,31783.00,24401.00,87306.00,53547.00,56569.00,12586.00,205259.00,793500.00,54500.00
9651,35899.00,27766.00,117638.00,92200.00,52043.00,13136.00,219900.00,798375.00,65692.00
9652,47449.00,24536.00,99166.00,58692.00,62064.00,13216.00,226664.00,793741.00,54769.00
9653,35665.00,27417.00,97782.00,52802.00,28878.00,12549.00,205355.00,792891.00,54648.00
9654,35776.00,27700.00,112926.00,85227.00,60104.00,13195.00,241349.00,825818.00,77267.00
9655,31630.00,24660.00,87269.00,53567.00,59057.00,12552.00,205497.00,793188.00,54692.00
9656,35597.00,27654.00,98572.00,52966.00,28872.00,12535.00,205421.00,793568.00,74453.00
9657,31743.00,24641.00,87327.00,53592.00,50526.00,15633.00,205435.00,789590.00,64495.00
9658,31702.00,24493.00,86889.00,53554.00,51357.00,12580.00,205482.00,811134.00,57578.00
9659,37902.00,29214.00,103021.00,55529.00,40373.00,12587.00,205452.00,843010.00,66770.00
9660,31546.00,24561.00,87447.00,53438.00,74918.00,13217.00,216086.00,803945.00,66812.00
9661,31750.00,24598.00,86617.00,53581.00,51960.00,12624.00,205105.00,792232.00,54579.00
9662,35512.00,27691.00,97744.00,65260.00,50793.00,12470.00,205271.00,793031.00,72814.00
9663,31766.00,24672.00,86750.00,56255.00,51121.00,12576.00,205258.00,789835.00,64383.00
9664,31549.00,24622.00,87030.00,53577.00,51872.00,12671.00,205619.00,793147.00,54685.00
9665,35666.00,27810.00,97629.00,65634.00,52024.00,12607.00,205272.00,794121.00,66277.00
9666,31487.00,24692.00,86841.00,56273.00,60736.00,12457.00,205314.00,845076.00,74873.00
9667,34775.00,27017.00,123744.00,58846.00,62149.00,13164.00,217370.00,836308.00,54512.00
9668,41857.00,27633.00,102510.00,74674.00,51556.00,12488.00,207736.00,787395.00,72376.00
9669,31841.00,24516.00,86905.00,53569.00,51593.00,12609.00,205247.00,793305.00,54593.00
9670,35534.00,27767.00,98052.00,52801.00,28920.00,12477.00,205294.00,871550.00,69319.00
9671,35762.00,27599.00,134853.00,62413.00,31366.00,13602.00,222215.00,837004.00,70661.00
9672,51535.00,27021.00,98160.00,60160.00,54154.00,13519.00,222030.00,878571.00,57598.00
9673,44905.00,29162.00,112899.00,72721.00,53798.00,13246.00,246490.00,864020.00,65641.00
9674,31885.00,24551.00,87883.00,53576.00,51939.00,12576.00,205285.00,836367.00,54659.00
9675,35824.00,27702.00,99582.00,79110.00,52456.00,12610.00,207794.00,793368.00,54642.00
9676,35852.00,27680.00,101846.00,52753.00,28895.00,12496.00,205249.00,793847.00,54677.00
9677,35802.00,27713.00,98542.00,52855.00,28879.00,12633.00,205391.00,793212.00,54770.00
9678,35748.00,27652.00,99108.00,81368.00,50635.00,12514.00,208409.00,866864.00,65725.00
9679,34684.00,24643.00,86595.00,53577.00,50685.00,12568.00,205632.00,793396.00,54826.00
9680,35537.00,27697.00,98022.00,52746.00,28866.00,12514.00,205486.00,793135.00,54950.00
9681,35643.00,27683.00,113430.00,67180.00,52298.00,12507.00,208378.00,787265.00,64371.00
9682,34251.00,24441.00,86705.00,53560.00,52313.00,12539.00,205250.00,793548.00,54468.00
9683,35773.00,27603.00,97721.00,52796.00,28915.00,12547.00,205276.00,793942.00,54509.00
9684,35647.00,27710.00,114014.00,70568.00,59295.00,12527.00,208421.00,787075.00,65200.00
9685,34729.00,24531.00,110792.00,58845.00,52245.00,13368.00,222501.00,794458.00,54502.00
9686,35713.00,27569.00,97887.00,52818.00,28967.00,12594.00,205481.00,793374.00,54647.00
9687,44849.00,27818.00,102492.00,66709.00,51118.00,12532.00,208422.00,787448.00,68957.00
9688,31623.00,24621.00,87093.00,53632.00,51565.00,12566.00,205255.00,793555.00,54510.00
9689,35708.00,27614.00,98781.00,52814.00,28896.00,12481.00,205276.00,793674.00,54535.00
9690,43939.00,27580.00,102819.00,66152.00,51039.00,12635.00,208535.00,811858.00,72978.00
9691,34783.00,26966.00,95637.00,58772.00,53858.00,13171.00,264050.00,894190.00,54641.00
9692,35611.00,27710.00,99087.00,76372.00,50387.00,12473.00,208073.00,813076.00,66407.00
9693,31695.00,24580.00,89040.00,53488.00,59308.00,12561.00,205275.00,793553.00,54512.00
9694,35776.00,27628.00,97511.00,52896.00,28807.00,12541.00,205275.00,793461.00,54449.00
9695,35746.00,27635.00,112128.00,66061.00,51172.00,12587.00,208335.00,787238.00,66372.00
9696,31829.00,24502.00,89091.00,53486.00,56911.00,12547.00,205266.00,793476.00,54421.00
9697,35667.00,27729.00,98464.00,52848.00,28852.00,12448.00,205281.00,837139.00,54575.00
9698,35696.00,27695.00,113061.00,67566.00,52243.00,12519.00,207965.00,787474.00,70819.00
9699,34325.00,24581.00,87499.00,53516.00,50696.00,12650.00,205477.00,793465.00,54650.00
9700,35417.00,27518.00,97738.00,52765.00,28861.00,12608.00,205405.00,862565.00,68215.00
9701,42638.00,27742.00,101741.00,71328.00,59382.00,12522.00,208351.00,786869.00,74694.00
9702,31722.00,24487.00,87031.00,53607.00,52594.00,12466.00,205259.00,846344.00,54699.00
9703,35776.00,27704.00,134196.00,56953.00,31204.00,13564.00,231167.00,810027.00,74171.00
9704,31762.00,24546.00,87168.00,56327.00,50677.00,12557.00,205644.00,790285.00,65169.00
9705,31933.00,24590.00,86804.00,53478.00,51558.00,12501.00,205302.00,792890.00,54505.00
9706,35825.00,27778.00,97992.00,65021.00,57779.00,12564.00,205249.00,794108.00,66738.00
9707,31627.00,24669.00,87454.00,56270.00,57570.00,12586.00,205301.00,790173.00,64620.00
9708,31704.00,24635.00,86823.00,53583.00,52068.00,12652.00,205574.00,793657.00,54787.00
9709,35665.00,27797.00,97622.00,65841.00,52384.00,12511.00,205271.00,831008.00,98776.00
9710,31601.00,24542.00,107913.00,58751.00,64387.00,13158.00,247541.00,811422.00,54681.00
9711,35406.00,27795.00,98050.00,52939.00,28875.00,12571.00,205412.00,793409.00,54559.00
9712,42716.00,27580.00,102592.00,69201.00,51365.00,12508.00,208707.00,788018.00,67601.00
9713,31680.00,24540.00,86662.00,53588.00,51244.00,12515.00,205266.00,793510.00,54470.00
9714,35764.00,27379.00,98813.00,52768.00,28788.00,12514.00,205240.00,793300.00,54583.00
9715,43705.00,27606.00,102579.00,66955.00,55622.00,12530.00,208588.00,932190.00,72560.00
9716,35830.00,27552.00,108243.00,58804.00,72149.00,12698.00,205028.00,793624.00,54394.00
9717,35812.00,27575.00,110705.00,66983.00,51085.00,12585.00,208530.00,787576.00,66589.00
9718,31587.00,24615.00,89837.00,53455.00,50662.00,12538.00,205466.00,793563.00,54624.00
9719,35733.00,27559.00,98057.00,52848.00,28828.00,12549.00,205415.00,793546.00,54542.00
9720,35673.00,27654.00,110372.00,66166.00,50677.00,12638.00,208129.00,787048.00,65063.00
9721,31706.00,24718.00,89814.00,53539.00,51646.00,12461.00,205264.00,793602.00,54434.00
9722,35742.00,27480.00,97787.00,52765.00,28799.00,12564.00,205293.00,837514.00,54647.00
9723,35779.00,27703.00,113506.00,67921.00,52369.00,12501.00,226641.00,798981.00,68249.00
9724,34237.00,24610.00,87086.00,53591.00,50568.00,12474.00,205331.00,793640.00,54525.00
9725,35639.00,27729.00,98113.00,52741.00,28822.00,12485.00,205251.00,816365.00,57764.00
9726,37633.00,29211.00,123865.00,84470.00,53921.00,12596.00,208892.00,817798.00,76441.00
9727,34764.00,26961.00,103566.00,53626.00,53908.00,12564.00,205285.00,874852.00,82441.00
9728,46801.00,29151.00,97011.00,65504.00,60938.00,12562.00,208979.00,825319.00,73675.00
9729,31751.00,24648.00,90162.00,53463.00,50447.00,12543.00,205263.00,793774.00,54574.00
9730,35710.00,27803.00,98412.00,52779.00,28748.00,12492.00,205263.00,793270.00,54659.00
9731,35550.00,27696.00,111542.00,67970.00,57105.00,12521.00,208356.00,787232.00,65091.00
9732,31608.00,24546.00,90576.00,53648.00,51791.00,12623.00,205475.00,793958.00,54578.00
9733,35872.00,27651.00,97500.00,52721.00,28958.00,12488.00,205418.00,793222.00,54609.00
9734,35614.00,27737.00,111713.00,77832.00,54959.00,12488.00,208423.00,787293.00,66258.00
9735,31664.00,24662.00,110447.00,58807.00,53741.00,13189.00,223587.00,830509.00,54736.00
9736,35756.00,27652.00,97368.00,52734.00,28976.00,12512.00,205418.00,793553.00,54787.00
9737,42765.00,27593.00,102608.00,66899.00,54674.00,12529.00,208348.00,787237.00,69267.00
9738,31746.00,24468.00,87332.00,53535.00,50846.00,12555.00,205485.00,793943.00,54619.00
9739,35532.00,27567.00,97928.00,52875.00,28939.00,12457.00,205428.00,811310.00,57765.00
9740,44796.00,29089.00,119575.00,71430.00,76477.00,16741.00,259379.00,821659.00,65453.00
9741,31821.00,24585.00,87574.00,53513.00,50465.00,12557.00,205270.00,793410.00,54468.00
9742,35721.00,27654.00,98816.00,65010.00,51298.00,12469.00,205274.00,793762.00,74833.00
9743,31800.00,24657.00,87396.00,56266.00,56050.00,12621.00,205519.00,789716.00,64576.00
9744,31698.00,24573.00,86878.00,53578.00,51872.00,12556.00,205254.00,837319.00,54600.00
9745,35660.00,27636.00,110130.00,66019.00,51242.00,12491.00,208374.00,787821.00,64406.00
9746,31735.00,24571.00,89851.00,53599.00,50553.00,12545.00,205272.00,793245.00,54519.00
9747,35809.00,27667.00,97640.00,53000.00,28875.00,12575.00,205277.00,793637.00,54620.00
9748,35717.00,27641.00,112356.00,68396.00,60947.00,12594.00,225473.00,811586.00,69679.00
9749,31735.00,24573.00,89932.00,53550.00,54745.00,12545.00,205289.00,793262.00,54825.00
9750,35777.00,27689.00,98147.00,52792.00,28917.00,12488.00,205263.00,793742.00,54474.00
9751,35512.00,27686.00,113591.00,73272.00,51036.00,12485.00,208360.00,787124.00,65498.00
9752,34338.00,24639.00,87576.00,71606.00,91159.00,13541.00,221724.00,829396.00,54695.00
9753,35705.00,27574.00,98016.00,52856.00,28956.00,12547.00,205264.00,793649.00,65142.00
9754,31731.00,24529.00,87620.00,53535.00,52525.00,12539.00,208145.00,787162.00,68283.00
9755,31631.00,24613.00,87208.00,53572.00,50472.00,12561.00,205172.00,793687.00,54563.00
9756,35782.00,27735.00,97728.00,52795.00,28864.00,12579.00,205087.00,793306.00,54634.00
9757,42186.00,27681.00,128574.00,71675.00,54604.00,13260.00,227049.00,787172.00,65993.00
9758,31759.00,24420.00,87314.00,53592.00,51044.00,12591.00,205417.00,793385.00,54819.00
9759,35663.00,27790.00,97731.00,52743.00,28870.00,12675.00,205431.00,793883.00,65238.00
9760,31846.00,24583.00,87461.00,53526.00,58166.00,12567.00,208328.00,787458.00,85646.00
9761,34752.00,27057.00,95937.00,58657.00,53022.00,13173.00,218450.00,842111.00,54789.00
9762,35691.00,27625.00,98675.00,52750.00,28932.00,12606.00,205483.00,873866.00,75160.00
9763,34894.00,27120.00,99191.00,76169.00,61306.00,13581.00,231442.00,807698.00,54586.00
9764,35731.00,27634.00,97746.00,52780.00,28879.00,12592.00,205109.00,862966.00,59082.00
9765,56734.00,29901.00,118164.00,67667.00,58442.00,12473.00,208665.00,787492.00,67569.00
9766,31818.00,24654.00,87322.00,53576.00,52082.00,12499.00,205256.00,793607.00,54619.00
9767,35662.00,27684.00,97740.00,52832.00,28826.00,12519.00,205271.00,793401.00,55744.00
9768,31804.00,35266.00,86795.00,53579.00,50953.00,12564.00,208350.00,787957.00,66993.00
9769,31791.00,24521.00,87141.00,53569.00,51343.00,12623.00,205257.00,793221.00,54395.00
9770,35714.00,27766.00,97870.00,52856.00,28924.00,12512.00,205247.00,793508.00,54637.00
9771,44537.00,27582.00,102707.00,66147.00,51196.00,12500.00,208331.00,787277.00,68101.00
9772,31815.00,24598.00,87572.00,53552.00,52153.00,12603.00,205505.00,793174.00,54698.00
9773,35879.00,27636.00,97469.00,52787.00,28929.00,12663.00,205467.00,836466.00,54694.00
9774,43164.00,27573.00,102635.00,66097.00,51091.00,12622.00,207849.00,787369.00,68615.00
9775,31805.00,24640.00,87100.00,53553.00,51778.00,12469.00,205238.00,793537.00,54558.00
9776,35838.00,27596.00,98054.00,52789.00,28865.00,12520.00,205268.00,835874.00,69694.00
9777,35482.00,27635.00,98137.00,69631.00,69007.00,13207.00,217745.00,789693.00,66809.00
9778,31662.00,24568.00,87170.00,53508.00,51898.00,12548.00,205029.00,798969.00,54639.00
9779,35477.00,27713.00,97899.00,52788.00,28856.00,12685.00,205593.00,802425.00,65739.00
9780,31774.00,24581.00,87253.00,53625.00,53612.00,12571.00,205296.00,790090.00,76846.00
9781,31927.00,24523.00,87515.00,53548.00,51066.00,12475.00,205281.00,793408.00,54502.00
9782,35701.00,27590.00,98828.00,52769.00,28809.00,12577.00,205240.00,793062.00,74299.00
9783,31721.00,24556.00,87009.00,53522.00,51358.00,12557.00,208509.00,787234.00,65473.00
9784,31732.00,24728.00,87024.00,53619.00,50981.00,12535.00,224687.00,817447.00,54635.00
9785,35506.00,27738.00,97685.00,52787.00,28906.00,12766.00,205060.00,792970.00,72539.00
9786,31793.00,24588.00,87245.00,53557.00,50661.00,15938.00,231062.00,824719.00,70294.00
9787,34522.00,27134.00,95588.00,66530.00,51794.00,12529.00,205256.00,793549.00,54480.00
9788,35613.00,27588.00,98215.00,66548.00,50455.00,12514.00,205266.00,793795.00,65231.00
9789,31929.00,24723.00,87361.00,56652.00,51233.00,12579.00,223273.00,919841.00,57473.00
9790,35628.00,39294.00,98531.00,52820.00,28783.00,12621.00,205379.00,793856.00,54811.00
9791,45063.00,27578.00,102391.00,67159.00,50440.00,12664.00,208803.00,793111.00,85946.00
9792,49882.00,26377.00,95513.00,58866.00,53350.00,13401.00,218534.00,806421.00,54565.00
9793,35634.00,27391.00,97657.00,52835.00,28883.00,12622.00,205178.00,793604.00,79486.00
9794,31711.00,24555.00,86928.00,53555.00,51353.00,12527.00,208366.00,787214.00,67259.00
9795,31724.00,24567.00,86747.00,53492.00,52251.00,12513.00,205244.00,793690.00,54520.00
9796,35661.00,27713.00,98426.00,52840.00,28798.00,12577.00,205251.00,793431.00,55331.00
9797,31730.00,35020.00,86474.00,53480.00,51094.00,12527.00,208170.00,786858.00,68273.00
9798,31650.00,24646.00,87156.00,53526.00,51017.00,12519.00,205243.00,822535.00,57635.00
9799,35776.00,39133.00,97703.00,52825.00,28983.00,12532.00,205617.00,792640.00,55793.00
9800,31887.00,34899.00,87050.00,53518.00,55149.00,12488.00,208488.00,787057.00,68648.00
9801,31791.00,24547.00,109342.00,58711.00,52797.00,13252.00,216102.00,891725.00,57610.00
9802,37853.00,29135.00,102971.00,68456.00,52425.00,23361.00,205456.00,791669.00,64384.00
9803,31686.00,24541.00,87081.00,56505.00,50526.00,12533.00,205614.00,789556.00,66361.00
9804,31739.00,24468.00,87192.00,53491.00,51857.00,12464.00,205241.00,793909.00,54573.00
9805,35639.00,27597.00,97985.00,65128.00,51549.00,12437.00,205256.00,792587.00,64434.00
9806,31744.00,24520.00,87714.00,56303.00,51195.00,12612.00,205607.00,790037.00,76158.00
9807,31741.00,24560.00,87245.00,53528.00,51115.00,12482.00,205288.00,793209.00,54552.00
9808,35660.00,27620.00,98873.00,65479.00,55610.00,12630.00,205225.00,791765.00,64410.00
9809,31823.00,24600.00,87260.00,56234.00,51152.00,12549.00,205261.00,828690.00,74878.00
9810,34765.00,27284.00,103860.00,53544.00,51563.00,12521.00,205477.00,835741.00,54613.00
9811,35664.00,27514.00,113815.00,68698.00,50897.00,12560.00,207780.00,787629.00,70914.00
9812,50823.00,24559.00,104885.00,53528.00,50997.00,12497.00,205251.00,793451.00,54491.00
9813,35678.00,27596.00,98675.00,52805.00,28902.00,12476.00,205258.00,793538.00,70557.00
9814,45162.00,29025.00,112425.00,89097.00,63190.00,17480.00,222042.00,819331.00,65316.00
9815,31690.00,24540.00,87257.00,53569.00,63424.00,12649.00,205266.00,793533.00,54655.00
9816,35775.00,27628.00,98652.00,52778.00,28866.00,12436.00,205255.00,801406.00,65661.00
9817,31684.00,24546.00,87255.00,53561.00,56940.00,12632.00,205277.00,789843.00,65763.00
9818,31652.00,24500.00,87049.00,53673.00,53282.00,12551.00,205421.00,815458.00,57375.00
9819,37823.00,29155.00,108943.00,52752.00,28866.00,12527.00,205565.00,800313.00,65383.00
9820,31753.00,24628.00,87291.00,53621.00,55035.00,12575.00,205283.00,789947.00,75087.00
9821,31619.00,24649.00,86582.00,53490.00,51377.00,12640.00,205452.00,793446.00,54733.00
9822,35790.00,27827.00,97499.00,52841.00,28894.00,12624.00,205465.00,802688.00,69162.00
9823,31978.00,24617.00,86837.00,53552.00,54101.00,12623.00,205501.00,790394.00,87191.00
9824,34943.00,27042.00,95669.00,58753.00,53775.00,13169.00,216673.00,793442.00,54691.00
9825,35688.00,27636.00,97411.00,54400.00,59047.00,12511.00,205246.00,796747.00,64595.00
9826,31728.00,24668.00,87056.00,56555.00,72218.00,13198.00,235382.00,857857.00,70277.00
9827,34850.00,27213.00,102393.00,53594.00,51159.00,12506.00,205294.00,793318.00,54518.00
9828,35755.00,27658.00,114355.00,67347.00,58477.00,12503.00,230051.00,805967.00,68614.00
9829,34872.00,41715.00,95445.00,58777.00,52864.00,13241.00,217344.00,871218.00,58994.00
9830,37502.00,29042.00,120838.00,57136.00,31319.00,13708.00,230150.00,842414.00,65375.00
9831,31836.00,24627.00,132879.00,60322.00,55091.00,13533.00,221930.00,878883.00,59232.00
9832,38493.00,29783.00,104852.00,66847.00,30500.00,13281.00,218530.00,888692.00,66155.00
9833,31764.00,24550.00,87459.00,72581.00,58364.00,13174.00,226228.00,814009.00,69699.00
9834,34663.00,27007.00,104288.00,53627.00,51945.00,12501.00,208966.00,793366.00,54478.00
9835,35825.00,27619.00,112960.00,66550.00,51092.00,12531.00,208699.00,793337.00,54778.00
9836,42517.00,27554.00,105227.00,67654.00,50837.00,12706.00,205245.00,819455.00,57631.00
9837,37586.00,29021.00,108886.00,52785.00,28950.00,12536.00,205192.00,833963.00,54882.00
9838,31556.00,35755.00,87197.00,53520.00,60920.00,12578.00,233102.00,852600.00,65646.00
9839,31790.00,24500.00,87203.00,53454.00,51853.00,12561.00,205249.00,793766.00,54498.00
9840,35808.00,27766.00,97921.00,52823.00,28866.00,12483.00,205248.00,802989.00,66593.00
9841,31700.00,24581.00,87363.00,53568.00,61758.00,12558.00,205615.00,789964.00,64426.00
9842,31960.00,24515.00,87188.00,53552.00,51875.00,12515.00,205274.00,793983.00,54486.00
9843,35873.00,27635.00,98525.00,52743.00,28928.00,12588.00,205265.00,793148.00,74974.00
9844,31805.00,24681.00,87315.00,53461.00,50962.00,12543.00,208424.00,787049.00,67478.00
9845,31793.00,24467.00,86795.00,53660.00,51138.00,12571.00,205248.00,793540.00,54527.00
9846,35700.00,27672.00,97869.00,52688.00,28973.00,12514.00,205259.00,793547.00,77079.00
9847,31704.00,24493.00,87661.00,53595.00,51402.00,12578.00,208346.00,787143.00,75553.00
9848,31696.00,24501.00,87165.00,53508.00,51951.00,12487.00,205238.00,819699.00,57584.00
9849,37464.00,29060.00,102405.00,55572.00,30403.00,13198.00,221835.00,863391.00,71212.00
9850,34684.00,26935.00,96140.00,61566.00,58131.00,13157.00,221390.00,824755.00,77285.00
9851,31542.00,24673.00,104288.00,58779.00,66667.00,13575.00,231998.00,807174.00,54771.00
9852,35854.00,27516.00,111935.00,67281.00,61914.00,12542.00,208369.00,787113.00,65483.00
9853,31814.00,27438.00,86440.00,53508.00,50903.00,12607.00,205536.00,793405.00,54701.00
9854,35537.00,27748.00,97479.00,52769.00,28852.00,12592.00,205535.00,793867.00,54819.00
9855,35879.00,27632.00,112756.00,74220.00,51360.00,12616.00,208436.00,788230.00,64404.00
9856,31694.00,27052.00,87354.00,53585.00,50841.00,12540.00,205256.00,793570.00,54501.00
9857,35740.00,27594.00,98378.00,52805.00,28794.00,12574.00,205290.00,793716.00,54417.00
9858,44730.00,27637.00,127383.00,73070.00,53116.00,13221.00,224732.00,787706.00,68094.00
9859,31756.00,24589.00,87777.00,53586.00,51704.00,12618.00,205111.00,793586.00,54622.00
9860,35580.00,27565.00,97466.00,52717.00,28866.00,12633.00,205063.00,793378.00,54867.00
9861,31749.00,35844.00,86807.00,53423.00,50776.00,12616.00,208338.00,787134.00,65255.00
9862,50207.00,27705.00,95729.00,58795.00,53375.00,13284.00,221674.00,870836.00,57497.00
9863,53825.00,29133.00,105699.00,57097.00,31258.00,13563.00,238377.00,793383.00,65354.00
9864,31719.00,24507.00,87274.00,56478.00,55698.00,12477.00,205512.00,791447.00,64749.00
9865,31630.00,24641.00,87241.00,53647.00,50573.00,12632.00,205292.00,793559.00,54557.00
9866,35958.00,27707.00,98628.00,65115.00,57359.00,12567.00,205258.00,791932.00,66025.00
9867,31754.00,24779.00,87104.00,56320.00,51562.00,12560.00,205266.00,789485.00,64597.00
9868,31768.00,24561.00,86512.00,53530.00,51018.00,12596.00,205458.00,793217.00,54523.00
9869,35689.00,27720.00,97531.00,65148.00,51776.00,12512.00,205270.00,793445.00,65014.00
9870,31704.00,24578.00,87469.00,56385.00,50640.00,12622.00,205495.00,789855.00,65607.00
9871,31557.00,24627.00,87019.00,53664.00,52746.00,12642.00,205259.00,794393.00,54662.00
9872,35819.00,27669.00,97986.00,65163.00,50966.00,12568.00,205050.00,793979.00,76468.00
9873,31896.00,24599.00,86975.00,56369.00,51337.00,12577.00,205245.00,789986.00,66104.00
9874,31730.00,24440.00,87216.00,53493.00,55500.00,12588.00,205320.00,836754.00,54854.00
9875,35774.00,27766.00,100200.00,74345.00,50625.00,12476.00,207936.00,878871.00,80959.00
9876,46031.00,30315.00,95928.00,58727.00,62901.00,12634.00,205287.00,820675.00,57514.00
9877,37480.00,29173.00,112273.00,52860.00,28920.00,12591.00,205328.00,793458.00,63805.00
9878,31805.00,24686.00,87589.00,53506.00,50444.00,12517.00,208447.00,787470.00,67090.00
9879,31864.00,24604.00,87643.00,53483.00,51420.00,12566.00,205215.00,793583.00,54648.00
9880,35848.00,27644.00,98644.00,52873.00,28806.00,12579.00,205243.00,793579.00,55214.00
9881,31576.00,35171.00,86978.00,53648.00,57094.00,12550.00,208621.00,787278.00,68740.00
9882,31726.00,24667.00,86800.00,53496.00,51178.00,12557.00,205322.00,793161.00,54835.00
9883,35811.00,27855.00,98215.00,52831.00,28855.00,12566.00,205281.00,793541.00,54600.00
9884,43179.00,27701.00,102397.00,67512.00,51779.00,12541.00,208381.00,787635.00,66998.00
9885,31557.00,24599.00,87044.00,53549.00,50594.00,12512.00,205254.00,793471.00,54433.00
9886,35678.00,27468.00,98330.00,52774.00,28858.00,12521.00,205266.00,793678.00,54606.00
9887,44127.00,27804.00,102578.00,70311.00,51455.00,12570.00,231253.00,870392.00,83623.00
9888,45695.00,27659.00,96169.00,66541.00,54189.00,12539.00,205237.00,793064.00,54448.00
9889,35674.00,27602.00,98700.00,65110.00,51503.00,12566.00,205495.00,792731.00,65130.00
9890,31849.00,24628.00,87417.00,56371.00,61414.00,12595.00,205255.00,790166.00,66224.00
9891,31803.00,24531.00,87059.00,53456.00,53479.00,12565.00,205301.00,793430.00,54700.00
9892,35606.00,27714.00,97732.00,65199.00,52256.00,12586.00,205497.00,792470.00,64390.00
9893,31644.00,24429.00,87091.00,56259.00,51210.00,12585.00,205263.00,789610.00,65130.00
9894,31872.00,24690.00,87067.00,53507.00,52559.00,12519.00,205250.00,793780.00,54486.00
9895,35829.00,27513.00,98362.00,65627.00,51136.00,12553.00,205260.00,793422.00,65460.00
9896,31642.00,24660.00,87169.00,56195.00,59443.00,12524.00,205607.00,789971.00,65345.00
9897,31777.00,24678.00,86723.00,53591.00,50735.00,12502.00,205249.00,793611.00,54595.00
9898,35488.00,27589.00,98218.00,64996.00,60966.00,12533.00,205244.00,792582.00,66199.00
9899,31797.00,24586.00,87247.00,56360.00,51966.00,12571.00,205268.00,812870.00,74601.00
9900,34913.00,27148.00,95286.00,58790.00,53444.00,13139.00,216058.00,895802.00,54600.00
9901,42689.00,27625.00,102165.00,72357.00,50566.00,12577.00,207823.00,787341.00,75738.00
9902,31836.00,24510.00,87334.00,53534.00,52416.00,12530.00,205249.00,793563.00,54542.00
9903,35804.00,27622.00,98242.00,52790.00,28859.00,12435.00,205224.00,793485.00,54644.00
9904,31728.00,36825.00,125102.00,73245.00,52289.00,13253.00,227902.00,801114.00,72804.00
9905,34749.00,41918.00,95718.00,58725.00,53999.00,13281.00,223824.00,793629.00,54791.00
9906,35791.00,27671.00,98342.00,54947.00,58068.00,12619.00,205424.00,795120.00,65808.00
9907,31755.00,24613.00,86621.00,56423.00,56154.00,12616.00,205258.00,790160.00,65548.00
9908,31757.00,24507.00,86897.00,53601.00,51717.00,12529.00,205247.00,793260.00,54710.00
9909,35647.00,27786.00,97364.00,54392.00,60576.00,12494.00,205323.00,796876.00,65067.00
9910,31589.00,24463.00,86675.00,56320.00,50753.00,12567.00,205278.00,790194.00,64628.00
9911,31782.00,24701.00,87562.00,53500.00,50551.00,12538.00,205266.00,793942.00,54446.00
9912,35708.00,27562.00,98199.00,53672.00,68567.00,12562.00,221477.00,871357.00,84921.00
9913,31735.00,24580.00,111590.00,58659.00,52751.00,23389.00,205489.00,793144.00,54582.00
9914,35700.00,27776.00,97372.00,52826.00,28919.00,12541.00,205459.00,831671.00,54948.00
9915,35770.00,27666.00,112102.00,68822.00,52524.00,12569.00,208557.00,786997.00,64350.00
9916,31832.00,27334.00,86615.00,53552.00,50740.00,12604.00,205446.00,793282.00,54767.00
9917,35608.00,27751.00,97832.00,52759.00,28892.00,12514.00,205558.00,793779.00,54867.00
9918,44411.00,27578.00,102373.00,67328.00,50539.00,12625.00,209137.00,788389.00,64286.00
9919,31819.00,27214.00,86705.00,53590.00,63776.00,12594.00,205264.00,793507.00,54721.00
9920,35523.00,27674.00,98193.00,52776.00,28880.00,12653.00,205302.00,793272.00,54777.00
9921,43743.00,27559.00,102561.00,67340.00,54991.00,12484.00,208338.00,787202.00,69607.00
9922,31732.00,24536.00,87157.00,53540.00,51034.00,12470.00,205290.00,793610.00,54536.00
9923,35529.00,27645.00,98120.00,52800.00,44585.00,13180.00,226670.00,793809.00,55990.00
9924,31645.00,35805.00,102610.00,67087.00,51015.00,12457.00,208322.00,818004.00,84962.00
9925,34750.00,26991.00,95898.00,75278.00,59748.00,13494.00,221908.00,869422.00,72331.00
9926,37713.00,29025.00,115221.00,65314.00,28834.00,12492.00,225675.00,804148.00,65682.00
9927,31608.00,24598.00,89080.00,53478.00,50861.00,12588.00,205236.00,792911.00,54666.00
9928,35834.00,27754.00,98047.00,52843.00,28853.00,12550.00,205300.00,793737.00,54731.00
9929,35804.00,27736.00,112858.00,66950.00,50488.00,12494.00,208359.00,958590.00,263431.00
9930,119002.00,92662.00,327767.00,214892.00,121987.00,41964.00,684846.00,1035589.00,78579.00
9931,35540.00,42788.00,97949.00,60337.00,53755.00,23649.00,241639.00,852377.00,54770.00
9932,35755.00,27541.00,98170.00,55374.00,58351.00,12743.00,205622.00,835668.00,69040.00
9933,33292.00,25659.00,111074.00,58852.00,62766.00,13288.00,223798.00,817912.00,57824.00
9934,35776.00,39075.00,98147.00,52861.00,28860.00,12602.00,205253.00,834831.00,54787.00
9935,44298.00,27497.00,106897.00,69175.00,72183.00,13245.00,219051.00,893083.00,99680.00
9936,35666.00,27800.00,107251.00,58768.00,63793.00,13203.00,216617.00,842330.00,54601.00
9937,35688.00,27801.00,117530.00,70816.00,62691.00,12557.00,230713.00,811072.00,86849.00
9938,34912.00,27002.00,95843.00,58713.00,69761.00,12612.00,205115.00,834521.00,54855.00
9939,35678.00,27759.00,97511.00,53066.00,28859.00,12592.00,205296.00,838489.00,71070.00
9940,33144.00,25815.00,91033.00,74709.00,53997.00,13331.00,215887.00,874115.00,57634.00
9941,47243.00,29037.00,98175.00,52725.00,28934.00,12525.00,205093.00,836454.00,54746.00
9942,35565.00,27564.00,116502.00,72384.00,51531.00,12543.00,230429.00,837803.00,107883.00
9943,35639.00,27563.00,98017.00,60273.00,85427.00,13252.00,216110.00,868133.00,57657.00
9944,37552.00,28918.00,122076.00,73957.00,58209.00,13231.00,238133.00,826115.00,98378.00
9945,34800.00,26779.00,95833.00,58797.00,69912.00,12540.00,205549.00,835449.00,54696.00
9946,35718.00,27559.00,97675.00,64652.00,59742.00,12569.00,205265.00,835851.00,68000.00
9947,33304.00,25715.00,112631.00,58854.00,56642.00,13246.00,215875.00,925537.00,57517.00
9948,37602.00,29028.00,102717.00,55649.00,30389.00,13300.00,216142.00,841668.00,70815.00
9949,34914.00,27049.00,102355.00,59079.00,50890.00,12718.00,205333.00,860870.00,69091.00
9950,37396.00,29045.00,112823.00,52746.00,28928.00,12553.00,205591.00,793228.00,54786.00
9951,35758.00,27605.00,112220.00,70094.00,51384.00,12559.00,207961.00,791853.00,67437.00
9952,33258.00,25765.00,93897.00,56116.00,50901.00,12661.00,232659.00,1380632.00,231249.00
9953,118863.00,92169.00,215232.00,53712.00,51249.00,12683.00,205286.00,835427.00,54928.00
9954,41410.00,27712.00,102465.00,66549.00,50219.00,12562.00,210987.00,786726.00,68753.00
9955,31810.00,24486.00,87401.00,53575.00,50458.00,12530.00,205071.00,793586.00,54576.00
9956,35745.00,27510.00,97315.00,52805.00,28936.00,12530.00,205061.00,793890.00,54615.00
9957,31696.00,36336.00,102432.00,66637.00,50882.00,12592.00,208645.00,787025.00,68073.00
9958,31756.00,24517.00,86914.00,53553.00,51738.00,12503.00,205568.00,886647.00,54599.00
9959,35841.00,27585.00,97250.00,52765.00,28943.00,12592.00,205217.00,801860.00,65468.00
9960,31765.00,24533.00,87221.00,53438.00,54482.00,12719.00,230774.00,820094.00,70930.00
9961,34786.00,26875.00,95542.00,67710.00,51979.00,12538.00,205289.00,794232.00,54483.00
9962,35747.00,27640.00,98333.00,65103.00,51048.00,12543.00,205258.00,791891.00,68561.00
9963,31671.00,24527.00,86913.00,56115.00,50990.00,12521.00,205428.00,789925.00,65326.00
9964,31907.00,24549.00,86783.00,53627.00,51311.00,12565.00,205406.00,793618.00,54589.00
9965,35680.00,27549.00,97857.00,64923.00,51372.00,12606.00,205272.00,792548.00,65402.00
9966,31744.00,24631.00,86933.00,56446.00,50782.00,12562.00,205265.00,789838.00,65602.00
9967,31688.00,24496.00,87147.00,53613.00,50075.00,12586.00,205065.00,793770.00,54567.00
9968,35769.00,27606.00,97994.00,64706.00,51031.00,12539.00,205264.00,793996.00,65312.00
9969,31713.00,24422.00,87307.00,56601.00,54055.00,12554.00,205282.00,790112.00,64366.00
9970,31656.00,24592.00,87358.00,53497.00,51531.00,12531.00,205418.00,793406.00,54805.00
9971,37580.00,44798.00,102792.00,69082.00,80399.00,13282.00,265788.00,823877.00,65440.00
9972,50857.00,24706.00,95538.00,58849.00,54434.00,13329.00,218605.00,850835.00,57637.00
9973,37581.00,29107.00,103110.00,55609.00,30529.00,13285.00,226287.00,841255.00,66286.00
9974,31687.00,24719.00,87184.00,53579.00,73504.00,13287.00,216448.00,858014.00,88523.00
9975,34716.00,26944.00,117912.00,58789.00,52223.00,13252.00,233427.00,846165.00,55822.00
9976,31710.00,34208.00,87248.00,53630.00,53408.00,12461.00,248435.00,899657.00,76807.00
9977,34772.00,26936.00,96207.00,66354.00,50797.00,12507.00,230850.00,861196.00,74263.00
9978,47768.00,29942.00,124413.00,82573.00,69138.00,16595.00,232197.00,790807.00,67754.00
9979,31983.00,24789.00,87102.00,53560.00,63526.00,12490.00,205271.00,831234.00,54701.00
9980,35712.00,27567.00,98174.00,54022.00,60752.00,12508.00,205220.00,824357.00,69568.00
9981,34780.00,26945.00,99338.00,67567.00,81284.00,13161.00,224389.00,793964.00,54728.00
9982,35656.00,27856.00,97742.00,52895.00,28925.00,12579.00,205598.00,926532.00,55569.00
9983,35557.00,27659.00,98342.00,65161.00,51333.00,12708.00,210424.00,786948.00,65896.00
9984,31578.00,24441.00,87753.00,53663.00,51122.00,12541.00,205271.00,824671.00,66133.00
9985,35823.00,27692.00,98528.00,52754.00,28878.00,12586.00,205283.00,846185.00,65323.00
9986,31828.00,24652.00,87361.00,53699.00,53480.00,12491.00,205250.00,791821.00,65432.00
9987,31841.00,24524.00,87379.00,53509.00,68775.00,12568.00,205303.00,794267.00,54469.00
9988,35865.00,27651.00,98521.00,52806.00,28857.00,12476.00,205247.00,801232.00,66718.00
9989,31532.00,24590.00,86700.00,53495.00,55443.00,12537.00,205260.00,789541.00,69801.00
9990,31830.00,24615.00,87497.00,53557.00,55986.00,12686.00,205284.00,793535.00,54383.00
9991,35810.00,27537.00,97208.00,52817.00,28875.00,12599.00,205247.00,793221.00,73799.00
9992,31850.00,24662.00,87436.00,53476.00,53143.00,15744.00,205309.00,790389.00,75874.00
9993,31514.00,24733.00,86812.00,53512.00,51149.00,12567.00,205231.00,816476.00,57303.00
9994,47577.00,29098.00,113966.00,55715.00,30443.00,13285.00,216122.00,809167.00,74684.00
9995,34948.00,40645.00,95502.00,62287.00,69562.00,13259.00,235153.00,863905.00,59249.00
9996,38564.00,29954.00,121685.00,52879.00,28950.00,12605.00,205624.00,828432.00,54710.00
9997,42130.00,27730.00,102415.00,66784.00,50313.00,12600.00,210052.00,786974.00,73898.00
9998,34878.00,42547.00,101476.00,53595.00,51638.00,12516.00,205290.00,793146.00,54579.00
9999,35582.00,27695.00,98343.00,52872.00,28926.00,12524.00,205265.00,792129.00,64732.00
10000,31883.00,24607.00,87813.00,53564.00,50475.00,12509.00,207615.00,788036.00,70607.00
